{"type":"FeatureCollection","features":[{"type":"Feature","properties":{"district":"Bagalkot"},"geometry":{"type":"Polygon","coordinates":[[[75.4297,16.7649],[75.4409,16.7577],[75.4496,16.7534],[75.4571,16.7529],[75.466,16.7533],[75.48,16.7453],[75.4941,16.7432],[75.4958,16.7377],[75.4941,16.7265],[75.4949,16.7049],[75.4928,16.6961],[75.4862,16.6914],[75.4526,16.6962],[75.4412,16.695],[75.4439,16.6836],[75.4476,16.6615],[75.4575,16.6611],[75.4585,16.6484],[75.4627,16.6307],[75.4635,16.6195],[75.4681,16.6136],[75.4789,16.6085],[75.4852,16.6042],[75.4919,16.5978],[75.4944,16.5906],[75.4941,16.5836],[75.4871,16.576],[75.4862,16.5678],[75.4809,16.5637],[75.476,16.563],[75.4759,16.5584],[75.4857,16.5553],[75.4904,16.5471],[75.49,16.5332],[75.4893,16.5293],[75.4924,16.5264],[75.4927,16.5236],[75.4939,16.5216],[75.4913,16.5186],[75.4868,16.5169],[75.4884,16.5069],[75.4778,16.5065],[75.4581,16.5035],[75.4638,16.4732],[75.462,16.4645],[75.4532,16.4533],[75.4413,16.4411],[75.4366,16.4353],[75.4366,16.4267],[75.4519,16.4111],[75.4606,16.4095],[75.4687,16.4146],[75.4797,16.413],[75.495,16.4173],[75.5009,16.4249],[75.5022,16.4309],[75.4995,16.4401],[75.5006,16.4494],[75.5233,16.4592],[75.5379,16.4624],[75.5476,16.4604],[75.5544,16.4538],[75.5543,16.4451],[75.5534,16.4407],[75.557,16.4289],[75.5583,16.4198],[75.5635,16.4116],[75.5731,16.4074],[75.5782,16.4093],[75.5814,16.4179],[75.5868,16.4272],[75.5935,16.4355],[75.6059,16.4425],[75.6113,16.4438],[75.6196,16.4429],[75.6268,16.4419],[75.6446,16.4378],[75.6535,16.4315],[75.6765,16.4188],[75.6798,16.42],[75.6849,16.416],[75.689,16.4115],[75.7095,16.3985],[75.7174,16.3919],[75.7253,16.3879],[75.7348,16.3858],[75.747,16.3845],[75.7829,16.3774],[75.7892,16.3719],[75.7947,16.3684],[75.807,16.3661],[75.8176,16.3621],[75.8263,16.357],[75.8386,16.3484],[75.8446,16.346],[75.8523,16.344],[75.8662,16.3436],[75.8742,16.3406],[75.8858,16.3285],[75.8914,16.3235],[75.9072,16.3184],[75.9153,16.3175],[75.9174,16.316],[75.9345,16.311],[75.9494,16.3005],[75.9591,16.2948],[75.9673,16.2945],[75.9801,16.2966],[75.989,16.2954],[75.994,16.2956],[75.9999,16.2987],[76.0127,16.299],[76.0227,16.2979],[76.0279,16.2956],[76.03,16.293],[76.0342,16.2846],[76.0373,16.2812],[76.0494,16.2721],[76.0566,16.2676],[76.0632,16.2612],[76.0664,16.2559],[76.0685,16.2444],[76.068,16.2384],[76.0609,16.2275],[76.0594,16.2229],[76.0593,16.2165],[76.0612,16.211],[76.0632,16.2071],[76.0663,16.2049],[76.0706,16.2029],[76.0783,16.2011],[76.0864,16.2004],[76.1089,16.1896],[76.1198,16.1868],[76.1407,16.1774],[76.1538,16.18],[76.1629,16.181],[76.1691,16.1808],[76.1922,16.1743],[76.2399,16.1622],[76.2343,16.127],[76.2463,16.1231],[76.2449,16.108],[76.2537,16.1068],[76.2541,16.0946],[76.262,16.0946],[76.2666,16.0988],[76.2697,16.1046],[76.2901,16.1012],[76.3332,16.087],[76.3282,16.073],[76.3105,16.0788],[76.304,16.0791],[76.2986,16.0804],[76.2929,16.0841],[76.26,16.0857],[76.2579,16.0788],[76.2597,16.07],[76.2821,16.0705],[76.3016,16.0693],[76.3044,16.0636],[76.3064,16.0614],[76.3036,16.0427],[76.3051,16.0211],[76.3111,16.0114],[76.312,16.0066],[76.3118,15.9972],[76.311,15.994],[76.3075,15.9934],[76.3053,15.9942],[76.296,15.9935],[76.2959,15.9885],[76.2993,15.9752],[76.3008,15.9656],[76.3104,15.9509],[76.3206,15.9493],[76.3266,15.9274],[76.3113,15.9231],[76.3094,15.9184],[76.3011,15.9186],[76.3003,15.9242],[76.2843,15.9222],[76.2832,15.9078],[76.2842,15.8979],[76.2755,15.8992],[76.2765,15.9043],[76.2712,15.9052],[76.2697,15.8996],[76.2601,15.9011],[76.2592,15.909],[76.2557,15.9098],[76.2568,15.9138],[76.2564,15.9174],[76.2303,15.9173],[76.2272,15.9359],[76.2184,15.9357],[76.2018,15.9375],[76.2016,15.9313],[76.1968,15.9304],[76.1954,15.9278],[76.1929,15.9265],[76.1727,15.9253],[76.1726,15.9195],[76.171,15.9182],[76.1636,15.9151],[76.1551,15.9081],[76.1453,15.8894],[76.1426,15.8888],[76.1345,15.8893],[76.1283,15.8878],[76.1171,15.8816],[76.1108,15.8853],[76.1053,15.8873],[76.1028,15.8913],[76.1015,15.8948],[76.077,15.8963],[76.072,15.8972],[76.0594,15.9015],[76.0645,15.9114],[76.0639,15.9161],[76.0692,15.9289],[76.0702,15.9381],[76.0728,15.9486],[76.0735,15.9591],[76.0757,15.9647],[76.0798,15.9707],[76.0809,15.9782],[76.0854,15.9892],[76.0841,15.997],[76.0815,16.0053],[76.0802,16.0069],[76.0578,16.0067],[76.0567,16.0018],[76.0522,15.999],[76.0448,16.0017],[76.0369,16.0015],[76.0298,16.0038],[76.0219,16.0046],[76.0178,15.9995],[76.0146,15.999],[75.9996,15.9999],[75.994,16.0007],[75.9906,15.997],[75.9877,15.9916],[75.9798,15.9874],[75.9771,15.9841],[75.9753,15.9787],[75.9766,15.9575],[75.976,15.9496],[75.9801,15.9496],[75.9758,15.9452],[75.9754,15.9436],[75.9766,15.9419],[75.9767,15.9339],[75.9779,15.9301],[75.9748,15.9175],[75.9773,15.8957],[75.9761,15.8939],[75.9762,15.8909],[75.9792,15.8735],[75.9789,15.869],[75.9772,15.8638],[75.975,15.8605],[75.9715,15.8574],[75.9652,15.8551],[75.964,15.8587],[75.9622,15.8605],[75.9446,15.8619],[75.9411,15.8708],[75.9292,15.8713],[75.9306,15.8813],[75.9249,15.8845],[75.9275,15.8909],[75.9193,15.9032],[75.9111,15.9124],[75.9032,15.9196],[75.9001,15.9167],[75.8922,15.9154],[75.8873,15.9172],[75.8845,15.9193],[75.8804,15.9264],[75.8775,15.9295],[75.8685,15.9302],[75.8639,15.9294],[75.8549,15.932],[75.8524,15.9325],[75.8465,15.9312],[75.8441,15.9278],[75.8401,15.9276],[75.8352,15.9215],[75.8294,15.9208],[75.8273,15.923],[75.8209,15.9229],[75.8106,15.9211],[75.8088,15.9188],[75.7881,15.9189],[75.7774,15.9144],[75.7739,15.9108],[75.7792,15.9031],[75.7775,15.9003],[75.7729,15.9],[75.7724,15.8978],[75.7809,15.8945],[75.7908,15.8939],[75.7956,15.8925],[75.804,15.8923],[75.8119,15.8903],[75.8125,15.8953],[75.8247,15.8977],[75.8286,15.8962],[75.8296,15.893],[75.8284,15.8883],[75.8291,15.8846],[75.834,15.8806],[75.8339,15.8761],[75.8315,15.8754],[75.8322,15.8713],[75.8287,15.8668],[75.8256,15.8613],[75.8323,15.8605],[75.8375,15.8609],[75.8411,15.8673],[75.8455,15.8668],[75.8482,15.8656],[75.8481,15.8637],[75.8479,15.8584],[75.8502,15.8578],[75.8469,15.8507],[75.8469,15.842],[75.8457,15.8347],[75.8328,15.8361],[75.8254,15.8384],[75.8184,15.8435],[75.8132,15.8437],[75.8082,15.8473],[75.8018,15.8474],[75.7976,15.8441],[75.7846,15.8458],[75.7786,15.8474],[75.7762,15.8428],[75.7744,15.8246],[75.778,15.8234],[75.78,15.8144],[75.7459,15.8105],[75.7381,15.8104],[75.7378,15.8143],[75.734,15.814],[75.7287,15.8154],[75.7162,15.8218],[75.7118,15.8256],[75.7019,15.8233],[75.6954,15.8229],[75.6871,15.8269],[75.6811,15.821],[75.6772,15.8206],[75.676,15.8228],[75.6769,15.8307],[75.6745,15.8321],[75.6641,15.8337],[75.6623,15.8324],[75.6619,15.8277],[75.6609,15.825],[75.6578,15.8243],[75.6493,15.828],[75.6439,15.8294],[75.6461,15.8381],[75.638,15.837],[75.6376,15.8305],[75.6342,15.8288],[75.6329,15.8313],[75.627,15.8304],[75.6214,15.8324],[75.6215,15.8193],[75.618,15.8187],[75.618,15.8207],[75.6012,15.8247],[75.5936,15.8278],[75.5886,15.8308],[75.5862,15.8303],[75.5816,15.825],[75.5773,15.8222],[75.5767,15.8252],[75.5772,15.8273],[75.5712,15.8283],[75.5656,15.8282],[75.5598,15.8246],[75.5569,15.8219],[75.5541,15.8241],[75.5554,15.8266],[75.5581,15.829],[75.5483,15.8318],[75.5477,15.8308],[75.5409,15.8296],[75.5399,15.8314],[75.5318,15.8324],[75.533,15.8348],[75.5326,15.837],[75.5306,15.8395],[75.5266,15.8383],[75.5231,15.8391],[75.522,15.8426],[75.5199,15.8448],[75.5161,15.8465],[75.5187,15.8496],[75.5233,15.8493],[75.5243,15.8523],[75.5225,15.8547],[75.5169,15.8557],[75.5113,15.8557],[75.5095,15.8532],[75.5058,15.8529],[75.5048,15.8545],[75.5071,15.8602],[75.502,15.867],[75.4964,15.8712],[75.489,15.8744],[75.4849,15.8748],[75.4826,15.8741],[75.4779,15.8698],[75.4743,15.874],[75.471,15.8732],[75.4697,15.8736],[75.47,15.8769],[75.4684,15.8783],[75.4657,15.8771],[75.4616,15.8792],[75.4624,15.8842],[75.457,15.8838],[75.4471,15.8857],[75.4493,15.8909],[75.4483,15.8924],[75.4405,15.8912],[75.443,15.9154],[75.4273,15.9185],[75.4318,15.9296],[75.4329,15.9363],[75.4329,15.9413],[75.4356,15.9419],[75.4415,15.9566],[75.4421,15.9629],[75.4364,15.9675],[75.4361,15.9706],[75.4395,15.9834],[75.4414,15.9978],[75.4354,16.004],[75.4293,16.0075],[75.4258,16.0205],[75.4246,16.0295],[75.4186,16.0303],[75.4177,16.0427],[75.4181,16.0493],[75.4208,16.0516],[75.4297,16.0554],[75.4323,16.0783],[75.4294,16.0897],[75.4272,16.0898],[75.4269,16.0943],[75.4221,16.0976],[75.4202,16.0999],[75.4175,16.1064],[75.4129,16.1275],[75.4099,16.126],[75.4068,16.1155],[75.4034,16.1107],[75.3957,16.11],[75.3819,16.111],[75.3594,16.1114],[75.3556,16.1145],[75.3552,16.1245],[75.3481,16.1211],[75.3422,16.1198],[75.3308,16.1128],[75.3265,16.1109],[75.3109,16.1121],[75.292,16.1154],[75.2783,16.1158],[75.2829,16.1295],[75.2844,16.137],[75.2876,16.1454],[75.2935,16.1673],[75.2871,16.1735],[75.2896,16.1835],[75.2891,16.1984],[75.2833,16.1963],[75.2807,16.1979],[75.2765,16.2026],[75.2695,16.2065],[75.2615,16.2057],[75.2534,16.2038],[75.2469,16.2039],[75.2413,16.2045],[75.2346,16.208],[75.2361,16.2125],[75.2317,16.222],[75.2325,16.2271],[75.2303,16.2321],[75.2317,16.2351],[75.2342,16.2383],[75.2345,16.2419],[75.2383,16.2468],[75.2334,16.2486],[75.2345,16.2574],[75.2305,16.259],[75.2192,16.2661],[75.2015,16.2718],[75.1828,16.2736],[75.1724,16.2753],[75.169,16.2773],[75.1497,16.2809],[75.1296,16.2857],[75.1315,16.2894],[75.1307,16.2929],[75.1329,16.3016],[75.1392,16.3204],[75.137,16.3244],[75.1329,16.3259],[75.1296,16.3268],[75.1239,16.3267],[75.1196,16.3251],[75.1162,16.3225],[75.1088,16.3249],[75.1047,16.3211],[75.0916,16.3223],[75.0872,16.3272],[75.084,16.3265],[75.0744,16.3284],[75.0702,16.3229],[75.0629,16.3255],[75.0579,16.3243],[75.0508,16.3204],[75.0472,16.315],[75.0454,16.3169],[75.0371,16.3352],[75.0373,16.3405],[75.0351,16.3637],[75.036,16.3771],[75.0375,16.3844],[75.0414,16.3912],[75.0516,16.3919],[75.0524,16.3959],[75.0737,16.3998],[75.0761,16.401],[75.0777,16.4085],[75.08,16.4204],[75.0807,16.4338],[75.0469,16.4335],[75.0314,16.4302],[75.0281,16.4306],[75.0277,16.4363],[75.0219,16.4371],[75.0201,16.4462],[75.0203,16.4546],[75.0088,16.4559],[75.0036,16.4536],[75.0012,16.4541],[74.9993,16.4562],[75.0006,16.4584],[75.0004,16.4636],[74.9967,16.4634],[74.9966,16.4683],[74.9984,16.4798],[74.9966,16.506],[75.0006,16.5136],[75.0005,16.5194],[75.0036,16.5258],[75.0103,16.5322],[75.0116,16.5361],[75.0297,16.537],[75.0459,16.5362],[75.0689,16.5383],[75.0737,16.566],[75.086,16.5596],[75.0899,16.5552],[75.0935,16.5441],[75.0953,16.5356],[75.1049,16.5238],[75.1115,16.5071],[75.1188,16.5044],[75.1271,16.5071],[75.1322,16.513],[75.135,16.5184],[75.141,16.5233],[75.1548,16.5255],[75.1613,16.5277],[75.165,16.5326],[75.1682,16.5415],[75.1693,16.5485],[75.1626,16.5611],[75.1605,16.5703],[75.1608,16.5834],[75.1657,16.5928],[75.1728,16.5993],[75.1964,16.6079],[75.2095,16.6121],[75.2186,16.6141],[75.2316,16.6149],[75.2473,16.6066],[75.2587,16.6028],[75.2602,16.6073],[75.2601,16.6151],[75.2655,16.6172],[75.268,16.6254],[75.2697,16.6341],[75.2663,16.6765],[75.2683,16.6857],[75.2715,16.691],[75.2909,16.7098],[75.2931,16.7111],[75.3074,16.7131],[75.32,16.7136],[75.3311,16.7122],[75.3564,16.7115],[75.3659,16.712],[75.3673,16.7198],[75.3661,16.7306],[75.3699,16.7563],[75.39,16.7601],[75.3955,16.7594],[75.4014,16.7597],[75.4221,16.7656],[75.4297,16.7649]]]}},{"type":"Feature","properties":{"district":"Bangalore Rural"},"geometry":{"type":"Polygon","coordinates":[[[77.3794,13.4924],[77.3933,13.4864],[77.4023,13.4893],[77.4046,13.489],[77.4076,13.4871],[77.41,13.4837],[77.4121,13.4787],[77.4181,13.4774],[77.419,13.4645],[77.4271,13.4615],[77.4296,13.4562],[77.4379,13.4543],[77.4489,13.4565],[77.4518,13.46],[77.4556,13.4568],[77.4645,13.4608],[77.4791,13.4586],[77.4841,13.4531],[77.4913,13.4495],[77.4977,13.4485],[77.5003,13.4397],[77.5065,13.4355],[77.5095,13.4343],[77.5149,13.4253],[77.521,13.4229],[77.5283,13.4231],[77.5308,13.4273],[77.542,13.4266],[77.5447,13.4216],[77.5473,13.4092],[77.563,13.4101],[77.5838,13.4127],[77.5836,13.4184],[77.5846,13.4269],[77.592,13.4286],[77.5956,13.4327],[77.6029,13.4166],[77.6068,13.4123],[77.6052,13.4072],[77.599,13.4058],[77.5929,13.4062],[77.5927,13.3988],[77.5943,13.3884],[77.5982,13.3879],[77.6001,13.3957],[77.6052,13.3936],[77.6102,13.3931],[77.6072,13.3771],[77.6122,13.3752],[77.6139,13.3734],[77.6149,13.3671],[77.6261,13.3665],[77.6324,13.3843],[77.6372,13.3839],[77.6439,13.3845],[77.646,13.3889],[77.6507,13.3886],[77.6471,13.3775],[77.6512,13.3756],[77.6547,13.3703],[77.6543,13.3669],[77.6511,13.3622],[77.6499,13.3575],[77.6499,13.3532],[77.6514,13.347],[77.6562,13.3443],[77.6612,13.339],[77.6725,13.3365],[77.6777,13.343],[77.6821,13.3384],[77.686,13.332],[77.691,13.3268],[77.6965,13.3325],[77.6977,13.3359],[77.6956,13.3392],[77.6943,13.3452],[77.6945,13.3503],[77.7017,13.3533],[77.7072,13.3566],[77.711,13.351],[77.7111,13.3422],[77.7225,13.3436],[77.7234,13.3502],[77.7294,13.3513],[77.7345,13.3486],[77.7374,13.3456],[77.7398,13.3495],[77.7426,13.3497],[77.7457,13.3529],[77.7529,13.3515],[77.7619,13.3468],[77.776,13.3428],[77.7836,13.3424],[77.7872,13.3357],[77.7917,13.3298],[77.801,13.3294],[77.8056,13.3234],[77.8125,13.3197],[77.8194,13.3171],[77.8167,13.3112],[77.8113,13.3043],[77.8109,13.3017],[77.805,13.3017],[77.8045,13.3003],[77.807,13.2965],[77.8113,13.2949],[77.8194,13.2946],[77.8218,13.2888],[77.822,13.2821],[77.8154,13.2807],[77.8142,13.2869],[77.81,13.2857],[77.8069,13.2734],[77.8047,13.2675],[77.8048,13.2636],[77.8021,13.2526],[77.8128,13.2491],[77.8122,13.2449],[77.8085,13.2444],[77.8011,13.2319],[77.8046,13.2299],[77.8133,13.2412],[77.8253,13.2369],[77.8423,13.2313],[77.8407,13.2115],[77.8467,13.2091],[77.8547,13.2301],[77.8631,13.2235],[77.8677,13.2234],[77.871,13.229],[77.8662,13.2318],[77.8714,13.2401],[77.8766,13.2409],[77.8828,13.2462],[77.8902,13.2463],[77.8953,13.2441],[77.8973,13.24],[77.8953,13.2324],[77.8863,13.2276],[77.8831,13.2242],[77.8927,13.2233],[77.9026,13.2197],[77.9066,13.2286],[77.9179,13.2295],[77.9207,13.2278],[77.9251,13.2328],[77.9369,13.2318],[77.9409,13.238],[77.9569,13.2344],[77.9552,13.2212],[77.9399,13.2097],[77.9368,13.2055],[77.9397,13.2034],[77.9444,13.2075],[77.9486,13.2084],[77.9472,13.1997],[77.9472,13.1921],[77.9519,13.1854],[77.9534,13.1768],[77.9496,13.1698],[77.9479,13.1641],[77.9471,13.1557],[77.9452,13.1507],[77.9491,13.1481],[77.9491,13.1372],[77.947,13.1286],[77.9484,13.1208],[77.9479,13.1154],[77.9401,13.1158],[77.9352,13.1128],[77.9303,13.1133],[77.9286,13.1071],[77.9285,13.0976],[77.9193,13.0994],[77.9153,13.1027],[77.9142,13.1061],[77.9062,13.1074],[77.9051,13.1],[77.8931,13.09],[77.9027,13.0846],[77.9067,13.0751],[77.9046,13.0714],[77.9089,13.0696],[77.9157,13.0708],[77.9176,13.0659],[77.9221,13.0643],[77.9267,13.0665],[77.932,13.0736],[77.9324,13.0674],[77.9311,13.0593],[77.9256,13.0582],[77.9191,13.0583],[77.9066,13.0391],[77.896,13.0395],[77.8906,13.0409],[77.8876,13.0433],[77.884,13.039],[77.8868,13.0372],[77.8832,13.0354],[77.8804,13.0257],[77.8852,13.0243],[77.8811,13.0161],[77.8796,13.0097],[77.8786,13.0006],[77.8741,12.9953],[77.868,12.9911],[77.8677,12.9911],[77.8633,12.9764],[77.8619,12.9672],[77.8635,12.9642],[77.8552,12.9628],[77.8565,12.9551],[77.8584,12.9525],[77.8625,12.95],[77.8581,12.9412],[77.8602,12.938],[77.8658,12.9334],[77.8597,12.9231],[77.8513,12.9241],[77.8479,12.9221],[77.8453,12.9218],[77.842,12.9199],[77.8383,12.9155],[77.8328,12.9142],[77.8317,12.9102],[77.8337,12.9044],[77.8501,12.9053],[77.8543,12.9036],[77.845,12.8832],[77.8459,12.8778],[77.8457,12.8702],[77.8472,12.8674],[77.8581,12.8666],[77.8588,12.8576],[77.8545,12.8567],[77.8494,12.8579],[77.8441,12.8559],[77.8396,12.8559],[77.8364,12.8576],[77.8309,12.8579],[77.8256,12.859],[77.8209,12.8688],[77.8222,12.8722],[77.8215,12.8772],[77.8182,12.8807],[77.8179,12.8869],[77.8147,12.8929],[77.8138,12.8978],[77.8112,12.9021],[77.8088,12.9037],[77.8086,12.9074],[77.8057,12.9118],[77.806,12.9188],[77.8011,12.9198],[77.798,12.9107],[77.7917,12.9098],[77.7861,12.9145],[77.7738,12.9167],[77.769,12.9192],[77.77,12.9257],[77.7655,12.928],[77.7576,12.9288],[77.7572,12.9336],[77.7648,12.9395],[77.7586,12.951],[77.7621,12.9529],[77.7657,12.9528],[77.77,12.9548],[77.7767,12.9559],[77.7739,12.9614],[77.7697,12.9608],[77.7681,12.963],[77.771,12.9671],[77.7663,12.9677],[77.7677,12.9733],[77.7687,12.9829],[77.7687,12.9914],[77.7689,12.9914],[77.7706,12.9962],[77.7691,13.0045],[77.7706,13.0102],[77.7758,13.0154],[77.7764,13.0189],[77.7755,13.0275],[77.7737,13.037],[77.7646,13.0379],[77.7612,13.0413],[77.755,13.0565],[77.753,13.0662],[77.7581,13.0737],[77.7586,13.0789],[77.7527,13.1035],[77.7254,13.1056],[77.7323,13.1132],[77.729,13.119],[77.7282,13.1234],[77.7302,13.1307],[77.7256,13.1343],[77.7228,13.1386],[77.7213,13.145],[77.722,13.1489],[77.7202,13.1507],[77.7222,13.1576],[77.7189,13.1622],[77.7218,13.1679],[77.7226,13.174],[77.7202,13.1791],[77.7126,13.1816],[77.7061,13.182],[77.6927,13.1782],[77.6876,13.18],[77.6858,13.1875],[77.6817,13.1892],[77.6805,13.1835],[77.6754,13.182],[77.6681,13.1822],[77.6648,13.1781],[77.6599,13.1763],[77.6497,13.1776],[77.6461,13.1792],[77.6449,13.1922],[77.6116,13.1964],[77.6082,13.1963],[77.6071,13.1932],[77.5986,13.1928],[77.5954,13.1866],[77.5938,13.1811],[77.5902,13.1806],[77.5717,13.1879],[77.567,13.1887],[77.5619,13.1926],[77.5611,13.2002],[77.5615,13.2046],[77.5488,13.206],[77.5489,13.2134],[77.5508,13.2233],[77.5391,13.2232],[77.5322,13.2163],[77.5282,13.2105],[77.5199,13.2101],[77.5133,13.201],[77.508,13.2117],[77.504,13.2158],[77.4962,13.216],[77.4788,13.2143],[77.4715,13.2129],[77.4665,13.2061],[77.4653,13.1982],[77.4675,13.1963],[77.4685,13.1869],[77.4666,13.1785],[77.4598,13.1637],[77.46,13.1543],[77.4535,13.1516],[77.4435,13.1532],[77.437,13.1559],[77.4313,13.1565],[77.4215,13.1555],[77.4092,13.1392],[77.4017,13.1161],[77.3977,13.1162],[77.3966,13.1049],[77.4037,13.1015],[77.4113,13.0964],[77.413,13.0878],[77.413,13.0779],[77.4183,13.078],[77.4219,13.0597],[77.408,13.0605],[77.394,13.0624],[77.3767,13.0566],[77.3757,13.0496],[77.379,13.0431],[77.3813,13.0413],[77.3843,13.0468],[77.3903,13.0459],[77.3873,13.033],[77.3855,13.0202],[77.3704,13.0211],[77.3714,13.0107],[77.369,13.0087],[77.3651,13.0075],[77.3661,13.002],[77.3698,12.9973],[77.3713,12.9923],[77.3717,12.9859],[77.3686,12.9826],[77.3559,12.9775],[77.3531,12.9755],[77.3499,12.9713],[77.3487,12.9672],[77.3472,12.9656],[77.3371,12.9619],[77.3338,12.9622],[77.3319,12.968],[77.327,12.9683],[77.3222,12.9659],[77.325,12.9389],[77.3288,12.9367],[77.3307,12.9336],[77.3372,12.9332],[77.3365,12.929],[77.3304,12.9258],[77.3305,12.9203],[77.3341,12.92],[77.3337,12.9056],[77.3293,12.9007],[77.3358,12.8816],[77.3398,12.8722],[77.3403,12.8594],[77.3464,12.8615],[77.3583,12.8626],[77.3604,12.8552],[77.3671,12.8465],[77.3696,12.8452],[77.3723,12.8461],[77.3739,12.8484],[77.3762,12.848],[77.3858,12.8535],[77.3887,12.8609],[77.3942,12.8555],[77.3967,12.863],[77.4001,12.8658],[77.4043,12.8675],[77.4073,12.8663],[77.409,12.8625],[77.411,12.8622],[77.4127,12.8638],[77.4182,12.8648],[77.4221,12.8687],[77.4227,12.8626],[77.413,12.8601],[77.4141,12.8566],[77.4207,12.8464],[77.4246,12.843],[77.4301,12.8413],[77.4296,12.8311],[77.4235,12.8301],[77.4175,12.8265],[77.4136,12.822],[77.4147,12.8175],[77.4187,12.8147],[77.429,12.8145],[77.425,12.808],[77.4287,12.8073],[77.4298,12.8033],[77.4327,12.8004],[77.4362,12.7989],[77.4407,12.8057],[77.4447,12.8097],[77.4541,12.8019],[77.4576,12.8004],[77.4639,12.8004],[77.473,12.7992],[77.4713,12.797],[77.4734,12.7947],[77.4767,12.7928],[77.4765,12.7905],[77.4649,12.7866],[77.4629,12.7843],[77.4631,12.7808],[77.4692,12.7736],[77.4698,12.7704],[77.4684,12.764],[77.4659,12.7576],[77.4685,12.7507],[77.4685,12.7454],[77.4812,12.7343],[77.4975,12.7269],[77.507,12.736],[77.5117,12.7351],[77.5117,12.7259],[77.5124,12.7234],[77.5148,12.7239],[77.517,12.727],[77.5185,12.733],[77.53,12.7459],[77.5347,12.7434],[77.536,12.7444],[77.5352,12.7547],[77.5433,12.7647],[77.5353,12.767],[77.542,12.7775],[77.5385,12.783],[77.5329,12.7899],[77.5408,12.7909],[77.5499,12.791],[77.5459,12.7797],[77.5498,12.7795],[77.5548,12.777],[77.5483,12.7713],[77.5544,12.7548],[77.5593,12.7501],[77.5635,12.7538],[77.5651,12.7601],[77.5644,12.7708],[77.5736,12.7778],[77.5852,12.7734],[77.5855,12.7685],[77.5906,12.7575],[77.5888,12.7473],[77.5838,12.743],[77.5795,12.7405],[77.5735,12.7441],[77.5683,12.7429],[77.561,12.7273],[77.5647,12.7245],[77.5636,12.7228],[77.5561,12.7231],[77.55,12.7215],[77.55,12.7129],[77.5519,12.7038],[77.5549,12.6962],[77.561,12.69],[77.5644,12.691],[77.58,12.7047],[77.5877,12.71],[77.5941,12.7068],[77.5991,12.7029],[77.6064,12.6994],[77.6086,12.6968],[77.6059,12.6917],[77.5961,12.6802],[77.5951,12.6742],[77.5922,12.666],[77.5855,12.6555],[77.5893,12.6483],[77.588,12.6427],[77.5894,12.6366],[77.5917,12.6328],[77.5955,12.6304],[77.5948,12.6271],[77.5978,12.621],[77.5935,12.6166],[77.5854,12.6119],[77.5821,12.6051],[77.5815,12.5842],[77.5742,12.5672],[77.5712,12.5635],[77.5701,12.5579],[77.5724,12.5404],[77.5764,12.5368],[77.5776,12.5235],[77.5798,12.5115],[77.5785,12.507],[77.5952,12.5037],[77.6052,12.5033],[77.6064,12.4998],[77.6047,12.4949],[77.6018,12.4917],[77.5825,12.4763],[77.5754,12.4684],[77.5966,12.4646],[77.6108,12.478],[77.6173,12.4855],[77.6252,12.4773],[77.6217,12.4544],[77.6182,12.4431],[77.6201,12.4381],[77.6169,12.4246],[77.6171,12.4187],[77.6207,12.4138],[77.6201,12.4085],[77.6158,12.4049],[77.6133,12.3978],[77.6109,12.3856],[77.6099,12.3736],[77.6075,12.3677],[77.6063,12.3603],[77.6038,12.3538],[77.6002,12.3512],[77.5912,12.3492],[77.5862,12.3363],[77.5753,12.3263],[77.5686,12.3242],[77.566,12.3167],[77.5561,12.2972],[77.5452,12.2927],[77.5427,12.2837],[77.5395,12.2824],[77.5235,12.281],[77.5183,12.2695],[77.5021,12.2663],[77.498,12.2684],[77.4932,12.2728],[77.4906,12.2731],[77.4842,12.2698],[77.4784,12.2697],[77.4752,12.266],[77.4702,12.2619],[77.4672,12.2532],[77.4667,12.2485],[77.4635,12.244],[77.463,12.2358],[77.4538,12.239],[77.4412,12.2398],[77.4388,12.2416],[77.4335,12.2576],[77.43,12.2658],[77.426,12.2731],[77.4204,12.2779],[77.4111,12.2789],[77.4058,12.2771],[77.3982,12.2723],[77.389,12.2697],[77.3692,12.271],[77.3599,12.2722],[77.3544,12.2738],[77.3438,12.2698],[77.3373,12.2702],[77.331,12.2743],[77.3267,12.2808],[77.3238,12.2884],[77.3207,12.294],[77.3177,12.2974],[77.3133,12.2986],[77.3138,12.3058],[77.3139,12.3082],[77.3158,12.3176],[77.3242,12.3446],[77.3192,12.3571],[77.3117,12.3711],[77.3089,12.3764],[77.3052,12.3815],[77.2851,12.3823],[77.2781,12.3835],[77.2753,12.3954],[77.2727,12.3959],[77.2726,12.398],[77.2747,12.3989],[77.2736,12.4098],[77.2734,12.4116],[77.2767,12.4134],[77.2755,12.4196],[77.2716,12.4199],[77.2667,12.4219],[77.2619,12.4263],[77.2661,12.4309],[77.2643,12.4367],[77.2604,12.4567],[77.2576,12.455],[77.2554,12.4537],[77.2502,12.4537],[77.2481,12.4568],[77.2468,12.4609],[77.236,12.4583],[77.2347,12.4607],[77.2292,12.461],[77.2281,12.4625],[77.2255,12.4637],[77.2252,12.4658],[77.2275,12.467],[77.2258,12.4696],[77.2259,12.4735],[77.2224,12.4737],[77.2192,12.4665],[77.2176,12.4669],[77.2173,12.474],[77.2185,12.4797],[77.226,12.4779],[77.2303,12.4791],[77.2315,12.4842],[77.2306,12.4909],[77.2161,12.4915],[77.2151,12.4875],[77.2139,12.4826],[77.2085,12.4824],[77.2054,12.4778],[77.2014,12.4766],[77.1976,12.476],[77.1958,12.4798],[77.1919,12.4799],[77.1903,12.4749],[77.187,12.4752],[77.1867,12.4752],[77.1857,12.474],[77.1794,12.4736],[77.1696,12.4703],[77.166,12.4743],[77.1604,12.4754],[77.1579,12.4741],[77.1578,12.467],[77.1496,12.4666],[77.1479,12.4619],[77.139,12.4536],[77.1324,12.4542],[77.1286,12.4596],[77.1262,12.462],[77.1248,12.4686],[77.1216,12.4711],[77.1177,12.4725],[77.1156,12.477],[77.1181,12.4803],[77.1245,12.4929],[77.1229,12.4983],[77.122,12.5098],[77.118,12.512],[77.1169,12.522],[77.1121,12.5311],[77.1065,12.5345],[77.1074,12.5403],[77.1066,12.5451],[77.1139,12.5456],[77.1206,12.5436],[77.1217,12.5521],[77.1206,12.5583],[77.1219,12.5598],[77.1105,12.5716],[77.1058,12.5872],[77.1025,12.5883],[77.1003,12.5933],[77.1036,12.6074],[77.1158,12.6117],[77.1158,12.6148],[77.1082,12.6201],[77.0972,12.617],[77.0959,12.6204],[77.0937,12.6209],[77.0921,12.633],[77.0919,12.6591],[77.0903,12.6671],[77.0845,12.6666],[77.0757,12.6682],[77.0686,12.6706],[77.0666,12.6747],[77.0652,12.6846],[77.0659,12.6934],[77.0675,12.7004],[77.0698,12.7049],[77.0707,12.7116],[77.0729,12.7164],[77.074,12.7259],[77.0775,12.7324],[77.0732,12.7384],[77.0742,12.7483],[77.0763,12.749],[77.0792,12.7467],[77.0812,12.7435],[77.0863,12.7446],[77.0855,12.7486],[77.0873,12.7569],[77.0897,12.7603],[77.0923,12.7665],[77.0954,12.767],[77.0998,12.7694],[77.1032,12.767],[77.1068,12.7673],[77.1128,12.7639],[77.1219,12.7679],[77.1289,12.7724],[77.1365,12.7723],[77.1414,12.7752],[77.1438,12.7842],[77.1392,12.7898],[77.1331,12.8007],[77.149,12.8172],[77.1424,12.8248],[77.1415,12.8308],[77.1425,12.8392],[77.1331,12.8429],[77.1288,12.846],[77.1282,12.8495],[77.127,12.8508],[77.1254,12.8504],[77.1271,12.8657],[77.1267,12.8697],[77.1236,12.8698],[77.1238,12.8749],[77.1254,12.8794],[77.1131,12.8776],[77.1078,12.8799],[77.1039,12.8831],[77.1072,12.8864],[77.1135,12.8894],[77.1184,12.8899],[77.1208,12.8934],[77.1281,12.8902],[77.1303,12.8912],[77.1332,12.9044],[77.1359,12.9076],[77.1425,12.9071],[77.1522,12.9039],[77.1608,12.9219],[77.1573,12.9241],[77.1561,12.9263],[77.1542,12.9272],[77.154,12.9309],[77.1518,12.9335],[77.1529,12.9388],[77.1526,12.9483],[77.149,12.9507],[77.1384,12.9544],[77.1314,12.9594],[77.1258,12.9662],[77.1246,12.9713],[77.1263,12.9721],[77.1266,12.9766],[77.1355,12.976],[77.1392,12.9804],[77.1371,12.9811],[77.1299,12.9878],[77.1316,12.992],[77.1311,12.9926],[77.1309,12.9926],[77.1289,12.9959],[77.1255,12.9982],[77.119,12.9982],[77.119,12.9962],[77.1208,12.9926],[77.1211,12.9926],[77.124,12.991],[77.1228,12.9862],[77.1129,12.9856],[77.1099,12.9869],[77.1075,12.9858],[77.1018,12.9867],[77.0995,12.9849],[77.0917,12.9901],[77.0935,12.993],[77.0932,12.993],[77.0957,12.9964],[77.1043,13.0006],[77.11,13.0026],[77.1108,13.0059],[77.1068,13.0087],[77.1032,13.013],[77.0985,13.0153],[77.0893,13.0171],[77.0881,13.0197],[77.0822,13.0247],[77.0753,13.0289],[77.0683,13.0295],[77.0655,13.0382],[77.067,13.0433],[77.0709,13.0499],[77.0695,13.0541],[77.0669,13.0575],[77.0641,13.0594],[77.0673,13.0625],[77.0739,13.0712],[77.0763,13.0792],[77.0689,13.0985],[77.0649,13.106],[77.0657,13.1167],[77.0697,13.1213],[77.0748,13.1243],[77.0791,13.1259],[77.0864,13.1265],[77.0899,13.1356],[77.0988,13.1334],[77.101,13.1301],[77.1004,13.1237],[77.1095,13.1215],[77.1106,13.1273],[77.1084,13.1303],[77.1096,13.135],[77.1128,13.1371],[77.1137,13.1536],[77.1184,13.1559],[77.1243,13.1569],[77.1325,13.1668],[77.1374,13.1631],[77.142,13.1659],[77.1494,13.1837],[77.1593,13.1871],[77.1622,13.1754],[77.1702,13.1775],[77.1768,13.177],[77.1907,13.1727],[77.197,13.1762],[77.2006,13.1803],[77.2002,13.1857],[77.1955,13.1852],[77.191,13.1976],[77.1872,13.2024],[77.1862,13.2132],[77.1826,13.2163],[77.1753,13.2196],[77.1786,13.2256],[77.183,13.2305],[77.1845,13.2339],[77.1825,13.2411],[77.1796,13.2477],[77.1817,13.2642],[77.187,13.2633],[77.1916,13.2591],[77.2019,13.2543],[77.212,13.2554],[77.2157,13.2607],[77.2143,13.2763],[77.2158,13.287],[77.2235,13.3032],[77.2351,13.2997],[77.2367,13.2949],[77.2389,13.2947],[77.2463,13.2954],[77.2488,13.301],[77.2639,13.3026],[77.2645,13.299],[77.2691,13.2907],[77.2759,13.2898],[77.275,13.3021],[77.3009,13.3029],[77.3029,13.3044],[77.304,13.307],[77.304,13.3121],[77.3054,13.3146],[77.3225,13.3215],[77.332,13.3219],[77.3374,13.3322],[77.3391,13.3384],[77.3365,13.3472],[77.3386,13.3678],[77.336,13.3707],[77.3418,13.4097],[77.346,13.4107],[77.3528,13.4089],[77.3568,13.4119],[77.3576,13.4179],[77.3563,13.4274],[77.3485,13.4343],[77.3451,13.4391],[77.3429,13.4451],[77.3466,13.4519],[77.3523,13.4556],[77.3597,13.4584],[77.3621,13.4619],[77.3666,13.463],[77.3667,13.4672],[77.3656,13.472],[77.3671,13.4745],[77.3698,13.4765],[77.3741,13.4844],[77.3794,13.4924]]]}},{"type":"Feature","properties":{"district":"Bangalore Urban"},"geometry":{"type":"Polygon","coordinates":[[[77.5615,13.2046],[77.5611,13.2002],[77.5619,13.1926],[77.567,13.1887],[77.5717,13.1879],[77.5902,13.1806],[77.5938,13.1811],[77.5954,13.1866],[77.5986,13.1928],[77.6071,13.1932],[77.6082,13.1963],[77.6116,13.1964],[77.6449,13.1922],[77.6461,13.1792],[77.6497,13.1776],[77.6599,13.1763],[77.6648,13.1781],[77.6681,13.1822],[77.6754,13.182],[77.6805,13.1835],[77.6817,13.1892],[77.6858,13.1875],[77.6876,13.18],[77.6927,13.1782],[77.7061,13.182],[77.7126,13.1816],[77.7202,13.1791],[77.7226,13.174],[77.7218,13.1679],[77.7189,13.1622],[77.7222,13.1576],[77.7202,13.1507],[77.722,13.1489],[77.7213,13.145],[77.7228,13.1386],[77.7256,13.1343],[77.7302,13.1307],[77.7282,13.1234],[77.729,13.119],[77.7323,13.1132],[77.7254,13.1056],[77.7527,13.1035],[77.7586,13.0789],[77.7581,13.0737],[77.753,13.0662],[77.755,13.0565],[77.7612,13.0413],[77.7646,13.0379],[77.7737,13.037],[77.7755,13.0275],[77.7764,13.0189],[77.7758,13.0154],[77.7706,13.0102],[77.7691,13.0045],[77.7706,12.9962],[77.7689,12.9914],[77.7687,12.9914],[77.7687,12.9829],[77.7677,12.9733],[77.7663,12.9677],[77.771,12.9671],[77.7681,12.963],[77.7697,12.9608],[77.7739,12.9614],[77.7767,12.9559],[77.77,12.9548],[77.7657,12.9528],[77.7621,12.9529],[77.7586,12.951],[77.7648,12.9395],[77.7572,12.9336],[77.7576,12.9288],[77.7655,12.928],[77.77,12.9257],[77.769,12.9192],[77.7738,12.9167],[77.7861,12.9145],[77.7917,12.9098],[77.798,12.9107],[77.8011,12.9198],[77.806,12.9188],[77.8057,12.9118],[77.8086,12.9074],[77.8088,12.9037],[77.8112,12.9021],[77.8138,12.8978],[77.8147,12.8929],[77.8179,12.8869],[77.8182,12.8807],[77.8215,12.8772],[77.8222,12.8722],[77.8209,12.8688],[77.8256,12.859],[77.8222,12.8546],[77.8221,12.8498],[77.817,12.849],[77.8136,12.844],[77.809,12.8427],[77.8049,12.8428],[77.7998,12.8378],[77.792,12.8398],[77.7895,12.8388],[77.7886,12.8354],[77.7849,12.8338],[77.7836,12.8283],[77.788,12.8236],[77.7923,12.8214],[77.801,12.8208],[77.7987,12.8118],[77.8007,12.8056],[77.7988,12.8049],[77.7944,12.8058],[77.7914,12.7963],[77.7965,12.7896],[77.7995,12.7869],[77.7979,12.7829],[77.7935,12.7839],[77.7879,12.7813],[77.783,12.7761],[77.7815,12.771],[77.7716,12.7598],[77.7716,12.7548],[77.7738,12.7511],[77.7783,12.7479],[77.785,12.7451],[77.7829,12.7388],[77.7781,12.7337],[77.767,12.7296],[77.7584,12.7293],[77.7531,12.7251],[77.7517,12.7184],[77.7556,12.7156],[77.763,12.7145],[77.7615,12.7077],[77.7573,12.704],[77.756,12.6971],[77.7502,12.6872],[77.7471,12.6866],[77.74,12.6886],[77.7336,12.6915],[77.7273,12.6829],[77.7309,12.678],[77.7332,12.6719],[77.7314,12.664],[77.7232,12.6632],[77.7184,12.662],[77.7153,12.663],[77.7141,12.6654],[77.7141,12.6703],[77.7038,12.6737],[77.7018,12.6582],[77.6955,12.6512],[77.6875,12.6519],[77.6784,12.649],[77.6733,12.6504],[77.6678,12.6506],[77.6674,12.6528],[77.6693,12.6619],[77.6659,12.6644],[77.6703,12.6712],[77.6543,12.6742],[77.6388,12.6701],[77.6329,12.6701],[77.6094,12.6634],[77.5978,12.659],[77.5903,12.6575],[77.5893,12.6483],[77.5855,12.6555],[77.5922,12.666],[77.5951,12.6742],[77.5961,12.6802],[77.6059,12.6917],[77.6086,12.6968],[77.6064,12.6994],[77.5991,12.7029],[77.5941,12.7068],[77.5877,12.71],[77.58,12.7047],[77.5644,12.691],[77.561,12.69],[77.5549,12.6962],[77.5519,12.7038],[77.55,12.7129],[77.55,12.7215],[77.5561,12.7231],[77.5636,12.7228],[77.5647,12.7245],[77.561,12.7273],[77.5683,12.7429],[77.5735,12.7441],[77.5795,12.7405],[77.5838,12.743],[77.5888,12.7473],[77.5906,12.7575],[77.5855,12.7685],[77.5852,12.7734],[77.5736,12.7778],[77.5644,12.7708],[77.5651,12.7601],[77.5635,12.7538],[77.5593,12.7501],[77.5544,12.7548],[77.5483,12.7713],[77.5548,12.777],[77.5498,12.7795],[77.5459,12.7797],[77.5499,12.791],[77.5408,12.7909],[77.5329,12.7899],[77.5385,12.783],[77.542,12.7775],[77.5353,12.767],[77.5433,12.7647],[77.5352,12.7547],[77.536,12.7444],[77.5347,12.7434],[77.53,12.7459],[77.5185,12.733],[77.517,12.727],[77.5148,12.7239],[77.5124,12.7234],[77.5117,12.7259],[77.5117,12.7351],[77.507,12.736],[77.4975,12.7269],[77.4812,12.7343],[77.4685,12.7454],[77.4685,12.7507],[77.4659,12.7576],[77.4684,12.764],[77.4698,12.7704],[77.4692,12.7736],[77.4631,12.7808],[77.4629,12.7843],[77.4649,12.7866],[77.4765,12.7905],[77.4767,12.7928],[77.4734,12.7947],[77.4713,12.797],[77.473,12.7992],[77.4639,12.8004],[77.4576,12.8004],[77.4541,12.8019],[77.4447,12.8097],[77.4407,12.8057],[77.4362,12.7989],[77.4327,12.8004],[77.4298,12.8033],[77.4287,12.8073],[77.425,12.808],[77.429,12.8145],[77.4187,12.8147],[77.4147,12.8175],[77.4136,12.822],[77.4175,12.8265],[77.4235,12.8301],[77.4296,12.8311],[77.4301,12.8413],[77.4246,12.843],[77.4207,12.8464],[77.4141,12.8566],[77.413,12.8601],[77.4227,12.8626],[77.4221,12.8687],[77.4182,12.8648],[77.4127,12.8638],[77.411,12.8622],[77.409,12.8625],[77.4073,12.8663],[77.4043,12.8675],[77.4001,12.8658],[77.3967,12.863],[77.3942,12.8555],[77.3887,12.8609],[77.3858,12.8535],[77.3762,12.848],[77.3739,12.8484],[77.3723,12.8461],[77.3696,12.8452],[77.3671,12.8465],[77.3604,12.8552],[77.3583,12.8626],[77.3464,12.8615],[77.3403,12.8594],[77.3398,12.8722],[77.3358,12.8816],[77.3293,12.9007],[77.3337,12.9056],[77.3341,12.92],[77.3305,12.9203],[77.3304,12.9258],[77.3365,12.929],[77.3372,12.9332],[77.3307,12.9336],[77.3288,12.9367],[77.325,12.9389],[77.3222,12.9659],[77.327,12.9683],[77.3319,12.968],[77.3338,12.9622],[77.3371,12.9619],[77.3472,12.9656],[77.3487,12.9672],[77.3499,12.9713],[77.3531,12.9755],[77.3559,12.9775],[77.3686,12.9826],[77.3717,12.9859],[77.3713,12.9923],[77.3698,12.9973],[77.3661,13.002],[77.3651,13.0075],[77.369,13.0087],[77.3714,13.0107],[77.3704,13.0211],[77.3855,13.0202],[77.3873,13.033],[77.3903,13.0459],[77.3843,13.0468],[77.3813,13.0413],[77.379,13.0431],[77.3757,13.0496],[77.3767,13.0566],[77.394,13.0624],[77.408,13.0605],[77.4219,13.0597],[77.4183,13.078],[77.413,13.0779],[77.413,13.0878],[77.4113,13.0964],[77.4037,13.1015],[77.3966,13.1049],[77.3977,13.1162],[77.4017,13.1161],[77.4092,13.1392],[77.4215,13.1555],[77.4313,13.1565],[77.437,13.1559],[77.4435,13.1532],[77.4535,13.1516],[77.46,13.1543],[77.4598,13.1637],[77.4666,13.1785],[77.4685,13.1869],[77.4675,13.1963],[77.4653,13.1982],[77.4665,13.2061],[77.4715,13.2129],[77.4788,13.2143],[77.4962,13.216],[77.504,13.2158],[77.508,13.2117],[77.5133,13.201],[77.5199,13.2101],[77.5282,13.2105],[77.5322,13.2163],[77.5391,13.2232],[77.5508,13.2233],[77.5489,13.2134],[77.5488,13.206],[77.5615,13.2046]]]}},{"type":"Feature","properties":{"district":"Belgaum"},"geometry":{"type":"Polygon","coordinates":[[[75.2884,16.9548],[75.2947,16.9541],[75.3061,16.9547],[75.338,16.9535],[75.3453,16.9525],[75.3454,16.9445],[75.3395,16.9241],[75.3372,16.9198],[75.3363,16.9127],[75.337,16.8664],[75.3591,16.8658],[75.3763,16.8617],[75.3968,16.8588],[75.3873,16.8382],[75.3833,16.8276],[75.382,16.8225],[75.3829,16.8084],[75.3801,16.8065],[75.3817,16.7962],[75.3848,16.7868],[75.3856,16.7777],[75.39,16.7601],[75.3699,16.7563],[75.3661,16.7306],[75.3673,16.7198],[75.3659,16.712],[75.3564,16.7115],[75.3311,16.7122],[75.32,16.7136],[75.3074,16.7131],[75.2931,16.7111],[75.2909,16.7098],[75.2715,16.691],[75.2683,16.6857],[75.2663,16.6765],[75.2697,16.6341],[75.268,16.6254],[75.2655,16.6172],[75.2601,16.6151],[75.2602,16.6073],[75.2587,16.6028],[75.2473,16.6066],[75.2316,16.6149],[75.2186,16.6141],[75.2095,16.6121],[75.1964,16.6079],[75.1728,16.5993],[75.1657,16.5928],[75.1608,16.5834],[75.1605,16.5703],[75.1626,16.5611],[75.1693,16.5485],[75.1682,16.5415],[75.165,16.5326],[75.1613,16.5277],[75.1548,16.5255],[75.141,16.5233],[75.135,16.5184],[75.1322,16.513],[75.1271,16.5071],[75.1188,16.5044],[75.1115,16.5071],[75.1049,16.5238],[75.0953,16.5356],[75.0935,16.5441],[75.0899,16.5552],[75.086,16.5596],[75.0737,16.566],[75.0689,16.5383],[75.0459,16.5362],[75.0297,16.537],[75.0116,16.5361],[75.0103,16.5322],[75.0036,16.5258],[75.0005,16.5194],[75.0006,16.5136],[74.9966,16.506],[74.9984,16.4798],[74.9966,16.4683],[74.9967,16.4634],[75.0004,16.4636],[75.0006,16.4584],[74.9993,16.4562],[75.0012,16.4541],[75.0036,16.4536],[75.0088,16.4559],[75.0203,16.4546],[75.0201,16.4462],[75.0219,16.4371],[75.0277,16.4363],[75.0281,16.4306],[75.0314,16.4302],[75.0469,16.4335],[75.0807,16.4338],[75.08,16.4204],[75.0777,16.4085],[75.0761,16.401],[75.0737,16.3998],[75.0524,16.3959],[75.0516,16.3919],[75.0414,16.3912],[75.0375,16.3844],[75.036,16.3771],[75.0351,16.3637],[75.0373,16.3405],[75.0371,16.3352],[75.0454,16.3169],[75.0472,16.315],[75.0508,16.3204],[75.0579,16.3243],[75.0629,16.3255],[75.0702,16.3229],[75.0744,16.3284],[75.084,16.3265],[75.0872,16.3272],[75.0916,16.3223],[75.1047,16.3211],[75.1088,16.3249],[75.1162,16.3225],[75.1196,16.3251],[75.1239,16.3267],[75.1296,16.3268],[75.1329,16.3259],[75.137,16.3244],[75.1392,16.3204],[75.1329,16.3016],[75.1307,16.2929],[75.1315,16.2894],[75.1296,16.2857],[75.1497,16.2809],[75.169,16.2773],[75.1724,16.2753],[75.1828,16.2736],[75.2015,16.2718],[75.2192,16.2661],[75.2305,16.259],[75.2345,16.2574],[75.2334,16.2486],[75.2383,16.2468],[75.2345,16.2419],[75.2342,16.2383],[75.2317,16.2351],[75.2303,16.2321],[75.2325,16.2271],[75.2317,16.222],[75.2361,16.2125],[75.2346,16.208],[75.2413,16.2045],[75.2469,16.2039],[75.2534,16.2038],[75.2615,16.2057],[75.2695,16.2065],[75.2765,16.2026],[75.2807,16.1979],[75.2833,16.1963],[75.2891,16.1984],[75.2896,16.1835],[75.2871,16.1735],[75.2935,16.1673],[75.2876,16.1454],[75.2844,16.137],[75.2829,16.1295],[75.2783,16.1158],[75.292,16.1154],[75.3109,16.1121],[75.3265,16.1109],[75.3308,16.1128],[75.3422,16.1198],[75.3481,16.1211],[75.3552,16.1245],[75.3556,16.1145],[75.3594,16.1114],[75.3819,16.111],[75.3957,16.11],[75.4034,16.1107],[75.4068,16.1155],[75.4099,16.126],[75.4129,16.1275],[75.4175,16.1064],[75.4202,16.0999],[75.4221,16.0976],[75.4269,16.0943],[75.4272,16.0898],[75.4294,16.0897],[75.4323,16.0783],[75.4297,16.0554],[75.4208,16.0516],[75.4181,16.0493],[75.4177,16.0427],[75.4186,16.0303],[75.4246,16.0295],[75.4258,16.0205],[75.4293,16.0075],[75.4354,16.004],[75.4414,15.9978],[75.4395,15.9834],[75.4361,15.9706],[75.4364,15.9675],[75.4421,15.9629],[75.4415,15.9566],[75.4356,15.9419],[75.4329,15.9413],[75.4329,15.9363],[75.4318,15.9296],[75.4273,15.9185],[75.443,15.9154],[75.4405,15.8912],[75.4483,15.8924],[75.4493,15.8909],[75.4471,15.8857],[75.457,15.8838],[75.4555,15.86],[75.46,15.8561],[75.4621,15.8213],[75.4616,15.8138],[75.4583,15.814],[75.4574,15.8087],[75.4555,15.8085],[75.4524,15.7957],[75.4505,15.7912],[75.4425,15.7914],[75.4396,15.7769],[75.4177,15.7809],[75.4189,15.7924],[75.427,15.8179],[75.4285,15.8266],[75.4293,15.8397],[75.4225,15.84],[75.4186,15.8381],[75.4138,15.8384],[75.4115,15.8362],[75.408,15.8352],[75.4046,15.8372],[75.3952,15.8352],[75.3836,15.8396],[75.3793,15.8404],[75.3774,15.8331],[75.3751,15.8321],[75.3692,15.8117],[75.3671,15.8021],[75.3441,15.8011],[75.3428,15.8236],[75.3327,15.8207],[75.3356,15.8125],[75.3295,15.8101],[75.3239,15.8064],[75.3225,15.8087],[75.3178,15.8094],[75.306,15.8082],[75.3052,15.8027],[75.306,15.7908],[75.3057,15.7791],[75.307,15.7641],[75.3133,15.7622],[75.3195,15.7623],[75.3205,15.7552],[75.3204,15.7418],[75.316,15.7285],[75.3046,15.7256],[75.2945,15.7249],[75.2957,15.7372],[75.2853,15.7373],[75.2776,15.7366],[75.2763,15.721],[75.2793,15.7187],[75.2809,15.6863],[75.2746,15.6646],[75.2746,15.6532],[75.2753,15.6477],[75.26,15.6457],[75.2529,15.6437],[75.2437,15.6626],[75.2396,15.6767],[75.2211,15.676],[75.2208,15.6792],[75.205,15.6791],[75.2048,15.6737],[75.2069,15.6567],[75.2055,15.6472],[75.1901,15.6467],[75.1882,15.6546],[75.1734,15.6588],[75.1535,15.6591],[75.1453,15.6568],[75.126,15.6632],[75.1261,15.6651],[75.1098,15.6691],[75.1074,15.6596],[75.1036,15.6594],[75.1021,15.6481],[75.1012,15.6241],[75.0991,15.6156],[75.0954,15.606],[75.0916,15.6088],[75.0849,15.6195],[75.0599,15.6287],[75.0599,15.6336],[75.0618,15.6466],[75.0634,15.6527],[75.0657,15.6579],[75.067,15.6645],[75.0672,15.6674],[75.0646,15.6783],[75.0529,15.6794],[75.0505,15.6688],[75.0333,15.6662],[75.0319,15.65],[75.0252,15.6472],[75.0235,15.6423],[75.0179,15.6422],[75.0033,15.6451],[74.9957,15.6472],[74.9855,15.6454],[74.9708,15.6489],[74.9674,15.6399],[74.9672,15.6228],[74.9488,15.6198],[74.9361,15.6199],[74.923,15.624],[74.9175,15.6279],[74.9116,15.6266],[74.9026,15.628],[74.8974,15.6266],[74.894,15.6273],[74.8878,15.6204],[74.8821,15.6182],[74.8823,15.6143],[74.8615,15.6092],[74.8599,15.6078],[74.846,15.6043],[74.843,15.6081],[74.8346,15.6069],[74.8348,15.5871],[74.838,15.5874],[74.8444,15.5718],[74.8312,15.5649],[74.8278,15.5644],[74.8273,15.5613],[74.8231,15.5567],[74.8162,15.5517],[74.8127,15.5466],[74.802,15.5434],[74.8156,15.5179],[74.8163,15.5154],[74.8143,15.5093],[74.8143,15.506],[74.8174,15.5006],[74.808,15.4986],[74.8084,15.4963],[74.8038,15.4949],[74.8035,15.491],[74.7998,15.4845],[74.7912,15.482],[74.7935,15.4743],[74.7931,15.4699],[74.781,15.457],[74.7698,15.4711],[74.7655,15.4671],[74.7587,15.4797],[74.7509,15.492],[74.7447,15.4894],[74.7314,15.4866],[74.7318,15.4832],[74.7342,15.4826],[74.7345,15.4797],[74.7338,15.4775],[74.7385,15.4658],[74.7479,15.4621],[74.7491,15.4589],[74.7451,15.4459],[74.743,15.4435],[74.7388,15.4412],[74.7363,15.4355],[74.735,15.427],[74.7389,15.4204],[74.7466,15.417],[74.7468,15.4089],[74.7405,15.4064],[74.7382,15.4062],[74.7316,15.4087],[74.7222,15.409],[74.7169,15.407],[74.7116,15.4039],[74.7083,15.4068],[74.7036,15.4074],[74.6962,15.3966],[74.6588,15.3876],[74.6563,15.3923],[74.6504,15.3877],[74.6505,15.3824],[74.6465,15.379],[74.643,15.3793],[74.6411,15.3755],[74.6427,15.3714],[74.6352,15.3652],[74.6191,15.3562],[74.6025,15.37],[74.6008,15.3746],[74.5968,15.3775],[74.593,15.3784],[74.5853,15.3889],[74.5813,15.3893],[74.5726,15.4009],[74.5679,15.4028],[74.5494,15.4148],[74.5396,15.4167],[74.5206,15.4009],[74.5107,15.4025],[74.5053,15.4022],[74.4996,15.3987],[74.4918,15.3984],[74.4853,15.3934],[74.4799,15.3949],[74.4793,15.4005],[74.4757,15.4006],[74.4755,15.4078],[74.4731,15.4113],[74.4674,15.4108],[74.4649,15.4087],[74.4632,15.4014],[74.4603,15.4],[74.4587,15.4055],[74.4551,15.4063],[74.4528,15.4038],[74.4487,15.4027],[74.4449,15.4041],[74.4406,15.4014],[74.4404,15.3988],[74.4372,15.3957],[74.4322,15.3946],[74.429,15.4143],[74.4263,15.4596],[74.4173,15.4732],[74.4107,15.4723],[74.3921,15.4831],[74.3814,15.4796],[74.3682,15.4919],[74.3464,15.5165],[74.3359,15.5151],[74.3276,15.5152],[74.2916,15.5228],[74.2838,15.5195],[74.2828,15.5205],[74.2873,15.526],[74.2856,15.5342],[74.2829,15.5416],[74.2789,15.5487],[74.2726,15.5543],[74.2699,15.5612],[74.2676,15.5634],[74.2646,15.5608],[74.2543,15.5658],[74.2544,15.5725],[74.2574,15.5755],[74.2564,15.5826],[74.2652,15.5902],[74.2655,15.6016],[74.2685,15.6096],[74.2675,15.617],[74.2625,15.6229],[74.2594,15.6245],[74.2544,15.6231],[74.2525,15.6238],[74.2545,15.6296],[74.2572,15.6339],[74.2565,15.6468],[74.2553,15.6542],[74.245,15.6656],[74.2419,15.6659],[74.2368,15.6619],[74.2316,15.6665],[74.2241,15.6589],[74.2284,15.6545],[74.2288,15.653],[74.2241,15.6503],[74.2132,15.649],[74.2099,15.6541],[74.212,15.6585],[74.2115,15.661],[74.1963,15.6649],[74.1945,15.6721],[74.1981,15.6737],[74.1977,15.6789],[74.1901,15.681],[74.183,15.6774],[74.1787,15.6714],[74.1754,15.6702],[74.1734,15.6521],[74.1659,15.6524],[74.1632,15.6486],[74.155,15.6498],[74.1469,15.6487],[74.1428,15.6471],[74.129,15.6502],[74.126,15.6503],[74.1214,15.6537],[74.1121,15.655],[74.1045,15.6592],[74.098,15.666],[74.0965,15.6708],[74.1006,15.6723],[74.1062,15.6706],[74.1175,15.6708],[74.127,15.6737],[74.1336,15.6784],[74.1389,15.6862],[74.1404,15.6946],[74.1389,15.699],[74.1415,15.7004],[74.1389,15.7063],[74.1355,15.7093],[74.1348,15.716],[74.1306,15.7179],[74.1349,15.7222],[74.1405,15.7217],[74.1419,15.7232],[74.143,15.7272],[74.1474,15.7301],[74.1505,15.7317],[74.1553,15.7323],[74.1601,15.7343],[74.1623,15.7421],[74.1677,15.7493],[74.1712,15.75],[74.1971,15.7502],[74.2044,15.7534],[74.2113,15.7586],[74.2146,15.766],[74.2157,15.7739],[74.2174,15.7788],[74.2225,15.7817],[74.2273,15.7857],[74.2355,15.7868],[74.2389,15.7845],[74.2403,15.7808],[74.2352,15.7596],[74.2352,15.754],[74.239,15.7521],[74.2439,15.7444],[74.2501,15.7412],[74.2589,15.7434],[74.2661,15.747],[74.2709,15.7519],[74.274,15.7531],[74.2849,15.7433],[74.2922,15.7393],[74.313,15.7483],[74.3147,15.7521],[74.3186,15.7534],[74.3241,15.7565],[74.325,15.7613],[74.3276,15.7682],[74.3298,15.7704],[74.3345,15.7677],[74.3423,15.7655],[74.3468,15.7631],[74.3509,15.7634],[74.3649,15.7737],[74.3679,15.7816],[74.3708,15.7822],[74.3755,15.7967],[74.3758,15.8012],[74.3745,15.8045],[74.374,15.8104],[74.3692,15.8122],[74.3664,15.8155],[74.3707,15.8172],[74.3734,15.8258],[74.3745,15.8275],[74.3863,15.8333],[74.3894,15.8363],[74.3893,15.8441],[74.3874,15.8471],[74.3538,15.8481],[74.3464,15.8493],[74.3445,15.8521],[74.3534,15.8557],[74.353,15.8592],[74.3641,15.8702],[74.367,15.8711],[74.3674,15.8732],[74.37,15.8757],[74.3706,15.88],[74.3705,15.8904],[74.3741,15.8916],[74.3745,15.8899],[74.3728,15.8877],[74.3766,15.8849],[74.3831,15.8778],[74.3856,15.8732],[74.3879,15.8639],[74.3885,15.8572],[74.3923,15.8574],[74.3934,15.8518],[74.4031,15.849],[74.4065,15.8519],[74.4116,15.8526],[74.4122,15.8576],[74.3992,15.8743],[74.4025,15.8783],[74.4016,15.8873],[74.3993,15.8958],[74.3984,15.8977],[74.3923,15.8993],[74.3919,15.9012],[74.402,15.9111],[74.4123,15.9252],[74.4352,15.9512],[74.4423,15.9655],[74.4439,15.9743],[74.45,15.9832],[74.4485,15.9864],[74.4484,15.9883],[74.4502,15.9926],[74.4497,15.9985],[74.4534,16.0058],[74.4564,16.0089],[74.4639,16.0226],[74.4671,16.0303],[74.4677,16.0336],[74.4703,16.0405],[74.468,16.0467],[74.4638,16.0477],[74.4559,16.0522],[74.448,16.0524],[74.4405,16.057],[74.4363,16.0567],[74.4321,16.0551],[74.4229,16.0532],[74.4155,16.0511],[74.4112,16.049],[74.4096,16.0471],[74.4093,16.0453],[74.3961,16.0396],[74.3901,16.0351],[74.3786,16.0366],[74.3782,16.0393],[74.3789,16.0434],[74.3817,16.0536],[74.3801,16.0548],[74.3708,16.051],[74.3682,16.053],[74.371,16.0596],[74.3751,16.0634],[74.3801,16.0696],[74.3806,16.073],[74.3796,16.0768],[74.381,16.0783],[74.3868,16.0781],[74.3905,16.0799],[74.3972,16.0784],[74.3983,16.0801],[74.3973,16.0871],[74.4041,16.091],[74.4076,16.0907],[74.4152,16.0918],[74.4161,16.096],[74.4185,16.1009],[74.4228,16.1026],[74.4346,16.1106],[74.438,16.1082],[74.4445,16.1052],[74.4549,16.1027],[74.46,16.1029],[74.4645,16.1021],[74.478,16.0919],[74.4789,16.0879],[74.4819,16.087],[74.4891,16.0873],[74.4904,16.0904],[74.4928,16.0928],[74.4926,16.0955],[74.4935,16.0986],[74.4964,16.1016],[74.4971,16.1124],[74.491,16.142],[74.4871,16.1431],[74.4858,16.147],[74.49,16.1472],[74.4947,16.155],[74.4953,16.169],[74.4978,16.1813],[74.5018,16.1854],[74.5091,16.1878],[74.5129,16.1883],[74.5129,16.1894],[74.5125,16.1958],[74.5108,16.1988],[74.5132,16.1992],[74.5133,16.2012],[74.5032,16.2116],[74.5021,16.2141],[74.503,16.2162],[74.5077,16.2213],[74.5083,16.2229],[74.5031,16.231],[74.4951,16.236],[74.4948,16.238],[74.4841,16.2467],[74.4808,16.2443],[74.4761,16.239],[74.4732,16.2385],[74.4634,16.2418],[74.4615,16.2438],[74.4612,16.2484],[74.4428,16.2496],[74.4418,16.2542],[74.4409,16.2527],[74.4363,16.2548],[74.4225,16.2575],[74.4208,16.2639],[74.4216,16.2715],[74.4212,16.2806],[74.418,16.2809],[74.4008,16.2763],[74.3913,16.2756],[74.3904,16.2902],[74.3874,16.2903],[74.3801,16.2935],[74.3738,16.2903],[74.3696,16.2907],[74.3626,16.2871],[74.3585,16.2888],[74.3561,16.2909],[74.3546,16.2898],[74.3533,16.2918],[74.3517,16.2882],[74.3603,16.2819],[74.3599,16.2796],[74.3551,16.2745],[74.3521,16.2745],[74.3507,16.2763],[74.3494,16.2751],[74.3495,16.2733],[74.3439,16.2721],[74.3404,16.2676],[74.3371,16.2657],[74.3338,16.2681],[74.3307,16.2729],[74.3287,16.2794],[74.3293,16.2811],[74.3322,16.2841],[74.3318,16.2862],[74.3364,16.2902],[74.3427,16.2888],[74.3487,16.2915],[74.3448,16.3033],[74.3412,16.3028],[74.3401,16.304],[74.3423,16.3051],[74.3406,16.3116],[74.3321,16.3108],[74.331,16.315],[74.3315,16.3164],[74.3357,16.315],[74.34,16.3169],[74.3373,16.3234],[74.3334,16.3237],[74.3299,16.3224],[74.323,16.3251],[74.324,16.3274],[74.3273,16.3292],[74.3291,16.3326],[74.3248,16.3367],[74.3235,16.3399],[74.3282,16.3411],[74.3344,16.3405],[74.3316,16.3465],[74.3237,16.3536],[74.3315,16.3556],[74.3322,16.357],[74.3276,16.3681],[74.3278,16.3703],[74.3255,16.3792],[74.3326,16.3756],[74.3347,16.3829],[74.335,16.3887],[74.336,16.3896],[74.3403,16.391],[74.3431,16.3907],[74.3458,16.3895],[74.3477,16.386],[74.3486,16.3804],[74.3511,16.3768],[74.3519,16.3663],[74.3617,16.3647],[74.3596,16.3788],[74.3687,16.3912],[74.3691,16.3943],[74.3678,16.3985],[74.3646,16.4032],[74.3595,16.404],[74.3492,16.4039],[74.3493,16.3994],[74.3427,16.4005],[74.3419,16.4052],[74.3382,16.4134],[74.3373,16.4202],[74.3438,16.4255],[74.3405,16.433],[74.3406,16.4362],[74.3422,16.4396],[74.3425,16.4423],[74.339,16.4449],[74.3388,16.4466],[74.34,16.4481],[74.3389,16.4522],[74.3356,16.4531],[74.3305,16.4528],[74.3219,16.45],[74.3148,16.4532],[74.3071,16.4596],[74.3046,16.4608],[74.3024,16.4611],[74.3014,16.4591],[74.2963,16.459],[74.2964,16.4667],[74.2948,16.4744],[74.2976,16.4816],[74.3006,16.4996],[74.2999,16.5026],[74.2889,16.5038],[74.2833,16.496],[74.2805,16.4894],[74.281,16.4858],[74.2825,16.4826],[74.2784,16.4796],[74.2688,16.476],[74.2652,16.4824],[74.2645,16.4855],[74.2621,16.4887],[74.2601,16.4909],[74.2532,16.4949],[74.2557,16.4968],[74.2631,16.499],[74.2786,16.501],[74.2858,16.5034],[74.2867,16.5068],[74.2844,16.5165],[74.2819,16.5206],[74.2766,16.5206],[74.2755,16.5252],[74.272,16.5334],[74.2716,16.5387],[74.2764,16.5445],[74.2843,16.5431],[74.2882,16.5395],[74.2867,16.5294],[74.2871,16.5273],[74.2896,16.5253],[74.2896,16.5226],[74.2948,16.5293],[74.2945,16.5315],[74.2976,16.5319],[74.3069,16.5292],[74.3089,16.524],[74.3085,16.5219],[74.3116,16.5069],[74.3135,16.5033],[74.3141,16.5021],[74.3215,16.5027],[74.3239,16.5063],[74.3227,16.519],[74.3232,16.5322],[74.3222,16.5391],[74.3222,16.5445],[74.3238,16.5515],[74.3294,16.5535],[74.3322,16.5537],[74.3402,16.5501],[74.3461,16.5464],[74.3551,16.5531],[74.3597,16.5537],[74.3631,16.5562],[74.3656,16.5571],[74.3692,16.5533],[74.3629,16.5486],[74.3646,16.5437],[74.3626,16.5387],[74.3661,16.5376],[74.3711,16.5377],[74.3854,16.5274],[74.3899,16.5279],[74.3929,16.5311],[74.3957,16.5357],[74.3955,16.5595],[74.4011,16.5609],[74.4008,16.5635],[74.3984,16.5654],[74.4012,16.5709],[74.4022,16.5747],[74.4035,16.5787],[74.4137,16.5802],[74.4223,16.5835],[74.4288,16.5827],[74.4335,16.5944],[74.4408,16.5987],[74.447,16.6003],[74.4725,16.6048],[74.4708,16.615],[74.4714,16.6218],[74.4698,16.6235],[74.4645,16.634],[74.4628,16.6445],[74.4652,16.6469],[74.4648,16.653],[74.4701,16.6552],[74.4774,16.6608],[74.4813,16.6541],[74.4859,16.6391],[74.4898,16.6361],[74.4918,16.6323],[74.4955,16.6277],[74.498,16.6266],[74.5017,16.6271],[74.5103,16.6315],[74.5301,16.6306],[74.5514,16.6332],[74.5494,16.6155],[74.5502,16.609],[74.5499,16.5922],[74.5546,16.5924],[74.5656,16.5904],[74.5698,16.5812],[74.5651,16.5746],[74.5597,16.5714],[74.5591,16.5671],[74.5597,16.5597],[74.5622,16.558],[74.5655,16.5578],[74.5691,16.5564],[74.5741,16.552],[74.5815,16.5518],[74.5815,16.555],[74.592,16.5555],[74.5925,16.5573],[74.5916,16.5588],[74.5918,16.5607],[74.5934,16.5638],[74.5959,16.5644],[74.6048,16.5621],[74.617,16.568],[74.6226,16.5736],[74.6244,16.5776],[74.6239,16.5819],[74.627,16.5809],[74.6307,16.5777],[74.6364,16.5757],[74.6405,16.5819],[74.6394,16.5944],[74.6397,16.5995],[74.6411,16.6047],[74.6428,16.6068],[74.6477,16.6081],[74.6517,16.607],[74.6639,16.6011],[74.6688,16.6027],[74.6753,16.606],[74.6786,16.6066],[74.6904,16.6045],[74.6934,16.6073],[74.6946,16.6108],[74.6943,16.6152],[74.6912,16.6181],[74.6853,16.6199],[74.6739,16.6285],[74.666,16.6287],[74.663,16.6322],[74.6605,16.6376],[74.6688,16.6556],[74.6717,16.6635],[74.6961,16.675],[74.6946,16.6786],[74.6873,16.679],[74.6875,16.6817],[74.689,16.6841],[74.6956,16.6858],[74.695,16.6924],[74.6959,16.7105],[74.6982,16.7152],[74.7078,16.7131],[74.7224,16.7133],[74.7366,16.7158],[74.7482,16.7221],[74.7541,16.7262],[74.7561,16.7296],[74.7638,16.7368],[74.7694,16.7395],[74.775,16.7408],[74.7756,16.744],[74.779,16.7486],[74.7911,16.7481],[74.8004,16.7457],[74.8041,16.7508],[74.8503,16.7603],[74.855,16.7708],[74.8684,16.7711],[74.8926,16.7687],[74.907,16.7698],[74.9238,16.77],[74.9159,16.7857],[74.9158,16.8102],[74.9131,16.8307],[74.9133,16.8414],[74.912,16.8559],[74.9278,16.8633],[74.9315,16.8695],[74.9371,16.8692],[74.9398,16.8723],[74.9397,16.8765],[74.9451,16.8771],[74.9486,16.8801],[74.9561,16.8773],[74.9641,16.8779],[74.9673,16.9054],[74.9528,16.9065],[74.948,16.9092],[74.9441,16.9133],[74.9382,16.9165],[74.9369,16.9207],[74.927,16.9256],[74.9285,16.9352],[74.9384,16.941],[74.9483,16.9358],[74.9524,16.9362],[74.9545,16.93],[74.958,16.9291],[74.96,16.9329],[74.9667,16.9356],[74.9695,16.9359],[74.9753,16.9346],[74.9814,16.9306],[74.9858,16.929],[74.9945,16.935],[74.9995,16.9419],[75.0037,16.9458],[75.0114,16.9426],[75.0303,16.9415],[75.0301,16.9311],[75.0319,16.9257],[75.0345,16.9287],[75.0454,16.9343],[75.0481,16.9387],[75.0508,16.9397],[75.0552,16.9389],[75.0654,16.9393],[75.0829,16.9466],[75.0904,16.9487],[75.0941,16.9472],[75.0947,16.9212],[75.098,16.9139],[75.1069,16.9095],[75.1188,16.91],[75.122,16.9072],[75.1236,16.9004],[75.1276,16.8972],[75.1384,16.8929],[75.1371,16.8846],[75.1384,16.8783],[75.1411,16.8735],[75.1505,16.8694],[75.1644,16.8656],[75.1718,16.8648],[75.1808,16.8675],[75.1897,16.8735],[75.1925,16.8696],[75.189,16.8619],[75.1832,16.842],[75.1883,16.8409],[75.2159,16.8403],[75.23,16.8409],[75.2329,16.8455],[75.2357,16.8542],[75.241,16.863],[75.2434,16.8645],[75.2487,16.8645],[75.258,16.8621],[75.2683,16.8609],[75.2828,16.8742],[75.2857,16.8788],[75.2875,16.8832],[75.2918,16.9011],[75.2856,16.9094],[75.2836,16.9429],[75.2846,16.9536],[75.2884,16.9548]]]}},{"type":"Feature","properties":{"district":"Bellary"},"geometry":{"type":"Polygon","coordinates":[[[77.0282,15.8256],[77.0339,15.8244],[77.0384,15.8255],[77.0415,15.8217],[77.0499,15.8201],[77.0523,15.8243],[77.0639,15.8232],[77.0615,15.7979],[77.0672,15.7961],[77.0625,15.7784],[77.0598,15.7788],[77.0566,15.7723],[77.0537,15.7636],[77.0497,15.7641],[77.0485,15.7608],[77.0532,15.7589],[77.0517,15.7501],[77.0467,15.7513],[77.0432,15.7345],[77.0472,15.7332],[77.0471,15.725],[77.063,15.7237],[77.0763,15.7214],[77.0763,15.7104],[77.0844,15.709],[77.0816,15.6953],[77.0779,15.6934],[77.0759,15.6909],[77.1008,15.6789],[77.1105,15.6713],[77.1191,15.6621],[77.125,15.6591],[77.1209,15.6372],[77.1162,15.6251],[77.1039,15.6339],[77.1006,15.6392],[77.0959,15.6441],[77.0889,15.6475],[77.0814,15.6528],[77.0689,15.6409],[77.036,15.6324],[77.0327,15.632],[77.0293,15.6338],[77.0271,15.6293],[77.0284,15.6068],[77.0289,15.5983],[77.0244,15.5844],[77.0237,15.5764],[77.0289,15.5251],[77.0287,15.5086],[77.0266,15.5],[77.0054,15.5028],[76.996,15.4997],[76.9909,15.5011],[76.9817,15.5048],[76.9719,15.5063],[76.9701,15.495],[76.9704,15.4909],[76.9761,15.482],[76.989,15.4732],[76.996,15.4675],[77.0007,15.4617],[77.002,15.4554],[77.0061,15.4482],[77.0153,15.4411],[77.0238,15.4386],[77.0274,15.4352],[77.0305,15.4263],[77.031,15.4183],[77.0269,15.4078],[77.0285,15.4013],[77.0333,15.3963],[77.041,15.3915],[77.0438,15.3837],[77.0423,15.3748],[77.038,15.3588],[77.0426,15.3522],[77.0578,15.3432],[77.0629,15.3379],[77.0631,15.3281],[77.0616,15.3219],[77.0691,15.3195],[77.0993,15.3266],[77.1097,15.3273],[77.1102,15.3207],[77.1134,15.3191],[77.1154,15.2899],[77.1237,15.2876],[77.1388,15.2855],[77.1479,15.2857],[77.1487,15.2779],[77.148,15.271],[77.1449,15.2693],[77.1452,15.2661],[77.1499,15.2669],[77.1577,15.2604],[77.1641,15.2591],[77.1653,15.251],[77.1579,15.2514],[77.1467,15.2503],[77.1403,15.2516],[77.1327,15.2346],[77.1235,15.2333],[77.1209,15.2212],[77.1414,15.2181],[77.1471,15.2088],[77.15,15.2079],[77.1558,15.1943],[77.1582,15.1938],[77.1615,15.1822],[77.1645,15.1685],[77.1632,15.1613],[77.1588,15.1579],[77.1593,15.1521],[77.1577,15.149],[77.1531,15.1488],[77.1455,15.1507],[77.137,15.1493],[77.1321,15.1427],[77.1354,15.136],[77.1528,15.1316],[77.154,15.1205],[77.1477,15.1073],[77.1394,15.0999],[77.1276,15.0936],[77.1255,15.0682],[77.1209,15.0551],[77.1184,15.0506],[77.1161,15.0401],[77.1116,15.0381],[77.1096,15.0286],[77.1017,15.0273],[77.0908,15.0277],[77.0883,15.023],[77.0821,15.0223],[77.0805,15.0079],[77.0788,15.0],[77.0686,15.0011],[77.0615,15.0015],[77.0509,15.0043],[77.041,15.0055],[77.0464,15.016],[77.0488,15.0239],[77.0469,15.0292],[77.0375,15.0276],[77.023,15.0277],[77.0093,15.0296],[77.0007,15.0296],[76.9986,15.0271],[76.9957,15.0237],[76.9835,15.0204],[76.9818,15.0104],[76.9668,15.0132],[76.9507,15.0244],[76.9427,15.027],[76.9317,15.0263],[76.9194,15.0285],[76.9135,15.031],[76.9054,15.0293],[76.8962,15.0319],[76.8887,15.0318],[76.8767,15.0287],[76.8698,15.044],[76.8641,15.05],[76.8606,15.0567],[76.8432,15.0662],[76.8374,15.0725],[76.8294,15.0743],[76.8213,15.0749],[76.8119,15.0802],[76.7969,15.0908],[76.7876,15.0804],[76.7842,15.0808],[76.7822,15.0788],[76.7839,15.0757],[76.7786,15.0716],[76.7764,15.0733],[76.7742,15.0714],[76.7757,15.0692],[76.7726,15.0651],[76.7708,15.0583],[76.7711,15.0541],[76.775,15.044],[76.7808,15.0342],[76.7818,15.0233],[76.7846,15.0167],[76.7797,15.0059],[76.7695,15.0006],[76.7681,14.9956],[76.7662,14.9908],[76.7652,14.9891],[76.7624,14.9895],[76.7592,14.9851],[76.757,14.983],[76.7567,14.9837],[76.7527,14.981],[76.7381,14.9825],[76.7325,14.982],[76.7256,14.9953],[76.7248,14.9991],[76.7258,15.0043],[76.7276,15.0091],[76.7336,15.0191],[76.7303,15.028],[76.722,15.0274],[76.7171,15.0301],[76.7095,15.0279],[76.7045,15.0281],[76.6998,15.0262],[76.7016,15.0139],[76.6992,15.0117],[76.6967,15.0129],[76.6874,15.014],[76.6827,15.0137],[76.6858,15.0221],[76.679,15.0197],[76.6696,15.0141],[76.6693,15.0117],[76.6715,15.006],[76.6747,15.0015],[76.6776,14.9954],[76.6825,14.9802],[76.6854,14.9752],[76.6887,14.9733],[76.7093,14.9699],[76.7142,14.9675],[76.7152,14.9646],[76.715,14.9589],[76.7117,14.9378],[76.7067,14.9361],[76.7038,14.9365],[76.7038,14.9327],[76.7053,14.9275],[76.7022,14.9253],[76.6959,14.9242],[76.689,14.926],[76.6756,14.9344],[76.658,14.9368],[76.6598,14.9182],[76.662,14.9109],[76.6745,14.9062],[76.6749,14.8953],[76.6751,14.892],[76.6751,14.887],[76.6789,14.8832],[76.6945,14.8839],[76.7054,14.8675],[76.7105,14.8571],[76.7119,14.8491],[76.7118,14.8415],[76.7108,14.8345],[76.7154,14.8282],[76.7222,14.8248],[76.7347,14.8213],[76.7387,14.8179],[76.7374,14.812],[76.7365,14.8092],[76.7337,14.8093],[76.7312,14.8063],[76.7117,14.8108],[76.6985,14.8107],[76.6891,14.8066],[76.6809,14.8014],[76.6715,14.7888],[76.6679,14.7878],[76.6678,14.783],[76.6637,14.7734],[76.6628,14.769],[76.658,14.7651],[76.653,14.7557],[76.6467,14.7516],[76.6486,14.7398],[76.6485,14.7312],[76.6472,14.7279],[76.6489,14.7237],[76.6487,14.7212],[76.6454,14.7132],[76.6421,14.7087],[76.6376,14.7061],[76.6354,14.7006],[76.6316,14.6983],[76.6219,14.6949],[76.6174,14.6895],[76.6082,14.6815],[76.6091,14.669],[76.6084,14.6652],[76.6049,14.6641],[76.5978,14.6649],[76.5958,14.6609],[76.5957,14.6522],[76.6003,14.6485],[76.6071,14.6464],[76.6094,14.6441],[76.5985,14.6289],[76.5948,14.6274],[76.5962,14.622],[76.5997,14.619],[76.5966,14.6165],[76.5891,14.6139],[76.582,14.6101],[76.5745,14.603],[76.5674,14.5881],[76.5498,14.5756],[76.5468,14.5694],[76.5413,14.5652],[76.534,14.5606],[76.5257,14.5584],[76.5079,14.5563],[76.5048,14.5587],[76.4978,14.5621],[76.4905,14.564],[76.4498,14.5719],[76.4426,14.5745],[76.4219,14.5764],[76.4284,14.5972],[76.4306,14.6085],[76.4294,14.614],[76.4238,14.618],[76.4194,14.6197],[76.4121,14.6189],[76.4067,14.6191],[76.4033,14.6182],[76.4003,14.6214],[76.3951,14.6211],[76.3915,14.6229],[76.39,14.6376],[76.3886,14.6442],[76.3825,14.6438],[76.3758,14.6424],[76.3727,14.6447],[76.3735,14.6501],[76.3785,14.6563],[76.3744,14.6589],[76.3622,14.6611],[76.3487,14.661],[76.3419,14.6616],[76.3387,14.6701],[76.3362,14.6813],[76.3272,14.6852],[76.321,14.6876],[76.3151,14.6875],[76.3093,14.6846],[76.3029,14.6857],[76.2971,14.6856],[76.2898,14.6825],[76.2755,14.6821],[76.2727,14.6847],[76.27,14.6913],[76.2636,14.6923],[76.2588,14.6922],[76.2558,14.6943],[76.2512,14.693],[76.2472,14.6893],[76.24,14.675],[76.2333,14.6541],[76.229,14.6442],[76.2194,14.6532],[76.2159,14.6585],[76.2028,14.6733],[76.1929,14.6768],[76.1908,14.6927],[76.1878,14.6938],[76.1847,14.6962],[76.1861,14.7144],[76.1894,14.7181],[76.1939,14.7204],[76.1983,14.7241],[76.2009,14.7303],[76.2022,14.7354],[76.2019,14.7412],[76.2005,14.7461],[76.1925,14.7615],[76.1898,14.7639],[76.1837,14.7616],[76.1798,14.7618],[76.1729,14.7757],[76.1682,14.7806],[76.152,14.7811],[76.1479,14.7859],[76.144,14.7987],[76.143,14.8052],[76.1472,14.8171],[76.1522,14.8181],[76.1573,14.8256],[76.1622,14.8241],[76.1758,14.818],[76.1837,14.8163],[76.1943,14.8153],[76.1944,14.8198],[76.1905,14.8309],[76.1886,14.8425],[76.1779,14.8431],[76.1602,14.8428],[76.156,14.8435],[76.156,14.8486],[76.1547,14.8559],[76.1302,14.8568],[76.1293,14.8619],[76.1258,14.8653],[76.1197,14.8661],[76.107,14.8648],[76.073,14.8641],[76.0683,14.8722],[76.0659,14.8791],[76.0789,14.8955],[76.0811,14.8999],[76.0801,14.9058],[76.0743,14.9058],[76.069,14.9045],[76.0631,14.9072],[76.0594,14.9108],[76.054,14.9123],[76.0509,14.914],[76.0474,14.9244],[76.0428,14.9236],[76.0299,14.915],[76.0212,14.9056],[76.0175,14.9031],[76.0115,14.8947],[76.0099,14.9002],[76.0057,14.9011],[76.0019,14.8965],[75.9988,14.8958],[75.996,14.894],[75.9881,14.9009],[75.9852,14.9026],[75.9769,14.8945],[75.9707,14.9031],[75.9604,14.8985],[75.9521,14.8989],[75.9408,14.896],[75.9417,14.8928],[75.9378,14.8924],[75.9359,14.8889],[75.9316,14.8895],[75.9249,14.8857],[75.9158,14.8844],[75.8996,14.8784],[75.8991,14.8748],[75.8883,14.8692],[75.8864,14.8655],[75.8736,14.8646],[75.8706,14.855],[75.8699,14.8503],[75.8618,14.8549],[75.8585,14.8581],[75.8546,14.8597],[75.8541,14.8673],[75.8566,14.8781],[75.8497,14.8793],[75.8468,14.8842],[75.8425,14.8858],[75.8326,14.8789],[75.8273,14.8939],[75.8199,14.8962],[75.812,14.8863],[75.8109,14.8819],[75.8136,14.8809],[75.8031,14.8701],[75.8061,14.856],[75.8108,14.8423],[75.8101,14.8404],[75.8066,14.8387],[75.8129,14.831],[75.8182,14.8324],[75.8244,14.8216],[75.8316,14.8134],[75.8362,14.8018],[75.8352,14.7941],[75.8277,14.7784],[75.8226,14.7736],[75.8187,14.7725],[75.813,14.7721],[75.8073,14.7698],[75.8041,14.7671],[75.8,14.7652],[75.7957,14.7695],[75.7892,14.7736],[75.7722,14.7888],[75.7714,14.7807],[75.7674,14.7774],[75.7604,14.7734],[75.758,14.7591],[75.7573,14.739],[75.7565,14.7344],[75.7498,14.7292],[75.7365,14.7247],[75.717,14.7141],[75.7119,14.7142],[75.7059,14.7177],[75.7029,14.7214],[75.7023,14.7257],[75.7068,14.7327],[75.7186,14.7432],[75.7217,14.7488],[75.7232,14.7557],[75.7237,14.7646],[75.7193,14.7709],[75.7123,14.7746],[75.6947,14.7785],[75.6877,14.782],[75.6781,14.794],[75.6727,14.795],[75.6665,14.7942],[75.6646,14.7987],[75.6657,14.8044],[75.6699,14.8113],[75.6748,14.8255],[75.6807,14.8369],[75.6899,14.8502],[75.6945,14.8546],[75.697,14.8484],[75.7023,14.8486],[75.7058,14.8499],[75.7147,14.8481],[75.7183,14.8518],[75.7226,14.8602],[75.7336,14.8598],[75.7351,14.8661],[75.7347,14.8734],[75.7365,14.8793],[75.7387,14.8835],[75.738,14.8851],[75.7321,14.8877],[75.7287,14.8933],[75.697,14.8882],[75.6944,14.8931],[75.6845,14.9262],[75.6846,14.9354],[75.6867,14.9394],[75.6891,14.9399],[75.6921,14.9416],[75.7018,14.9442],[75.7229,14.9467],[75.7304,14.9443],[75.7367,14.9396],[75.7432,14.9404],[75.7538,14.952],[75.761,14.9625],[75.7804,14.9731],[75.7817,14.9783],[75.7822,14.9893],[75.7852,14.9959],[75.7854,14.9961],[75.7855,14.9961],[75.7978,15.0068],[75.8099,15.0197],[75.8318,15.0234],[75.8356,15.0316],[75.84,15.0372],[75.8442,15.039],[75.8493,15.0375],[75.8558,15.0326],[75.8633,15.0301],[75.8669,15.0296],[75.8739,15.0313],[75.8768,15.0343],[75.8822,15.0465],[75.8861,15.0491],[75.8995,15.0503],[75.9042,15.0515],[75.9065,15.0545],[75.9099,15.0717],[75.9068,15.076],[75.8848,15.0932],[75.8831,15.0974],[75.8846,15.103],[75.8993,15.1153],[75.9017,15.1224],[75.9046,15.1276],[75.9078,15.1291],[75.915,15.1303],[75.923,15.1353],[75.9313,15.137],[75.9396,15.1352],[75.9465,15.1323],[75.9495,15.1333],[75.9556,15.1337],[75.9638,15.1379],[75.9725,15.146],[75.9774,15.1492],[75.9821,15.1487],[75.9866,15.1458],[75.9988,15.1427],[76.002,15.1441],[76.0034,15.1437],[76.0083,15.1453],[76.0272,15.1394],[76.0358,15.1401],[76.0442,15.1419],[76.0459,15.143],[76.0514,15.1498],[76.055,15.152],[76.0584,15.1531],[76.0869,15.1575],[76.0923,15.1588],[76.1002,15.1626],[76.1055,15.1714],[76.1087,15.1875],[76.1102,15.1912],[76.1124,15.1942],[76.1166,15.1972],[76.1236,15.1988],[76.1287,15.1987],[76.1509,15.1923],[76.1573,15.1935],[76.1597,15.1962],[76.1601,15.199],[76.1581,15.2055],[76.1586,15.2087],[76.1613,15.2123],[76.1756,15.2243],[76.1862,15.231],[76.1936,15.2313],[76.2305,15.2287],[76.2304,15.2199],[76.2188,15.2021],[76.2188,15.1964],[76.2214,15.1904],[76.2291,15.1865],[76.2362,15.1857],[76.2467,15.1872],[76.2537,15.1907],[76.2556,15.1979],[76.2574,15.2006],[76.2665,15.202],[76.2742,15.2084],[76.2794,15.2139],[76.2835,15.2213],[76.2853,15.2284],[76.2894,15.2371],[76.296,15.2451],[76.3087,15.2564],[76.3211,15.2588],[76.3312,15.2588],[76.3319,15.2588],[76.3378,15.2681],[76.3446,15.2919],[76.3504,15.3075],[76.3578,15.3156],[76.3608,15.3213],[76.3659,15.323],[76.3761,15.323],[76.3831,15.3243],[76.3893,15.3239],[76.3967,15.3211],[76.4048,15.3194],[76.4275,15.3327],[76.4311,15.3343],[76.4401,15.333],[76.4473,15.3335],[76.456,15.3386],[76.4596,15.3392],[76.4668,15.3382],[76.4726,15.3418],[76.4785,15.3437],[76.4883,15.3381],[76.4948,15.3412],[76.4993,15.3458],[76.5462,15.3799],[76.5532,15.3898],[76.5696,15.3953],[76.5889,15.4081],[76.5938,15.4181],[76.5991,15.426],[76.6063,15.435],[76.609,15.4372],[76.6393,15.4393],[76.652,15.4431],[76.6665,15.4459],[76.6758,15.4599],[76.6799,15.4645],[76.6895,15.4721],[76.6999,15.4808],[76.7104,15.4849],[76.7239,15.487],[76.729,15.487],[76.7335,15.4857],[76.7406,15.486],[76.7507,15.4882],[76.7588,15.4873],[76.7777,15.4884],[76.783,15.4899],[76.7928,15.4951],[76.7974,15.4994],[76.8045,15.5045],[76.8096,15.5102],[76.8057,15.516],[76.8081,15.524],[76.8073,15.5295],[76.8059,15.5337],[76.8106,15.5422],[76.8323,15.5567],[76.8334,15.5642],[76.8314,15.5904],[76.8343,15.5978],[76.8309,15.6068],[76.8307,15.6113],[76.8336,15.6211],[76.8359,15.6252],[76.8567,15.6388],[76.8627,15.651],[76.8653,15.6546],[76.8701,15.6602],[76.8813,15.6678],[76.8896,15.6784],[76.8926,15.6803],[76.9034,15.6836],[76.9084,15.686],[76.9122,15.6902],[76.915,15.6953],[76.9165,15.7027],[76.9174,15.7136],[76.9241,15.7304],[76.9351,15.7469],[76.944,15.7569],[76.9549,15.7625],[76.9593,15.7658],[76.9679,15.7741],[76.981,15.7884],[76.9889,15.7951],[76.9962,15.8048],[77.0061,15.8136],[77.0127,15.8197],[77.0244,15.8295],[77.0282,15.8256]]]}},{"type":"Feature","properties":{"district":"Bidar"},"geometry":{"type":"Polygon","coordinates":[[[77.3373,18.4354],[77.3421,18.4303],[77.3453,18.4344],[77.3541,18.4487],[77.3696,18.4477],[77.3654,18.4381],[77.3644,18.4298],[77.3698,18.4007],[77.3926,18.397],[77.4005,18.3978],[77.4101,18.3885],[77.4079,18.3785],[77.4007,18.3702],[77.3918,18.3659],[77.3982,18.3535],[77.3983,18.3475],[77.3959,18.3446],[77.3928,18.3457],[77.3928,18.3405],[77.3892,18.3408],[77.3862,18.3382],[77.3793,18.3391],[77.3809,18.3319],[77.378,18.3287],[77.3739,18.3295],[77.367,18.3223],[77.3554,18.3185],[77.3588,18.3106],[77.3625,18.3083],[77.3813,18.306],[77.3926,18.3009],[77.3963,18.303],[77.4078,18.2996],[77.425,18.3047],[77.4278,18.3092],[77.4364,18.3065],[77.4346,18.293],[77.4369,18.282],[77.4449,18.2772],[77.4452,18.2701],[77.4508,18.266],[77.4654,18.26],[77.4692,18.2632],[77.4748,18.2623],[77.4803,18.2687],[77.4922,18.2659],[77.4977,18.2733],[77.5102,18.2784],[77.5126,18.282],[77.5084,18.3022],[77.5095,18.3067],[77.5198,18.3074],[77.5239,18.303],[77.5396,18.2938],[77.55,18.2913],[77.561,18.2831],[77.5707,18.2905],[77.5746,18.2893],[77.5743,18.2868],[77.5838,18.2831],[77.5978,18.2812],[77.603,18.278],[77.599,18.2729],[77.5919,18.2618],[77.5815,18.2563],[77.5725,18.2406],[77.5768,18.2331],[77.5811,18.2227],[77.585,18.2167],[77.5744,18.1999],[77.5643,18.2006],[77.5643,18.19],[77.57,18.1892],[77.5725,18.1789],[77.5775,18.1683],[77.5794,18.1621],[77.5892,18.1535],[77.5978,18.1518],[77.5935,18.1279],[77.5966,18.121],[77.6006,18.0994],[77.5975,18.0843],[77.5898,18.0803],[77.5774,18.0769],[77.5673,18.0763],[77.5605,18.0711],[77.5567,18.0622],[77.5474,18.0636],[77.5457,18.0538],[77.5481,18.048],[77.5521,18.0469],[77.5531,18.0347],[77.5578,18.0352],[77.5745,18.0307],[77.585,18.0248],[77.5872,18.0133],[77.5922,18.0102],[77.5995,18.0157],[77.6067,18.018],[77.6101,18.0105],[77.6159,18.0061],[77.6223,18.0047],[77.6239,18.0012],[77.6215,17.9983],[77.6288,17.9925],[77.6327,17.9951],[77.6382,17.9965],[77.6423,17.9959],[77.6462,17.9932],[77.6478,17.9873],[77.6498,17.9859],[77.6489,17.9784],[77.6436,17.9734],[77.6474,17.9704],[77.6534,17.9694],[77.652,17.9643],[77.6443,17.9627],[77.6428,17.9573],[77.6474,17.9532],[77.644,17.9464],[77.6406,17.9496],[77.6356,17.9505],[77.6318,17.9535],[77.6297,17.963],[77.6237,17.9578],[77.629,17.9538],[77.6289,17.9485],[77.6243,17.9437],[77.62,17.9445],[77.6168,17.9381],[77.6195,17.9301],[77.6187,17.9218],[77.6189,17.9135],[77.6166,17.9029],[77.6044,17.9055],[77.5998,17.9037],[77.5852,17.9082],[77.5831,17.8984],[77.5852,17.8925],[77.5925,17.8795],[77.5978,17.8771],[77.5967,17.8705],[77.5928,17.8698],[77.5813,17.8757],[77.5777,17.8712],[77.5727,17.8728],[77.5674,17.8661],[77.566,17.8496],[77.5622,17.8491],[77.5635,17.842],[77.5592,17.8386],[77.5543,17.8305],[77.5497,17.818],[77.5448,17.817],[77.5437,17.8263],[77.526,17.8268],[77.5261,17.8117],[77.5181,17.8077],[77.5109,17.8014],[77.507,17.793],[77.5045,17.7826],[77.5093,17.7801],[77.523,17.7796],[77.5276,17.7767],[77.5345,17.7747],[77.537,17.7705],[77.5545,17.7613],[77.566,17.7641],[77.562,17.7471],[77.5546,17.7411],[77.5519,17.7344],[77.5441,17.7334],[77.5394,17.7254],[77.534,17.7252],[77.5276,17.7271],[77.5226,17.724],[77.5095,17.72],[77.5054,17.7145],[77.4943,17.716],[77.4917,17.7129],[77.4893,17.7068],[77.4845,17.7036],[77.4811,17.7069],[77.4787,17.703],[77.4742,17.7014],[77.4716,17.704],[77.4579,17.699],[77.4546,17.6941],[77.4503,17.6913],[77.4514,17.6877],[77.451,17.6809],[77.4491,17.6661],[77.4456,17.6575],[77.445,17.6484],[77.4475,17.6471],[77.4508,17.6324],[77.4532,17.6308],[77.4488,17.6228],[77.4458,17.6123],[77.4465,17.6072],[77.4413,17.6066],[77.4405,17.6041],[77.4421,17.5958],[77.4399,17.5815],[77.4281,17.5824],[77.4096,17.5818],[77.396,17.5823],[77.3872,17.5852],[77.3754,17.5808],[77.3751,17.5938],[77.3667,17.5974],[77.3577,17.5987],[77.3469,17.5987],[77.3378,17.5874],[77.3264,17.5904],[77.3055,17.5932],[77.2978,17.5952],[77.2928,17.6061],[77.2829,17.6151],[77.2807,17.6184],[77.2777,17.6161],[77.2755,17.62],[77.2741,17.6244],[77.265,17.6253],[77.254,17.6234],[77.2463,17.6246],[77.2276,17.6298],[77.2248,17.6274],[77.2196,17.6284],[77.2163,17.6266],[77.2133,17.627],[77.2046,17.6232],[77.1982,17.6284],[77.1941,17.6277],[77.191,17.6194],[77.1921,17.6137],[77.1879,17.6133],[77.1737,17.6196],[77.1704,17.6242],[77.164,17.6264],[77.1518,17.6264],[77.1486,17.6292],[77.1484,17.6375],[77.1412,17.6426],[77.1422,17.6503],[77.1301,17.6599],[77.1321,17.6779],[77.1138,17.6826],[77.1094,17.6735],[77.103,17.6699],[77.1005,17.6652],[77.09,17.6657],[77.086,17.6576],[77.0775,17.6628],[77.0706,17.6621],[77.061,17.6652],[77.0525,17.668],[77.0481,17.6668],[77.0434,17.664],[77.0389,17.6676],[77.0357,17.6659],[77.0321,17.6761],[77.019,17.6733],[77.009,17.6802],[76.9976,17.6915],[76.9928,17.6933],[76.9893,17.6924],[76.9835,17.6898],[76.9787,17.6857],[76.9761,17.6764],[76.9761,17.6639],[76.9849,17.659],[76.9838,17.6541],[76.9783,17.6476],[76.9577,17.6344],[76.9559,17.6194],[76.9532,17.6172],[76.9494,17.6214],[76.9395,17.6094],[76.9376,17.6057],[76.9205,17.6087],[76.9178,17.615],[76.9177,17.6214],[76.9202,17.6219],[76.9266,17.6327],[76.9221,17.6354],[76.9062,17.639],[76.8994,17.6441],[76.8888,17.6417],[76.8773,17.6423],[76.8712,17.6438],[76.8524,17.6438],[76.8435,17.6471],[76.8347,17.6495],[76.8147,17.6474],[76.8054,17.6476],[76.804,17.6488],[76.7941,17.6491],[76.7867,17.6462],[76.7864,17.6408],[76.7816,17.6339],[76.7736,17.6363],[76.7694,17.6449],[76.771,17.6547],[76.7708,17.6618],[76.768,17.6642],[76.7436,17.666],[76.7325,17.6642],[76.7303,17.6576],[76.7199,17.6519],[76.7167,17.6449],[76.7157,17.6377],[76.7111,17.6374],[76.7024,17.6403],[76.6971,17.6439],[76.7033,17.6486],[76.7089,17.6545],[76.7091,17.659],[76.698,17.6611],[76.6946,17.6639],[76.6935,17.6707],[76.6906,17.68],[76.6931,17.6938],[76.6912,17.6981],[76.6909,17.7019],[76.6924,17.7053],[76.7008,17.7073],[76.7035,17.7186],[76.7021,17.7237],[76.6982,17.726],[76.7035,17.7291],[76.7276,17.737],[76.7265,17.7404],[76.7219,17.748],[76.718,17.7479],[76.7191,17.7613],[76.721,17.7676],[76.7172,17.7698],[76.7128,17.7714],[76.7124,17.7751],[76.7157,17.7819],[76.7194,17.7853],[76.7246,17.7851],[76.7394,17.7791],[76.7436,17.7808],[76.744,17.7835],[76.7478,17.7836],[76.7489,17.7864],[76.7628,17.7871],[76.7663,17.7966],[76.77,17.797],[76.7763,17.7994],[76.7798,17.8059],[76.7795,17.8103],[76.7814,17.8151],[76.7848,17.8196],[76.7882,17.8265],[76.7855,17.8315],[76.7797,17.8363],[76.7657,17.8508],[76.7643,17.8495],[76.7597,17.8521],[76.7546,17.8566],[76.7458,17.8583],[76.7375,17.8571],[76.7396,17.8836],[76.7396,17.892],[76.7407,17.898],[76.743,17.899],[76.766,17.8984],[76.7701,17.8924],[76.7731,17.8852],[76.7738,17.8822],[76.7733,17.8787],[76.7746,17.877],[76.7974,17.8693],[76.8028,17.8683],[76.8063,17.8705],[76.8054,17.8742],[76.8082,17.8831],[76.8111,17.8841],[76.8171,17.8831],[76.8204,17.8845],[76.8331,17.8827],[76.8318,17.8907],[76.8469,17.8964],[76.8538,17.8978],[76.8719,17.8947],[76.8753,17.8927],[76.8812,17.8931],[76.8832,17.8971],[76.8894,17.8972],[76.8924,17.9029],[76.8937,17.9074],[76.8966,17.908],[76.9002,17.9147],[76.9132,17.9138],[76.9164,17.9151],[76.9183,17.9231],[76.9192,17.9367],[76.9132,17.9372],[76.9173,17.9605],[76.9182,17.9729],[76.9196,17.9854],[76.9197,17.9906],[76.9176,17.9963],[76.9185,17.9987],[76.9182,18.0019],[76.9177,18.0123],[76.9202,18.0138],[76.9194,18.022],[76.9177,18.0332],[76.9386,18.0372],[76.9521,18.0377],[76.9546,18.0397],[76.9543,18.0427],[76.9486,18.0457],[76.9484,18.0487],[76.9506,18.0583],[76.9527,18.0634],[76.9495,18.0683],[76.947,18.0738],[76.9497,18.0823],[76.9548,18.0854],[76.9643,18.0882],[76.9673,18.0926],[76.9683,18.0971],[76.9586,18.1064],[76.9534,18.1101],[76.9425,18.1114],[76.9322,18.111],[76.9226,18.1161],[76.9223,18.1202],[76.9242,18.1245],[76.93,18.1323],[76.9318,18.1366],[76.9277,18.1399],[76.9254,18.1448],[76.9334,18.1579],[76.9438,18.1547],[76.951,18.1725],[76.9541,18.1849],[76.9588,18.1861],[76.9709,18.1869],[76.9799,18.1874],[76.9806,18.1894],[76.9879,18.1885],[76.9915,18.1867],[76.993,18.1821],[76.9955,18.1784],[76.9953,18.1733],[76.9978,18.1668],[77.024,18.1627],[77.0227,18.1712],[77.0217,18.1782],[77.0303,18.1793],[77.0324,18.183],[77.0328,18.1838],[77.0381,18.1813],[77.0494,18.1732],[77.0503,18.1613],[77.0577,18.1559],[77.0577,18.1524],[77.0691,18.1494],[77.0862,18.1503],[77.0893,18.156],[77.0927,18.157],[77.0966,18.1581],[77.1089,18.1527],[77.1163,18.1676],[77.1029,18.1863],[77.0989,18.1911],[77.0955,18.1951],[77.1066,18.2018],[77.1166,18.2024],[77.121,18.2067],[77.1311,18.2062],[77.1395,18.2072],[77.1422,18.216],[77.15,18.2166],[77.1506,18.2215],[77.1488,18.2215],[77.1477,18.2214],[77.1478,18.2376],[77.1514,18.2379],[77.1572,18.2531],[77.1657,18.2559],[77.1674,18.2735],[77.1705,18.2809],[77.1778,18.2819],[77.1917,18.2743],[77.1988,18.2792],[77.2062,18.278],[77.2045,18.2905],[77.1976,18.2955],[77.1954,18.3127],[77.2001,18.3192],[77.21,18.3137],[77.2169,18.3249],[77.223,18.3378],[77.2273,18.3449],[77.2214,18.3472],[77.2308,18.3656],[77.2416,18.3664],[77.245,18.3706],[77.2329,18.3861],[77.2364,18.3998],[77.2402,18.4086],[77.2491,18.4083],[77.2584,18.4104],[77.2646,18.4184],[77.2948,18.4327],[77.3023,18.4385],[77.3133,18.4394],[77.3174,18.4538],[77.3256,18.4551],[77.326,18.4489],[77.3327,18.4485],[77.3334,18.4419],[77.3373,18.4354]]]}},{"type":"Feature","properties":{"district":"Bijapur"},"geometry":{"type":"Polygon","coordinates":[[[75.6972,17.4106],[75.7081,17.4083],[75.7152,17.4089],[75.7224,17.4118],[75.729,17.4195],[75.734,17.4217],[75.737,17.4219],[75.7505,17.4129],[75.7588,17.4084],[75.7641,17.4084],[75.7698,17.4068],[75.7766,17.3882],[75.7823,17.3788],[75.791,17.373],[75.8023,17.3701],[75.8113,17.3699],[75.8151,17.3738],[75.8176,17.3807],[75.8177,17.388],[75.8163,17.3978],[75.8173,17.4012],[75.8203,17.4066],[75.822,17.4197],[75.8247,17.4228],[75.8278,17.4237],[75.8389,17.4205],[75.8479,17.4153],[75.856,17.4077],[75.8591,17.389],[75.862,17.3859],[75.8649,17.3864],[75.8767,17.397],[75.8789,17.4003],[75.8791,17.4049],[75.8771,17.4114],[75.8784,17.4165],[75.8824,17.419],[75.8872,17.4173],[75.8903,17.4136],[75.8944,17.4059],[75.8964,17.395],[75.897,17.377],[75.8964,17.37],[75.892,17.3608],[75.8937,17.3536],[75.8981,17.3508],[75.9107,17.3458],[75.9162,17.339],[75.9312,17.3241],[75.9417,17.3249],[75.9598,17.3338],[75.9715,17.3365],[75.9807,17.3362],[76.0003,17.3377],[76.0042,17.3428],[76.0091,17.3475],[76.0155,17.3506],[76.0213,17.3493],[76.0367,17.349],[76.0545,17.3543],[76.0605,17.3539],[76.0632,17.3519],[76.0735,17.3323],[76.0704,17.3208],[76.0668,17.314],[76.0666,17.3075],[76.0757,17.3015],[76.0901,17.2953],[76.0973,17.2894],[76.0979,17.2816],[76.0878,17.2648],[76.0878,17.2581],[76.0903,17.2542],[76.0978,17.2518],[76.114,17.2484],[76.1247,17.2429],[76.1424,17.2287],[76.1486,17.2229],[76.1607,17.2142],[76.1663,17.209],[76.1712,17.202],[76.1775,17.1908],[76.1881,17.1839],[76.1951,17.1808],[76.2055,17.181],[76.2117,17.1823],[76.2194,17.1821],[76.2234,17.1723],[76.2328,17.1627],[76.2363,17.1554],[76.2404,17.1501],[76.2438,17.1469],[76.2546,17.1449],[76.2599,17.1475],[76.2639,17.1531],[76.2699,17.1593],[76.2755,17.1618],[76.282,17.1632],[76.2922,17.1638],[76.3029,17.1654],[76.3229,17.1658],[76.3317,17.1682],[76.346,17.1784],[76.3544,17.1831],[76.3593,17.1818],[76.3653,17.1736],[76.3676,17.1623],[76.3665,17.1558],[76.3587,17.1432],[76.3581,17.1403],[76.3598,17.1358],[76.3658,17.1349],[76.3743,17.1383],[76.386,17.14],[76.3927,17.1381],[76.3921,17.1309],[76.3853,17.1253],[76.3776,17.123],[76.369,17.119],[76.3632,17.1145],[76.3624,17.1107],[76.3657,17.105],[76.3765,17.1007],[76.3838,17.0967],[76.3874,17.0891],[76.3876,17.0836],[76.3859,17.0718],[76.389,17.0655],[76.3975,17.0693],[76.4029,17.0769],[76.4089,17.0834],[76.4143,17.0877],[76.4198,17.0915],[76.4286,17.097],[76.4281,17.0761],[76.4285,17.0639],[76.4289,17.0519],[76.4259,17.0495],[76.4261,17.0461],[76.4289,17.0263],[76.4339,17.0251],[76.4341,17.0225],[76.4311,17.0205],[76.437,17.0043],[76.4363,16.9991],[76.4373,16.9983],[76.4341,16.9778],[76.4186,16.9745],[76.4131,16.9746],[76.4077,16.9746],[76.4033,16.974],[76.3995,16.9734],[76.4,16.9322],[76.4179,16.9239],[76.4265,16.9255],[76.4355,16.939],[76.4449,16.9382],[76.4516,16.9232],[76.4579,16.9218],[76.4644,16.9002],[76.464,16.8978],[76.4611,16.8962],[76.434,16.8953],[76.4331,16.8785],[76.4343,16.8779],[76.4364,16.8769],[76.4368,16.8647],[76.4579,16.8632],[76.4585,16.8567],[76.461,16.8562],[76.4625,16.8462],[76.4683,16.8459],[76.4688,16.8367],[76.4619,16.835],[76.4606,16.8304],[76.4299,16.835],[76.4282,16.8453],[76.4162,16.847],[76.4153,16.8491],[76.4041,16.8514],[76.4026,16.855],[76.3873,16.8527],[76.3737,16.8561],[76.3702,16.8481],[76.3641,16.8423],[76.3571,16.8355],[76.3537,16.8162],[76.4127,16.8101],[76.4103,16.795],[76.4065,16.795],[76.4027,16.7951],[76.3989,16.7986],[76.3957,16.8017],[76.3857,16.7969],[76.3776,16.7983],[76.3718,16.776],[76.3708,16.7648],[76.411,16.7644],[76.4109,16.7606],[76.4172,16.7601],[76.4181,16.7642],[76.4341,16.7602],[76.4423,16.7536],[76.439,16.7496],[76.4395,16.7389],[76.4385,16.7371],[76.4358,16.7365],[76.4335,16.7359],[76.4286,16.7333],[76.4273,16.7292],[76.4223,16.7234],[76.4196,16.7163],[76.4192,16.7127],[76.4243,16.7125],[76.4297,16.7123],[76.4344,16.7108],[76.4419,16.7101],[76.446,16.7189],[76.4574,16.7186],[76.4572,16.7139],[76.4592,16.7074],[76.4604,16.7043],[76.4578,16.7029],[76.4504,16.7087],[76.437,16.704],[76.4368,16.7001],[76.4325,16.6961],[76.43,16.6967],[76.4254,16.6926],[76.4246,16.6817],[76.4195,16.6768],[76.4187,16.6709],[76.4078,16.6555],[76.4056,16.65],[76.4037,16.645],[76.4044,16.6267],[76.4089,16.6152],[76.4082,16.6104],[76.4137,16.603],[76.4163,16.5963],[76.4128,16.5869],[76.4202,16.5742],[76.4224,16.5597],[76.4229,16.5472],[76.4344,16.5083],[76.4315,16.5039],[76.4326,16.5],[76.4301,16.4969],[76.4313,16.4489],[76.4334,16.4462],[76.4358,16.4319],[76.4028,16.4289],[76.4018,16.4315],[76.3901,16.4319],[76.3826,16.4193],[76.3535,16.4169],[76.3497,16.4217],[76.342,16.422],[76.3326,16.421],[76.3336,16.4124],[76.3314,16.4056],[76.3366,16.3954],[76.3327,16.3866],[76.3268,16.3898],[76.3193,16.392],[76.3157,16.389],[76.3125,16.3909],[76.3093,16.3918],[76.3051,16.3734],[76.31,16.3568],[76.3124,16.3554],[76.3148,16.3418],[76.3057,16.3412],[76.3047,16.3363],[76.3019,16.3366],[76.3015,16.3323],[76.2943,16.331],[76.2929,16.3215],[76.2943,16.3214],[76.2969,16.3145],[76.304,16.3125],[76.3004,16.3038],[76.2996,16.2953],[76.301,16.2803],[76.3085,16.2817],[76.3208,16.282],[76.3223,16.2777],[76.3401,16.2752],[76.342,16.2721],[76.3469,16.2709],[76.3471,16.2625],[76.3447,16.2429],[76.3486,16.2409],[76.3508,16.2362],[76.3529,16.2227],[76.3453,16.2079],[76.3311,16.1907],[76.3279,16.1879],[76.3208,16.1855],[76.3111,16.1842],[76.3068,16.1816],[76.3032,16.1816],[76.2971,16.1791],[76.2927,16.1733],[76.2901,16.1589],[76.2872,16.1523],[76.2841,16.1488],[76.2803,16.1466],[76.2717,16.148],[76.2637,16.1511],[76.2569,16.1555],[76.2486,16.1594],[76.2399,16.1622],[76.1922,16.1743],[76.1691,16.1808],[76.1629,16.181],[76.1538,16.18],[76.1407,16.1774],[76.1198,16.1868],[76.1089,16.1896],[76.0864,16.2004],[76.0783,16.2011],[76.0706,16.2029],[76.0663,16.2049],[76.0632,16.2071],[76.0612,16.211],[76.0593,16.2165],[76.0594,16.2229],[76.0609,16.2275],[76.068,16.2384],[76.0685,16.2444],[76.0664,16.2559],[76.0632,16.2612],[76.0566,16.2676],[76.0494,16.2721],[76.0373,16.2812],[76.0342,16.2846],[76.03,16.293],[76.0279,16.2956],[76.0227,16.2979],[76.0127,16.299],[75.9999,16.2987],[75.994,16.2956],[75.989,16.2954],[75.9801,16.2966],[75.9673,16.2945],[75.9591,16.2948],[75.9494,16.3005],[75.9345,16.311],[75.9174,16.316],[75.9153,16.3175],[75.9072,16.3184],[75.8914,16.3235],[75.8858,16.3285],[75.8742,16.3406],[75.8662,16.3436],[75.8523,16.344],[75.8446,16.346],[75.8386,16.3484],[75.8263,16.357],[75.8176,16.3621],[75.807,16.3661],[75.7947,16.3684],[75.7892,16.3719],[75.7829,16.3774],[75.747,16.3845],[75.7348,16.3858],[75.7253,16.3879],[75.7174,16.3919],[75.7095,16.3985],[75.689,16.4115],[75.6849,16.416],[75.6798,16.42],[75.6765,16.4188],[75.6535,16.4315],[75.6446,16.4378],[75.6268,16.4419],[75.6196,16.4429],[75.6113,16.4438],[75.6059,16.4425],[75.5935,16.4355],[75.5868,16.4272],[75.5814,16.4179],[75.5782,16.4093],[75.5731,16.4074],[75.5635,16.4116],[75.5583,16.4198],[75.557,16.4289],[75.5534,16.4407],[75.5543,16.4451],[75.5544,16.4538],[75.5476,16.4604],[75.5379,16.4624],[75.5233,16.4592],[75.5006,16.4494],[75.4995,16.4401],[75.5022,16.4309],[75.5009,16.4249],[75.495,16.4173],[75.4797,16.413],[75.4687,16.4146],[75.4606,16.4095],[75.4519,16.4111],[75.4366,16.4267],[75.4366,16.4353],[75.4413,16.4411],[75.4532,16.4533],[75.462,16.4645],[75.4638,16.4732],[75.4581,16.5035],[75.4778,16.5065],[75.4884,16.5069],[75.4868,16.5169],[75.4913,16.5186],[75.4939,16.5216],[75.4927,16.5236],[75.4924,16.5264],[75.4893,16.5293],[75.49,16.5332],[75.4904,16.5471],[75.4857,16.5553],[75.4759,16.5584],[75.476,16.563],[75.4809,16.5637],[75.4862,16.5678],[75.4871,16.576],[75.4941,16.5836],[75.4944,16.5906],[75.4919,16.5978],[75.4852,16.6042],[75.4789,16.6085],[75.4681,16.6136],[75.4635,16.6195],[75.4627,16.6307],[75.4585,16.6484],[75.4575,16.6611],[75.4476,16.6615],[75.4439,16.6836],[75.4412,16.695],[75.4526,16.6962],[75.4862,16.6914],[75.4928,16.6961],[75.4949,16.7049],[75.4941,16.7265],[75.4958,16.7377],[75.4941,16.7432],[75.48,16.7453],[75.466,16.7533],[75.4571,16.7529],[75.4496,16.7534],[75.4409,16.7577],[75.4297,16.7649],[75.4221,16.7656],[75.4014,16.7597],[75.3955,16.7594],[75.39,16.7601],[75.3856,16.7777],[75.3848,16.7868],[75.3817,16.7962],[75.3801,16.8065],[75.3829,16.8084],[75.382,16.8225],[75.3833,16.8276],[75.3873,16.8382],[75.3968,16.8588],[75.3763,16.8617],[75.3591,16.8658],[75.337,16.8664],[75.3363,16.9127],[75.3372,16.9198],[75.3395,16.9241],[75.3454,16.9445],[75.3453,16.9525],[75.3596,16.9569],[75.3644,16.9636],[75.3717,16.9687],[75.3948,16.9764],[75.4168,16.9695],[75.431,16.9635],[75.4389,16.9709],[75.4438,16.9795],[75.4535,16.9827],[75.4679,16.9853],[75.4686,16.9796],[75.4825,16.976],[75.4897,16.9654],[75.4918,16.9578],[75.4926,16.9515],[75.493,16.9452],[75.4925,16.9429],[75.5019,16.9454],[75.5093,16.9486],[75.5107,16.9473],[75.517,16.9519],[75.5241,16.9587],[75.53,16.9658],[75.5329,16.9667],[75.5428,16.9631],[75.5585,16.9643],[75.5703,16.9636],[75.5693,16.9989],[75.5699,17.0062],[75.5758,17.0078],[75.5994,17.0052],[75.6095,17.0031],[75.6097,16.9989],[75.6107,16.9696],[75.621,16.9678],[75.6309,16.9671],[75.6363,16.9658],[75.6394,16.9592],[75.645,16.951],[75.6496,16.952],[75.6556,16.9561],[75.6637,16.9579],[75.6714,16.9585],[75.6746,16.9603],[75.6784,16.9639],[75.6746,16.9694],[75.6726,16.9741],[75.6694,16.9756],[75.6688,16.9778],[75.6687,16.9832],[75.6705,16.9988],[75.6731,17.0262],[75.6722,17.0357],[75.6622,17.0324],[75.654,17.0306],[75.6482,17.0327],[75.6438,17.0364],[75.6479,17.0466],[75.6544,17.0551],[75.6627,17.0618],[75.671,17.0616],[75.6784,17.0629],[75.6811,17.0711],[75.6801,17.0783],[75.6774,17.0877],[75.6785,17.0942],[75.6755,17.1011],[75.6741,17.1136],[75.6536,17.1131],[75.6527,17.1327],[75.6497,17.1332],[75.6487,17.1388],[75.6427,17.1476],[75.6314,17.1601],[75.628,17.1701],[75.6285,17.1807],[75.6302,17.1814],[75.6307,17.1862],[75.6426,17.1882],[75.6436,17.1941],[75.6574,17.2038],[75.6621,17.2083],[75.6639,17.2138],[75.6628,17.2279],[75.6609,17.24],[75.6599,17.2614],[75.6575,17.2706],[75.6323,17.2722],[75.6334,17.2774],[75.6311,17.2798],[75.6279,17.2881],[75.6247,17.2938],[75.606,17.3033],[75.6137,17.3194],[75.616,17.3288],[75.6131,17.3423],[75.5981,17.3451],[75.5899,17.3497],[75.5848,17.3498],[75.5841,17.3513],[75.5785,17.3829],[75.5837,17.3822],[75.5882,17.383],[75.5982,17.3861],[75.6033,17.3899],[75.6106,17.392],[75.6158,17.3919],[75.6167,17.3986],[75.615,17.4096],[75.6106,17.4171],[75.6101,17.4195],[75.6154,17.422],[75.6187,17.4391],[75.6253,17.4581],[75.6313,17.4612],[75.6329,17.4696],[75.6356,17.4775],[75.6496,17.4734],[75.6562,17.4675],[75.6623,17.4597],[75.6704,17.4593],[75.6776,17.458],[75.6808,17.454],[75.6808,17.4362],[75.6871,17.4173],[75.6912,17.4126],[75.6972,17.4106]]]}},{"type":"Feature","properties":{"district":"Chamrajnagar"},"geometry":{"type":"Polygon","coordinates":[[[77.2705,12.2997],[77.2781,12.297],[77.2838,12.295],[77.2868,12.2927],[77.2896,12.2914],[77.2936,12.2897],[77.2989,12.2913],[77.3051,12.2954],[77.3133,12.2986],[77.3177,12.2974],[77.3207,12.294],[77.3238,12.2884],[77.3267,12.2808],[77.331,12.2743],[77.3373,12.2702],[77.3438,12.2698],[77.3544,12.2738],[77.3599,12.2722],[77.3692,12.271],[77.389,12.2697],[77.3982,12.2723],[77.4058,12.2771],[77.4111,12.2789],[77.4204,12.2779],[77.426,12.2731],[77.43,12.2658],[77.4335,12.2576],[77.4388,12.2416],[77.4412,12.2398],[77.4538,12.239],[77.463,12.2358],[77.4668,12.234],[77.4737,12.2249],[77.4723,12.2173],[77.4684,12.2102],[77.4657,12.2023],[77.4692,12.1965],[77.4749,12.1958],[77.4788,12.194],[77.4825,12.1901],[77.4925,12.1872],[77.5113,12.184],[77.5198,12.1887],[77.5245,12.1882],[77.5281,12.19],[77.531,12.1901],[77.5334,12.1938],[77.5385,12.1945],[77.5467,12.1904],[77.5558,12.1871],[77.5653,12.1905],[77.5696,12.1881],[77.5842,12.1888],[77.5911,12.1906],[77.5966,12.1953],[77.6041,12.1952],[77.6105,12.1916],[77.6158,12.1898],[77.6214,12.1917],[77.6256,12.1897],[77.6289,12.1863],[77.633,12.1864],[77.6447,12.1886],[77.6554,12.1877],[77.6681,12.1837],[77.6728,12.1814],[77.7013,12.1726],[77.7108,12.1733],[77.7195,12.1715],[77.7264,12.1673],[77.7291,12.16],[77.732,12.1546],[77.7391,12.1479],[77.7405,12.1426],[77.7402,12.1293],[77.7442,12.1267],[77.7473,12.1223],[77.7528,12.118],[77.767,12.1091],[77.7684,12.1056],[77.7664,12.101],[77.7628,12.0975],[77.7583,12.0944],[77.7563,12.092],[77.7505,12.0805],[77.7461,12.0693],[77.734,12.0602],[77.7204,12.0534],[77.7156,12.0485],[77.7126,12.0414],[77.7072,12.0333],[77.7016,12.0271],[77.6941,12.0152],[77.6895,12.0099],[77.6812,11.9912],[77.681,11.9912],[77.6772,11.9843],[77.6671,11.9589],[77.6637,11.953],[77.6647,11.9397],[77.6604,11.9381],[77.6548,11.9374],[77.6468,11.9387],[77.6434,11.9442],[77.6395,11.9428],[77.6367,11.9403],[77.6302,11.938],[77.6152,11.9341],[77.6037,11.9303],[77.596,11.9293],[77.5914,11.9263],[77.5857,11.9295],[77.579,11.9283],[77.5733,11.924],[77.548,11.9307],[77.5313,11.9265],[77.5237,11.9215],[77.514,11.9257],[77.511,11.9253],[77.5006,11.9272],[77.4904,11.9297],[77.4844,11.9324],[77.4828,11.9287],[77.4839,11.9215],[77.4822,11.9121],[77.4795,11.9004],[77.4773,11.8953],[77.476,11.8896],[77.4772,11.8818],[77.4769,11.876],[77.4737,11.8778],[77.4704,11.8836],[77.4674,11.8832],[77.4633,11.8873],[77.4539,11.8906],[77.4528,11.8885],[77.4539,11.8819],[77.453,11.8759],[77.4533,11.8709],[77.4552,11.8673],[77.4539,11.8573],[77.4521,11.8532],[77.4525,11.8491],[77.451,11.8443],[77.4554,11.8427],[77.4563,11.8391],[77.4516,11.8234],[77.4466,11.8163],[77.4465,11.8115],[77.4425,11.8065],[77.4409,11.7913],[77.4362,11.7818],[77.4321,11.7789],[77.4303,11.7767],[77.4311,11.7717],[77.4238,11.7661],[77.4207,11.7603],[77.4193,11.7507],[77.4135,11.7512],[77.4125,11.7561],[77.4125,11.7623],[77.4065,11.7623],[77.4015,11.764],[77.3819,11.7762],[77.3622,11.7758],[77.3595,11.7788],[77.3552,11.7784],[77.3509,11.7686],[77.3457,11.7641],[77.3261,11.7589],[77.3136,11.77],[77.3062,11.7787],[77.2905,11.7942],[77.2848,11.7984],[77.2824,11.7929],[77.2783,11.7897],[77.2723,11.7912],[77.2485,11.8009],[77.2417,11.8025],[77.2413,11.794],[77.2371,11.7882],[77.2271,11.7837],[77.2164,11.7848],[77.2039,11.7845],[77.1897,11.7828],[77.1784,11.7795],[77.1723,11.7757],[77.1659,11.7742],[77.1554,11.7743],[77.1438,11.7713],[77.1372,11.772],[77.1346,11.7664],[77.131,11.7624],[77.1274,11.7609],[77.1197,11.7634],[77.1139,11.7618],[77.111,11.7631],[77.1028,11.7631],[77.1053,11.7595],[77.1061,11.7562],[77.1057,11.7506],[77.1032,11.7459],[77.1054,11.7316],[77.1083,11.7224],[77.1093,11.7128],[77.1037,11.7155],[77.0963,11.7231],[77.0759,11.7239],[77.0716,11.725],[77.0739,11.7295],[77.0501,11.7577],[77.0544,11.765],[77.0619,11.7721],[77.0565,11.7771],[77.0525,11.7792],[77.0457,11.7792],[77.0413,11.7776],[77.0276,11.7617],[77.0223,11.7647],[77.0303,11.7783],[77.0317,11.784],[77.0277,11.7867],[77.0286,11.7891],[77.0228,11.795],[77.0186,11.7973],[77.0134,11.7992],[77.0088,11.797],[77.0044,11.803],[76.9904,11.7993],[76.9821,11.7995],[76.9728,11.8011],[76.9734,11.7951],[76.9748,11.791],[76.9654,11.7765],[76.9633,11.7708],[76.9596,11.7652],[76.9532,11.7713],[76.9503,11.7754],[76.9444,11.7813],[76.9403,11.781],[76.9358,11.7767],[76.9324,11.7774],[76.9267,11.7809],[76.9135,11.7804],[76.9068,11.7812],[76.8997,11.7833],[76.8934,11.7773],[76.8915,11.7701],[76.888,11.7659],[76.8893,11.7606],[76.8885,11.7504],[76.886,11.7445],[76.8817,11.7301],[76.8809,11.7246],[76.8756,11.7179],[76.8646,11.7105],[76.8536,11.6988],[76.8557,11.6943],[76.8491,11.6872],[76.8462,11.6825],[76.8447,11.6774],[76.8414,11.6698],[76.8384,11.6647],[76.8357,11.6561],[76.8323,11.6527],[76.83,11.649],[76.8285,11.6441],[76.8278,11.6384],[76.8292,11.635],[76.8297,11.6293],[76.8331,11.6253],[76.8388,11.6234],[76.838,11.6188],[76.8383,11.6158],[76.8416,11.6132],[76.8458,11.6116],[76.8459,11.6061],[76.8509,11.6018],[76.8473,11.5886],[76.8438,11.586],[76.8373,11.5745],[76.836,11.584],[76.8335,11.587],[76.8299,11.5898],[76.8236,11.5913],[76.8165,11.5972],[76.8083,11.5962],[76.7908,11.5997],[76.7808,11.6036],[76.7738,11.6034],[76.7514,11.6067],[76.7463,11.6105],[76.741,11.6058],[76.7354,11.6052],[76.7202,11.6051],[76.7075,11.6059],[76.6931,11.6044],[76.679,11.6041],[76.6644,11.6051],[76.6337,11.6035],[76.6257,11.6038],[76.6079,11.6004],[76.6014,11.6012],[76.5967,11.6034],[76.5883,11.6044],[76.5862,11.608],[76.581,11.6094],[76.5748,11.6057],[76.5601,11.6101],[76.5536,11.6129],[76.5532,11.6195],[76.5497,11.627],[76.5471,11.6358],[76.5452,11.6483],[76.5431,11.6565],[76.543,11.663],[76.5404,11.6705],[76.5353,11.677],[76.5247,11.686],[76.5131,11.6942],[76.5042,11.698],[76.4878,11.6855],[76.4853,11.6823],[76.4793,11.6824],[76.4738,11.6842],[76.4737,11.6781],[76.4666,11.6723],[76.4514,11.6551],[76.4313,11.6566],[76.4235,11.6593],[76.4176,11.6634],[76.4102,11.6646],[76.4074,11.6695],[76.4022,11.6831],[76.4029,11.6995],[76.3964,11.7011],[76.4031,11.7068],[76.4063,11.7036],[76.4087,11.7041],[76.4111,11.71],[76.4179,11.7136],[76.4189,11.7171],[76.419,11.7215],[76.4173,11.7259],[76.412,11.7343],[76.4056,11.7334],[76.4066,11.7406],[76.4108,11.7465],[76.4077,11.7533],[76.4133,11.7604],[76.4157,11.7675],[76.4102,11.7687],[76.4083,11.7703],[76.4097,11.7772],[76.4075,11.7804],[76.4133,11.7802],[76.4152,11.7825],[76.4164,11.7867],[76.4213,11.7848],[76.4209,11.7886],[76.417,11.7933],[76.4032,11.8003],[76.4033,11.8028],[76.405,11.8041],[76.4161,11.7984],[76.4466,11.7878],[76.4542,11.7833],[76.4623,11.8098],[76.48,11.8121],[76.4844,11.8137],[76.4815,11.8316],[76.4833,11.8514],[76.4906,11.8513],[76.4965,11.8528],[76.5062,11.8569],[76.5197,11.8603],[76.5262,11.8636],[76.5325,11.8601],[76.5382,11.8551],[76.5474,11.8487],[76.5499,11.8826],[76.5521,11.8888],[76.5631,11.8983],[76.567,11.9068],[76.5686,11.9139],[76.5642,11.9177],[76.5633,11.9224],[76.5643,11.9281],[76.5524,11.9383],[76.5576,11.9456],[76.5622,11.9505],[76.5657,11.9563],[76.5708,11.9692],[76.5705,11.9774],[76.5758,11.9751],[76.5801,11.9753],[76.5848,11.9766],[76.5908,11.9761],[76.5992,11.9819],[76.6046,11.982],[76.6138,11.9801],[76.6308,11.9735],[76.6359,11.975],[76.6386,11.9794],[76.6435,11.9933],[76.6454,11.9976],[76.6498,12.0015],[76.6542,11.9998],[76.6609,12.0004],[76.6637,11.9996],[76.6667,11.9972],[76.6688,11.9942],[76.6714,11.9933],[76.6753,11.9897],[76.6863,11.9896],[76.6896,11.9876],[76.6914,11.9896],[76.6943,11.9872],[76.6936,11.9814],[76.6972,11.9802],[76.6987,11.9746],[76.7084,11.9744],[76.7125,11.9802],[76.7174,11.9803],[76.7218,11.9823],[76.7261,11.9891],[76.729,11.9922],[76.7295,11.9931],[76.7328,12.0029],[76.7366,12.0033],[76.7371,11.9949],[76.7383,11.9936],[76.7399,11.993],[76.7449,11.9899],[76.7588,11.9885],[76.7618,11.985],[76.7641,11.9808],[76.7736,11.9741],[76.7812,11.9755],[76.7872,11.9775],[76.7913,11.9799],[76.7908,11.9928],[76.7905,11.9948],[76.7844,12.0015],[76.7904,12.0066],[76.7943,12.009],[76.7978,12.0101],[76.8001,12.0135],[76.8037,12.017],[76.8053,12.0216],[76.8101,12.0209],[76.8129,12.0195],[76.8141,12.0168],[76.8145,12.0105],[76.8139,12.0066],[76.8155,12.0028],[76.826,11.9987],[76.8275,11.9956],[76.8301,11.9927],[76.832,11.9902],[76.8357,11.989],[76.8472,11.9882],[76.8521,11.9888],[76.8552,11.9926],[76.8572,11.9953],[76.8565,11.9993],[76.8656,11.9979],[76.8762,12.0067],[76.8759,12.0049],[76.8781,11.9925],[76.8803,11.9891],[76.8902,11.9873],[76.8961,11.9879],[76.901,11.9924],[76.9032,11.9942],[76.9172,12.0037],[76.9259,12.0046],[76.9298,12.0075],[76.9306,12.0188],[76.9154,12.018],[76.9101,12.0189],[76.9075,12.0209],[76.9072,12.0251],[76.9027,12.0284],[76.9028,12.0319],[76.8989,12.0347],[76.8923,12.0372],[76.8889,12.0408],[76.884,12.0398],[76.8838,12.0507],[76.8631,12.0486],[76.8606,12.0518],[76.8488,12.0525],[76.8521,12.0555],[76.8634,12.057],[76.8635,12.0614],[76.867,12.0676],[76.8719,12.0718],[76.8749,12.0763],[76.8697,12.1003],[76.868,12.1056],[76.8664,12.108],[76.8566,12.1105],[76.84,12.1102],[76.8387,12.1069],[76.8369,12.1124],[76.8253,12.1207],[76.8246,12.1231],[76.825,12.1263],[76.8264,12.1292],[76.8326,12.1364],[76.8348,12.1432],[76.8348,12.1484],[76.8455,12.1516],[76.8395,12.1583],[76.8457,12.1611],[76.8445,12.1704],[76.8477,12.1742],[76.8492,12.1771],[76.8545,12.1724],[76.8612,12.1612],[76.8621,12.1562],[76.8617,12.1406],[76.8643,12.1329],[76.8695,12.1259],[76.8735,12.1225],[76.8795,12.1196],[76.8814,12.1196],[76.8848,12.1122],[76.8922,12.1142],[76.8959,12.1138],[76.8974,12.1054],[76.9026,12.1053],[76.908,12.1051],[76.915,12.1059],[76.9248,12.096],[76.9324,12.0911],[76.9353,12.0901],[76.9384,12.0902],[76.9462,12.0934],[76.9596,12.1031],[76.964,12.1075],[76.9603,12.1109],[76.96,12.1144],[76.9649,12.1127],[76.9666,12.1132],[76.968,12.1177],[76.9683,12.1257],[76.978,12.1325],[76.9803,12.136],[76.9809,12.1401],[76.9806,12.1539],[76.981,12.1555],[76.9817,12.1577],[76.982,12.1621],[76.9836,12.1651],[76.9851,12.1677],[76.9871,12.1686],[76.9892,12.1683],[76.9894,12.167],[76.991,12.1584],[76.9955,12.1582],[76.9961,12.1524],[76.9982,12.1521],[77.0053,12.1561],[77.0033,12.1436],[77.0079,12.1408],[77.0036,12.1368],[77.0063,12.1352],[77.006,12.1332],[77.0057,12.1315],[77.011,12.1272],[77.0213,12.1306],[77.0269,12.1324],[77.0285,12.1292],[77.0304,12.1224],[77.0334,12.1209],[77.0357,12.1242],[77.0372,12.1314],[77.0357,12.1354],[77.0329,12.1356],[77.0313,12.1397],[77.0355,12.1469],[77.0373,12.1608],[77.0502,12.1629],[77.0573,12.165],[77.0671,12.1762],[77.0733,12.1804],[77.081,12.1819],[77.0901,12.1817],[77.0997,12.1814],[77.1067,12.1848],[77.1193,12.1956],[77.1213,12.1962],[77.1227,12.1967],[77.1246,12.2005],[77.1227,12.2065],[77.1258,12.2192],[77.1171,12.2271],[77.1165,12.2311],[77.104,12.2342],[77.1126,12.2356],[77.1248,12.2408],[77.1294,12.2408],[77.1355,12.2408],[77.137,12.2425],[77.143,12.248],[77.1558,12.2481],[77.1608,12.2513],[77.1598,12.2582],[77.1567,12.2661],[77.159,12.2815],[77.1595,12.2848],[77.1592,12.294],[77.157,12.3009],[77.184,12.2996],[77.2058,12.2996],[77.2092,12.2963],[77.2164,12.2963],[77.2251,12.3009],[77.2405,12.2987],[77.2464,12.3018],[77.2545,12.3038],[77.2627,12.3042],[77.2705,12.2997]]]}},{"type":"Feature","properties":{"district":"Chikmagalur"},"geometry":{"type":"Polygon","coordinates":[[[76.0957,13.8584],[76.0973,13.8546],[76.1026,13.835],[76.1132,13.8064],[76.1277,13.8073],[76.1281,13.7961],[76.1308,13.7813],[76.1355,13.7656],[76.1397,13.7554],[76.1482,13.7243],[76.1527,13.7242],[76.1615,13.7225],[76.1668,13.7207],[76.17,13.7145],[76.1706,13.7086],[76.1804,13.708],[76.1883,13.7047],[76.1986,13.7041],[76.2171,13.706],[76.2183,13.6986],[76.2181,13.69],[76.2191,13.6732],[76.2228,13.6716],[76.2327,13.6724],[76.2419,13.6595],[76.2515,13.6556],[76.2587,13.649],[76.2624,13.6421],[76.283,13.6404],[76.2831,13.6375],[76.2785,13.6268],[76.2743,13.606],[76.2701,13.5995],[76.2723,13.5968],[76.2758,13.5996],[76.2789,13.5971],[76.281,13.594],[76.2834,13.5944],[76.2915,13.5892],[76.2892,13.5845],[76.2999,13.5823],[76.3035,13.5861],[76.3078,13.5846],[76.3303,13.5885],[76.3374,13.5698],[76.3434,13.569],[76.3499,13.5719],[76.3518,13.5686],[76.3533,13.564],[76.3598,13.5403],[76.3584,13.5242],[76.3446,13.5192],[76.3453,13.5099],[76.341,13.5078],[76.3356,13.507],[76.329,13.5117],[76.3229,13.5177],[76.3194,13.5274],[76.3143,13.5321],[76.313,13.5318],[76.3124,13.5278],[76.3026,13.519],[76.2952,13.5152],[76.2927,13.5208],[76.2896,13.5201],[76.287,13.4983],[76.2592,13.4979],[76.2569,13.5042],[76.2333,13.5015],[76.2327,13.497],[76.2334,13.4931],[76.2358,13.4887],[76.2341,13.4857],[76.2312,13.4824],[76.2275,13.4813],[76.228,13.4797],[76.231,13.4777],[76.2312,13.4718],[76.229,13.4652],[76.2271,13.4615],[76.2115,13.4601],[76.196,13.4619],[76.1974,13.4509],[76.1972,13.4442],[76.1906,13.4446],[76.1855,13.4462],[76.1891,13.4528],[76.1907,13.4579],[76.1909,13.4627],[76.1743,13.4642],[76.1586,13.4643],[76.1542,13.4564],[76.1459,13.4455],[76.135,13.4359],[76.1384,13.4302],[76.1362,13.4235],[76.1384,13.4179],[76.1371,13.4111],[76.1376,13.4051],[76.1371,13.4017],[76.1317,13.3984],[76.1271,13.3975],[76.1263,13.3944],[76.1135,13.3948],[76.1088,13.3942],[76.1066,13.3894],[76.0971,13.3859],[76.0937,13.3882],[76.0873,13.3871],[76.0848,13.3756],[76.0857,13.3661],[76.0686,13.3695],[76.0589,13.3729],[76.0522,13.374],[76.0402,13.369],[76.0372,13.366],[76.0355,13.356],[76.0298,13.3411],[76.027,13.3392],[76.0307,13.3339],[76.0319,13.3301],[76.0304,13.3271],[76.0262,13.3267],[76.0245,13.3237],[76.0242,13.3147],[76.0339,13.3175],[76.0397,13.3177],[76.0408,13.3154],[76.0349,13.3139],[76.0364,13.3075],[76.0366,13.3026],[76.0341,13.2983],[76.0375,13.2819],[76.0377,13.2728],[76.0417,13.271],[76.0413,13.2685],[76.04,13.2664],[76.0375,13.2513],[76.0371,13.2457],[76.0354,13.2409],[76.0143,13.245],[76.0156,13.2482],[76.0144,13.2525],[76.0111,13.2539],[75.9965,13.2523],[75.9964,13.2523],[75.9927,13.2524],[75.988,13.2513],[75.9809,13.256],[75.9744,13.2556],[75.9663,13.2534],[75.9511,13.2539],[75.9435,13.2523],[75.9375,13.2521],[75.9326,13.2496],[75.9155,13.2509],[75.912,13.2549],[75.9028,13.2533],[75.8986,13.2558],[75.8959,13.2584],[75.8932,13.2587],[75.8752,13.254],[75.8722,13.248],[75.8684,13.2427],[75.8609,13.2349],[75.8569,13.2376],[75.8557,13.2469],[75.8529,13.2469],[75.8527,13.2489],[75.8553,13.2504],[75.8546,13.2521],[75.8398,13.2478],[75.8392,13.2464],[75.8328,13.2452],[75.8317,13.247],[75.826,13.2462],[75.8204,13.2485],[75.8164,13.2513],[75.8067,13.2481],[75.8057,13.2411],[75.8067,13.2322],[75.8097,13.225],[75.808,13.2241],[75.8066,13.2125],[75.8038,13.2098],[75.798,13.2097],[75.7951,13.2068],[75.7889,13.2083],[75.7843,13.207],[75.7776,13.2036],[75.7729,13.2091],[75.7649,13.2077],[75.7613,13.21],[75.7566,13.2096],[75.7519,13.2083],[75.7469,13.2007],[75.741,13.2009],[75.7323,13.1901],[75.732,13.1845],[75.7301,13.1795],[75.7279,13.1761],[75.7313,13.1589],[75.7323,13.1559],[75.7345,13.1528],[75.7339,13.1474],[75.7362,13.1447],[75.7417,13.1432],[75.7446,13.1411],[75.7495,13.1405],[75.748,13.1378],[75.7507,13.1339],[75.7494,13.1284],[75.7469,13.1254],[75.7371,13.1191],[75.7329,13.1175],[75.7343,13.1068],[75.7271,13.0994],[75.7253,13.0919],[75.7273,13.0862],[75.7372,13.0718],[75.7403,13.0641],[75.7391,13.0575],[75.7388,13.0495],[75.7404,13.0366],[75.7383,13.0349],[75.7376,13.0256],[75.7342,13.0221],[75.7248,13.0186],[75.7189,13.0237],[75.7129,13.0251],[75.7086,13.0307],[75.7044,13.0291],[75.6953,13.0297],[75.6925,13.0341],[75.6904,13.0393],[75.688,13.0391],[75.6866,13.0345],[75.6827,13.0291],[75.6781,13.0272],[75.6683,13.0249],[75.6617,13.0258],[75.6601,13.0227],[75.6575,13.0203],[75.6533,13.0193],[75.6501,13.0216],[75.6475,13.0254],[75.6437,13.0268],[75.6404,13.0234],[75.6374,13.0167],[75.6365,13.0074],[75.6302,13.0057],[75.6268,13.003],[75.622,12.997],[75.6212,12.9953],[75.615,12.9832],[75.6067,12.9755],[75.6051,12.9706],[75.6025,12.9672],[75.6015,12.9642],[75.6013,12.9585],[75.6029,12.9536],[75.5981,12.945],[75.596,12.939],[75.5811,12.9361],[75.5752,12.934],[75.5662,12.9206],[75.5597,12.9134],[75.5549,12.91],[75.5532,12.9164],[75.5524,12.925],[75.5529,12.9399],[75.5476,12.9432],[75.5385,12.952],[75.5328,12.9547],[75.527,12.9621],[75.5233,12.9631],[75.5208,12.9693],[75.5188,12.9721],[75.5141,12.9741],[75.5139,12.9758],[75.5242,12.9876],[75.5294,12.9955],[75.5304,13.0014],[75.5298,13.0123],[75.5278,13.0167],[75.5256,13.0194],[75.5191,13.024],[75.5202,13.0283],[75.5233,13.0331],[75.5231,13.0387],[75.524,13.0435],[75.5211,13.0482],[75.5159,13.0502],[75.5171,13.0544],[75.5113,13.0637],[75.5017,13.0735],[75.4858,13.0876],[75.4812,13.0816],[75.4786,13.073],[75.4746,13.0734],[75.471,13.0725],[75.467,13.0762],[75.4709,13.0819],[75.4719,13.0858],[75.4679,13.0919],[75.4628,13.0976],[75.4524,13.104],[75.4439,13.0986],[75.4407,13.1005],[75.4401,13.1098],[75.4327,13.1154],[75.4273,13.1089],[75.4233,13.1022],[75.4198,13.1029],[75.416,13.102],[75.4074,13.1056],[75.4098,13.1113],[75.4088,13.126],[75.4071,13.1334],[75.4089,13.1394],[75.4087,13.1424],[75.4047,13.1523],[75.3974,13.1606],[75.3903,13.1641],[75.3859,13.1699],[75.3807,13.1742],[75.3761,13.1768],[75.3696,13.1782],[75.364,13.1763],[75.3588,13.1783],[75.3574,13.1765],[75.3513,13.1788],[75.3486,13.1758],[75.3428,13.1767],[75.3349,13.1703],[75.3324,13.1654],[75.3285,13.1658],[75.3265,13.1622],[75.3259,13.1583],[75.3229,13.1546],[75.3238,13.1491],[75.3237,13.1431],[75.3174,13.1403],[75.3167,13.1342],[75.3135,13.1295],[75.3098,13.1277],[75.2975,13.1275],[75.2949,13.1214],[75.2912,13.1244],[75.2903,13.1231],[75.2876,13.1262],[75.2856,13.1303],[75.2824,13.1294],[75.2771,13.1233],[75.2699,13.1227],[75.2633,13.1256],[75.2583,13.1268],[75.2534,13.1243],[75.2431,13.1327],[75.2362,13.1341],[75.2228,13.1475],[75.2154,13.1524],[75.2105,13.1535],[75.2109,13.1615],[75.2097,13.1692],[75.2018,13.177],[75.1999,13.1758],[75.1997,13.1741],[75.1835,13.1902],[75.1761,13.1974],[75.1732,13.1956],[75.1688,13.1955],[75.1687,13.2029],[75.1672,13.201],[75.1686,13.2083],[75.1668,13.2248],[75.1585,13.246],[75.1517,13.2647],[75.1388,13.2857],[75.1344,13.2865],[75.1302,13.2823],[75.1245,13.2834],[75.1206,13.2792],[75.1155,13.2803],[75.1059,13.2912],[75.0949,13.3157],[75.0807,13.3404],[75.0849,13.3426],[75.0896,13.3466],[75.0919,13.3581],[75.1001,13.3544],[75.103,13.3572],[75.1081,13.3566],[75.1133,13.3539],[75.1166,13.3563],[75.1177,13.3583],[75.1275,13.365],[75.1301,13.3746],[75.1284,13.3796],[75.1286,13.3834],[75.1327,13.3879],[75.1365,13.386],[75.142,13.3845],[75.1473,13.3935],[75.1409,13.4037],[75.1445,13.4061],[75.1462,13.4147],[75.1512,13.4169],[75.1519,13.4246],[75.1537,13.4297],[75.1515,13.4348],[75.1538,13.4363],[75.1551,13.4448],[75.1538,13.4506],[75.1466,13.4514],[75.145,13.4546],[75.1416,13.4572],[75.1407,13.4591],[75.1384,13.463],[75.138,13.4704],[75.1474,13.4766],[75.1536,13.4866],[75.1589,13.4902],[75.1612,13.494],[75.1675,13.4997],[75.1707,13.5023],[75.1771,13.4975],[75.1827,13.5035],[75.1865,13.5059],[75.1951,13.5083],[75.2031,13.5084],[75.2083,13.5127],[75.2107,13.5164],[75.2056,13.5178],[75.2077,13.5221],[75.2243,13.5236],[75.2259,13.5272],[75.224,13.5311],[75.225,13.5481],[75.2211,13.5503],[75.2175,13.5571],[75.224,13.5596],[75.2263,13.5624],[75.2262,13.5662],[75.2192,13.5745],[75.2127,13.5785],[75.212,13.5814],[75.2157,13.588],[75.2192,13.5925],[75.2201,13.5982],[75.223,13.5999],[75.228,13.599],[75.2351,13.5966],[75.2393,13.6004],[75.244,13.6013],[75.2518,13.5943],[75.2573,13.5854],[75.2604,13.5781],[75.2647,13.5808],[75.2666,13.5769],[75.268,13.5689],[75.2695,13.5661],[75.2771,13.5599],[75.2776,13.5637],[75.2792,13.5631],[75.2891,13.5715],[75.2929,13.5751],[75.296,13.5804],[75.3084,13.582],[75.3121,13.5853],[75.321,13.588],[75.3264,13.5891],[75.3282,13.5859],[75.3296,13.5806],[75.3416,13.5831],[75.3441,13.5777],[75.3511,13.5842],[75.3559,13.5917],[75.3694,13.5954],[75.3651,13.6012],[75.3669,13.6092],[75.3657,13.6183],[75.3736,13.6232],[75.3785,13.618],[75.379,13.6124],[75.3888,13.6098],[75.3893,13.614],[75.3885,13.6192],[75.394,13.6213],[75.3976,13.6253],[75.407,13.6218],[75.407,13.6277],[75.4134,13.6361],[75.4122,13.6384],[75.4115,13.6429],[75.4146,13.6497],[75.4107,13.6563],[75.4082,13.6675],[75.4011,13.6813],[75.3965,13.6884],[75.3942,13.6961],[75.3886,13.6951],[75.3866,13.6991],[75.3837,13.7001],[75.3837,13.707],[75.3942,13.7039],[75.4029,13.6991],[75.4064,13.7009],[75.4105,13.7018],[75.4194,13.7026],[75.4235,13.7058],[75.427,13.7107],[75.4319,13.7116],[75.4375,13.7136],[75.4485,13.719],[75.4556,13.7202],[75.459,13.7257],[75.4611,13.7319],[75.4618,13.7385],[75.4673,13.7432],[75.4884,13.7558],[75.4888,13.7584],[75.4878,13.7618],[75.4911,13.7638],[75.4935,13.7612],[75.4994,13.7555],[75.5026,13.76],[75.5055,13.7611],[75.51,13.7505],[75.5171,13.7486],[75.5206,13.7438],[75.5228,13.7376],[75.5282,13.7339],[75.5312,13.7299],[75.5353,13.7269],[75.5403,13.725],[75.5449,13.7257],[75.5525,13.7302],[75.5593,13.7354],[75.5634,13.737],[75.5674,13.7447],[75.5687,13.7494],[75.5724,13.752],[75.5768,13.7542],[75.5819,13.7533],[75.5872,13.7536],[75.5945,13.7571],[75.6053,13.7563],[75.6083,13.7562],[75.6084,13.7468],[75.6093,13.7418],[75.6109,13.74],[75.6149,13.7386],[75.6197,13.7353],[75.6266,13.7289],[75.6249,13.7258],[75.6223,13.7234],[75.6179,13.7172],[75.6206,13.7091],[75.6207,13.7049],[75.6227,13.7008],[75.6261,13.6985],[75.6306,13.6991],[75.6342,13.6969],[75.6385,13.6981],[75.6424,13.7003],[75.6488,13.7088],[75.6506,13.7136],[75.6707,13.7158],[75.6734,13.7172],[75.6741,13.7237],[75.6678,13.7268],[75.6649,13.734],[75.659,13.7367],[75.6562,13.7395],[75.6556,13.7432],[75.6604,13.7452],[75.6627,13.7503],[75.6692,13.7588],[75.6718,13.7586],[75.6767,13.7463],[75.6802,13.7447],[75.6849,13.7448],[75.6876,13.7473],[75.6863,13.7513],[75.6828,13.755],[75.6839,13.7589],[75.6873,13.7619],[75.7092,13.7618],[75.712,13.7656],[75.7317,13.7645],[75.7393,13.7704],[75.7481,13.7751],[75.7559,13.776],[75.7609,13.7757],[75.7643,13.78],[75.7589,13.7886],[75.764,13.7901],[75.7714,13.7895],[75.7764,13.7842],[75.7899,13.7912],[75.8052,13.7895],[75.823,13.8126],[75.8343,13.809],[75.8608,13.8054],[75.8716,13.8043],[75.8777,13.8054],[75.8823,13.8052],[75.8938,13.8009],[75.8991,13.8013],[75.9027,13.8025],[75.9093,13.8016],[75.9185,13.8017],[75.9234,13.8064],[75.9281,13.8077],[75.9342,13.8065],[75.9385,13.8066],[75.9417,13.8079],[75.945,13.8113],[75.9481,13.81],[75.9493,13.8124],[75.9473,13.8154],[75.9473,13.8198],[75.9459,13.8228],[75.948,13.8279],[75.9567,13.834],[75.9691,13.85],[75.9781,13.842],[75.9811,13.8441],[75.9873,13.8424],[75.9976,13.8528],[76.0068,13.8621],[76.0087,13.86],[76.0147,13.8657],[76.0187,13.8572],[76.0285,13.8644],[76.027,13.8681],[76.028,13.8699],[76.0303,13.8715],[76.0307,13.8735],[76.0317,13.8836],[76.0315,13.8909],[76.0478,13.8945],[76.0513,13.883],[76.0546,13.8757],[76.0615,13.8739],[76.0777,13.8735],[76.0845,13.8689],[76.0957,13.8584]]]}},{"type":"Feature","properties":{"district":"Chitradurga"},"geometry":{"type":"Polygon","coordinates":[[[76.7171,15.0301],[76.722,15.0274],[76.7303,15.028],[76.7336,15.0191],[76.7276,15.0091],[76.7258,15.0043],[76.7248,14.9991],[76.7256,14.9953],[76.7325,14.982],[76.7381,14.9825],[76.7527,14.981],[76.7567,14.9837],[76.757,14.983],[76.7586,14.9795],[76.7619,14.9753],[76.7638,14.9699],[76.7721,14.9686],[76.7969,14.9629],[76.8155,14.9638],[76.8203,14.9592],[76.8236,14.9536],[76.8279,14.951],[76.8326,14.9535],[76.8359,14.9591],[76.8412,14.9612],[76.8645,14.964],[76.8637,14.9552],[76.8655,14.9376],[76.8635,14.9156],[76.8639,14.9117],[76.8627,14.9018],[76.8603,14.8912],[76.8461,14.8903],[76.8438,14.8864],[76.8433,14.8815],[76.8491,14.8799],[76.8509,14.8729],[76.8517,14.8625],[76.8541,14.8614],[76.8494,14.8387],[76.8444,14.8333],[76.8401,14.83],[76.8403,14.8281],[76.843,14.8243],[76.8445,14.8156],[76.8485,14.8143],[76.8496,14.8118],[76.8487,14.804],[76.8469,14.8023],[76.8372,14.8041],[76.835,14.8001],[76.8338,14.7849],[76.8314,14.7841],[76.8264,14.787],[76.8207,14.7866],[76.8174,14.7854],[76.8167,14.7825],[76.811,14.7814],[76.7803,14.7793],[76.7813,14.7743],[76.7864,14.7619],[76.7881,14.7518],[76.795,14.7411],[76.7981,14.7346],[76.7855,14.7071],[76.7811,14.6905],[76.7713,14.6738],[76.7695,14.6563],[76.763,14.6119],[76.7602,14.602],[76.7609,14.5963],[76.7728,14.5872],[76.7744,14.5906],[76.7763,14.5903],[76.7782,14.5793],[76.7841,14.562],[76.7862,14.5531],[76.7947,14.5407],[76.7997,14.5277],[76.8051,14.5249],[76.8109,14.5238],[76.8197,14.5203],[76.8276,14.5231],[76.8284,14.5222],[76.8321,14.5151],[76.8439,14.5091],[76.8542,14.4989],[76.8604,14.4871],[76.8638,14.4747],[76.8702,14.4684],[76.8803,14.4705],[76.8855,14.4759],[76.8943,14.4808],[76.9065,14.4842],[76.9454,14.4822],[76.9558,14.4796],[76.9691,14.4791],[76.9734,14.4783],[76.9742,14.4704],[76.9644,14.4517],[76.9586,14.4454],[76.9438,14.4451],[76.9427,14.4398],[76.9443,14.4252],[76.9447,14.4089],[76.9436,14.4033],[76.9416,14.3995],[76.9368,14.4013],[76.919,14.4115],[76.9131,14.4136],[76.9012,14.3983],[76.8966,14.3945],[76.8923,14.3929],[76.8868,14.3925],[76.8831,14.3903],[76.8786,14.3514],[76.8791,14.3464],[76.8854,14.3396],[76.899,14.3192],[76.9062,14.3153],[76.9168,14.3123],[76.9231,14.3097],[76.9366,14.3084],[76.9429,14.3054],[76.9467,14.3004],[76.9501,14.294],[76.9487,14.2868],[76.9438,14.2817],[76.9355,14.2766],[76.9249,14.2722],[76.9258,14.2644],[76.9336,14.2535],[76.936,14.2488],[76.9378,14.2401],[76.9435,14.2363],[76.9514,14.2342],[76.9616,14.2359],[76.9697,14.2352],[76.9756,14.2374],[76.9825,14.2382],[76.9894,14.2364],[76.9928,14.233],[76.9946,14.2356],[77.0041,14.2316],[77.0,14.2277],[76.9967,14.2252],[76.9991,14.2193],[77.0028,14.2131],[77.0024,14.2046],[76.9985,14.192],[77.0031,14.1885],[77.0095,14.1875],[77.0163,14.1837],[77.02,14.1779],[77.0198,14.1727],[77.014,14.173],[77.0061,14.1749],[76.9944,14.1737],[76.9863,14.1725],[76.9782,14.1729],[76.9728,14.1743],[76.9657,14.1743],[76.9585,14.1755],[76.9538,14.181],[76.9491,14.1838],[76.944,14.1883],[76.9416,14.1893],[76.9392,14.1868],[76.9415,14.178],[76.9392,14.1677],[76.937,14.1659],[76.923,14.1634],[76.9172,14.1577],[76.8968,14.1619],[76.8914,14.159],[76.8892,14.1509],[76.8869,14.1362],[76.8837,14.131],[76.8909,14.1278],[76.8985,14.1269],[76.9125,14.1221],[76.9171,14.1245],[76.9224,14.129],[76.927,14.1272],[76.9374,14.1152],[76.9429,14.1119],[76.9466,14.103],[76.9482,14.0966],[76.9485,14.0914],[76.9463,14.0853],[76.929,14.0736],[76.9254,14.0698],[76.9238,14.0657],[76.9217,14.0522],[76.9144,14.0506],[76.9129,14.0542],[76.9053,14.0547],[76.8994,14.0521],[76.8903,14.045],[76.8871,14.0406],[76.8773,14.011],[76.8743,14.0104],[76.8705,14.0058],[76.866,14.0028],[76.8554,14.0056],[76.8376,14.009],[76.8326,14.0087],[76.8273,13.9983],[76.8225,13.9942],[76.8223,13.9942],[76.8199,13.9878],[76.8237,13.9832],[76.8312,13.979],[76.8389,13.9758],[76.8437,13.972],[76.8442,13.9561],[76.8379,13.9549],[76.8183,13.942],[76.8172,13.9336],[76.8147,13.9309],[76.8087,13.9286],[76.8096,13.9098],[76.8042,13.9091],[76.7767,13.9172],[76.763,13.9168],[76.7613,13.9133],[76.7493,13.9124],[76.75,13.9011],[76.7322,13.8975],[76.7215,13.8933],[76.7182,13.8887],[76.7199,13.8836],[76.7259,13.8739],[76.7541,13.8347],[76.762,13.8293],[76.7623,13.8135],[76.7645,13.7933],[76.7586,13.773],[76.731,13.7771],[76.7263,13.7805],[76.7203,13.7899],[76.7137,13.7888],[76.7118,13.7839],[76.707,13.776],[76.6933,13.7631],[76.6929,13.753],[76.6846,13.7371],[76.6827,13.724],[76.6855,13.7136],[76.6849,13.7027],[76.6815,13.6823],[76.6768,13.6877],[76.6692,13.6999],[76.6697,13.7118],[76.6644,13.715],[76.6553,13.7145],[76.6448,13.7115],[76.6393,13.7087],[76.635,13.7079],[76.6258,13.708],[76.6222,13.7259],[76.6186,13.7251],[76.6162,13.7274],[76.6116,13.7232],[76.6109,13.7192],[76.6085,13.7166],[76.6,13.7184],[76.5947,13.7171],[76.5927,13.7142],[76.5838,13.7121],[76.5686,13.7071],[76.5694,13.699],[76.5723,13.6925],[76.5744,13.6817],[76.5698,13.6794],[76.5594,13.6767],[76.55,13.6719],[76.5438,13.6666],[76.535,13.6555],[76.5306,13.657],[76.5252,13.6571],[76.5259,13.6517],[76.5278,13.6462],[76.5153,13.633],[76.5134,13.6268],[76.5073,13.6231],[76.4948,13.6201],[76.4964,13.6151],[76.4864,13.6162],[76.4765,13.6155],[76.4672,13.614],[76.4566,13.6108],[76.4533,13.6049],[76.4569,13.5907],[76.4521,13.5877],[76.4507,13.5835],[76.4358,13.5872],[76.4305,13.5872],[76.4267,13.5841],[76.421,13.5755],[76.4171,13.5727],[76.4117,13.5717],[76.4062,13.5729],[76.4018,13.5836],[76.3968,13.5869],[76.3947,13.5837],[76.3903,13.5835],[76.3852,13.577],[76.3793,13.5712],[76.3761,13.5801],[76.3721,13.5855],[76.3557,13.5763],[76.3499,13.5719],[76.3434,13.569],[76.3374,13.5698],[76.3303,13.5885],[76.3078,13.5846],[76.3035,13.5861],[76.2999,13.5823],[76.2892,13.5845],[76.2915,13.5892],[76.2834,13.5944],[76.281,13.594],[76.2789,13.5971],[76.2758,13.5996],[76.2723,13.5968],[76.2701,13.5995],[76.2743,13.606],[76.2785,13.6268],[76.2831,13.6375],[76.283,13.6404],[76.2624,13.6421],[76.2587,13.649],[76.2515,13.6556],[76.2419,13.6595],[76.2327,13.6724],[76.2228,13.6716],[76.2191,13.6732],[76.2181,13.69],[76.2183,13.6986],[76.2171,13.706],[76.1986,13.7041],[76.1883,13.7047],[76.1804,13.708],[76.1706,13.7086],[76.17,13.7145],[76.1668,13.7207],[76.1615,13.7225],[76.1527,13.7242],[76.1482,13.7243],[76.1397,13.7554],[76.1355,13.7656],[76.1308,13.7813],[76.1281,13.7961],[76.1277,13.8073],[76.1132,13.8064],[76.1026,13.835],[76.0973,13.8546],[76.0957,13.8584],[76.0845,13.8689],[76.0777,13.8735],[76.0615,13.8739],[76.0546,13.8757],[76.0513,13.883],[76.0478,13.8945],[76.0315,13.8909],[76.0288,13.8923],[76.0294,13.8967],[76.0287,13.9109],[76.0439,13.9351],[76.0572,13.9347],[76.0652,13.9364],[76.0667,13.941],[76.0678,13.9598],[76.0698,13.975],[76.0558,13.9725],[76.0507,13.9708],[76.0423,13.9811],[76.0417,13.9855],[76.0431,13.9951],[76.0428,13.9951],[76.0427,14.0075],[76.0457,14.0086],[76.0471,14.0131],[76.0473,14.0193],[76.045,14.0412],[76.0457,14.0473],[76.0518,14.0607],[76.0529,14.0673],[76.0516,14.0788],[76.0501,14.0858],[76.0468,14.0925],[76.0447,14.0929],[76.0388,14.0906],[76.0334,14.0855],[76.0304,14.087],[76.0305,14.0896],[76.0286,14.0942],[76.0243,14.0948],[76.0229,14.1028],[76.0232,14.1085],[76.0249,14.1134],[76.0305,14.1191],[76.0313,14.1288],[76.0392,14.1373],[76.0445,14.1404],[76.0441,14.1488],[76.0488,14.15],[76.0592,14.154],[76.0602,14.1632],[76.0631,14.1654],[76.0627,14.1722],[76.061,14.1751],[76.0566,14.1766],[76.0555,14.1834],[76.0558,14.1962],[76.0594,14.1979],[76.0628,14.2008],[76.0617,14.2099],[76.0597,14.2149],[76.0637,14.2167],[76.0702,14.2212],[76.0776,14.2388],[76.1078,14.2416],[76.1151,14.2429],[76.1294,14.2499],[76.1302,14.258],[76.1278,14.2665],[76.125,14.2729],[76.121,14.2762],[76.1163,14.2814],[76.116,14.2916],[76.1112,14.2972],[76.1083,14.3031],[76.1085,14.3106],[76.1181,14.317],[76.1289,14.318],[76.1384,14.3175],[76.1544,14.3148],[76.1554,14.3236],[76.1528,14.3461],[76.1535,14.3573],[76.1487,14.3589],[76.1482,14.366],[76.1496,14.3706],[76.1538,14.3745],[76.1543,14.379],[76.1499,14.3933],[76.1495,14.4014],[76.1449,14.403],[76.1405,14.4088],[76.1391,14.414],[76.1355,14.4209],[76.1455,14.4262],[76.1599,14.4364],[76.1696,14.4406],[76.1724,14.4452],[76.173,14.4523],[76.1827,14.4534],[76.2023,14.4518],[76.2068,14.4491],[76.2157,14.4373],[76.2169,14.4371],[76.2283,14.4415],[76.2367,14.4425],[76.2437,14.4391],[76.2535,14.4388],[76.2588,14.4368],[76.2635,14.4248],[76.2646,14.4161],[76.2691,14.4079],[76.2757,14.4007],[76.2829,14.4],[76.2952,14.4027],[76.3095,14.4013],[76.33,14.4016],[76.3377,14.4094],[76.3465,14.4131],[76.369,14.4153],[76.3806,14.4153],[76.3822,14.4199],[76.3912,14.4215],[76.394,14.4261],[76.3984,14.4295],[76.4218,14.4336],[76.422,14.4407],[76.4244,14.4426],[76.4445,14.4438],[76.4567,14.4459],[76.4535,14.4697],[76.4549,14.4785],[76.4553,14.4904],[76.4566,14.4962],[76.4663,14.4958],[76.4754,14.4968],[76.4804,14.4981],[76.4928,14.5049],[76.4988,14.5072],[76.5045,14.5108],[76.5091,14.5154],[76.5297,14.5302],[76.5304,14.5343],[76.5224,14.5455],[76.5129,14.5441],[76.509,14.5494],[76.5079,14.5563],[76.5257,14.5584],[76.534,14.5606],[76.5413,14.5652],[76.5468,14.5694],[76.5498,14.5756],[76.5674,14.5881],[76.5745,14.603],[76.582,14.6101],[76.5891,14.6139],[76.5966,14.6165],[76.5997,14.619],[76.5962,14.622],[76.5948,14.6274],[76.5985,14.6289],[76.6094,14.6441],[76.6071,14.6464],[76.6003,14.6485],[76.5957,14.6522],[76.5958,14.6609],[76.5978,14.6649],[76.6049,14.6641],[76.6084,14.6652],[76.6091,14.669],[76.6082,14.6815],[76.6174,14.6895],[76.6219,14.6949],[76.6316,14.6983],[76.6354,14.7006],[76.6376,14.7061],[76.6421,14.7087],[76.6454,14.7132],[76.6487,14.7212],[76.6489,14.7237],[76.6472,14.7279],[76.6485,14.7312],[76.6486,14.7398],[76.6467,14.7516],[76.653,14.7557],[76.658,14.7651],[76.6628,14.769],[76.6637,14.7734],[76.6678,14.783],[76.6679,14.7878],[76.6715,14.7888],[76.6809,14.8014],[76.6891,14.8066],[76.6985,14.8107],[76.7117,14.8108],[76.7312,14.8063],[76.7337,14.8093],[76.7365,14.8092],[76.7374,14.812],[76.7387,14.8179],[76.7347,14.8213],[76.7222,14.8248],[76.7154,14.8282],[76.7108,14.8345],[76.7118,14.8415],[76.7119,14.8491],[76.7105,14.8571],[76.7054,14.8675],[76.6945,14.8839],[76.6789,14.8832],[76.6751,14.887],[76.6751,14.892],[76.6749,14.8953],[76.6745,14.9062],[76.662,14.9109],[76.6598,14.9182],[76.658,14.9368],[76.6756,14.9344],[76.689,14.926],[76.6959,14.9242],[76.7022,14.9253],[76.7053,14.9275],[76.7038,14.9327],[76.7038,14.9365],[76.7067,14.9361],[76.7117,14.9378],[76.715,14.9589],[76.7152,14.9646],[76.7142,14.9675],[76.7093,14.9699],[76.6887,14.9733],[76.6854,14.9752],[76.6825,14.9802],[76.6776,14.9954],[76.6747,15.0015],[76.6715,15.006],[76.6693,15.0117],[76.6696,15.0141],[76.679,15.0197],[76.6858,15.0221],[76.6827,15.0137],[76.6874,15.014],[76.6967,15.0129],[76.6992,15.0117],[76.7016,15.0139],[76.6998,15.0262],[76.7045,15.0281],[76.7095,15.0279],[76.7171,15.0301]]]}},{"type":"Feature","properties":{"district":"Dakshin Kannad"},"geometry":{"type":"Polygon","coordinates":[[[75.3513,13.1788],[75.3574,13.1765],[75.3588,13.1783],[75.364,13.1763],[75.3696,13.1782],[75.3761,13.1768],[75.3807,13.1742],[75.3859,13.1699],[75.3903,13.1641],[75.3974,13.1606],[75.4047,13.1523],[75.4087,13.1424],[75.4089,13.1394],[75.4071,13.1334],[75.4088,13.126],[75.4098,13.1113],[75.4074,13.1056],[75.416,13.102],[75.4198,13.1029],[75.4233,13.1022],[75.4273,13.1089],[75.4327,13.1154],[75.4401,13.1098],[75.4407,13.1005],[75.4439,13.0986],[75.4524,13.104],[75.4628,13.0976],[75.4679,13.0919],[75.4719,13.0858],[75.4709,13.0819],[75.467,13.0762],[75.471,13.0725],[75.4746,13.0734],[75.4786,13.073],[75.4812,13.0816],[75.4858,13.0876],[75.5017,13.0735],[75.5113,13.0637],[75.5171,13.0544],[75.5159,13.0502],[75.5211,13.0482],[75.524,13.0435],[75.5231,13.0387],[75.5233,13.0331],[75.5202,13.0283],[75.5191,13.024],[75.5256,13.0194],[75.5278,13.0167],[75.5298,13.0123],[75.5304,13.0014],[75.5294,12.9955],[75.5242,12.9876],[75.5139,12.9758],[75.5141,12.9741],[75.5188,12.9721],[75.5208,12.9693],[75.5233,12.9631],[75.527,12.9621],[75.5328,12.9547],[75.5385,12.952],[75.5476,12.9432],[75.5529,12.9399],[75.5524,12.925],[75.5532,12.9164],[75.5549,12.91],[75.5538,12.9044],[75.5585,12.8841],[75.5583,12.8744],[75.5618,12.8737],[75.5626,12.8689],[75.5607,12.8627],[75.5697,12.8648],[75.5753,12.8676],[75.5838,12.8696],[75.5936,12.8714],[75.601,12.8711],[75.6001,12.8656],[75.6023,12.8617],[75.6058,12.8607],[75.6121,12.856],[75.6146,12.8534],[75.6207,12.8521],[75.6194,12.8444],[75.6141,12.8287],[75.6137,12.8254],[75.6169,12.8151],[75.6157,12.8051],[75.6119,12.7931],[75.6202,12.7904],[75.6231,12.7832],[75.6215,12.776],[75.6267,12.776],[75.632,12.7707],[75.6343,12.7656],[75.6383,12.7647],[75.6345,12.7568],[75.6404,12.7562],[75.649,12.7481],[75.6548,12.7468],[75.6569,12.7452],[75.6564,12.7408],[75.6497,12.7221],[75.6483,12.7149],[75.6394,12.7105],[75.636,12.71],[75.6302,12.7035],[75.6248,12.7022],[75.6272,12.6957],[75.6308,12.6867],[75.6329,12.6877],[75.6351,12.6909],[75.6699,12.6952],[75.6644,12.6906],[75.6568,12.6808],[75.6513,12.6699],[75.6459,12.6613],[75.6423,12.6472],[75.6414,12.6344],[75.6401,12.6268],[75.64,12.6244],[75.6512,12.6163],[75.6529,12.6103],[75.6548,12.5988],[75.6613,12.5894],[75.6625,12.5836],[75.6622,12.5691],[75.6695,12.5496],[75.6679,12.5446],[75.6643,12.5417],[75.655,12.5366],[75.6417,12.5327],[75.6326,12.5232],[75.6296,12.5153],[75.6249,12.5149],[75.6226,12.5112],[75.6176,12.508],[75.6149,12.5052],[75.6098,12.5053],[75.6026,12.5068],[75.5995,12.5158],[75.596,12.5191],[75.5929,12.5267],[75.5898,12.5319],[75.5857,12.53],[75.5766,12.5153],[75.57,12.5079],[75.5664,12.5055],[75.5599,12.5026],[75.5561,12.4986],[75.5547,12.4959],[75.5648,12.4876],[75.5633,12.4815],[75.5554,12.4848],[75.5356,12.4903],[75.532,12.4902],[75.5263,12.4925],[75.5218,12.4842],[75.5136,12.483],[75.5067,12.4809],[75.5017,12.4815],[75.4978,12.4786],[75.4973,12.4768],[75.4938,12.4772],[75.4922,12.4738],[75.4951,12.4728],[75.4908,12.4631],[75.4913,12.4586],[75.489,12.455],[75.4848,12.4558],[75.4806,12.4607],[75.4784,12.4615],[75.4722,12.4604],[75.4682,12.4622],[75.4628,12.4669],[75.4612,12.4703],[75.4609,12.4802],[75.4638,12.4856],[75.4697,12.4927],[75.4662,12.4964],[75.4629,12.4977],[75.4611,12.5022],[75.4537,12.5075],[75.4478,12.5132],[75.4402,12.5177],[75.4339,12.5232],[75.4317,12.5185],[75.4314,12.5118],[75.4269,12.5092],[75.4199,12.5086],[75.4166,12.5044],[75.4145,12.4967],[75.4089,12.4942],[75.4042,12.4896],[75.401,12.4906],[75.3973,12.4978],[75.3949,12.4976],[75.3919,12.4925],[75.3866,12.4919],[75.3831,12.4927],[75.3811,12.4915],[75.3795,12.4879],[75.3772,12.4864],[75.3722,12.4855],[75.37,12.4835],[75.3706,12.481],[75.373,12.4772],[75.3721,12.4688],[75.3627,12.4649],[75.3594,12.46],[75.3556,12.458],[75.3409,12.456],[75.3368,12.4578],[75.3405,12.4646],[75.3383,12.4733],[75.3394,12.4796],[75.339,12.4829],[75.3356,12.485],[75.3348,12.4902],[75.3281,12.4918],[75.3206,12.4913],[75.3142,12.492],[75.3101,12.4958],[75.3074,12.4974],[75.3049,12.4968],[75.3043,12.4975],[75.3047,12.5173],[75.3,12.5169],[75.2961,12.5197],[75.2918,12.5207],[75.2858,12.5199],[75.2811,12.5181],[75.2796,12.5234],[75.2724,12.5399],[75.2709,12.5535],[75.2726,12.5589],[75.2768,12.5641],[75.2835,12.5642],[75.2868,12.565],[75.2914,12.5749],[75.295,12.5749],[75.3031,12.5735],[75.3098,12.5716],[75.3162,12.5687],[75.3194,12.5737],[75.3263,12.5744],[75.3285,12.5771],[75.3279,12.5852],[75.3185,12.5851],[75.3083,12.5879],[75.3056,12.5949],[75.3015,12.5991],[75.2983,12.5984],[75.2939,12.5955],[75.2911,12.5966],[75.2889,12.6046],[75.281,12.608],[75.2767,12.6117],[75.2703,12.609],[75.2679,12.6057],[75.2621,12.593],[75.2588,12.591],[75.2562,12.5857],[75.2502,12.5792],[75.2495,12.5749],[75.24,12.574],[75.2387,12.5725],[75.2382,12.5641],[75.2363,12.5618],[75.2313,12.5608],[75.2229,12.5626],[75.2169,12.5711],[75.214,12.5734],[75.2108,12.584],[75.2075,12.583],[75.2034,12.5806],[75.2046,12.5867],[75.2075,12.5885],[75.209,12.5915],[75.2095,12.5973],[75.2073,12.5999],[75.2024,12.6027],[75.1987,12.6062],[75.1995,12.6131],[75.2028,12.6231],[75.2014,12.6251],[75.1944,12.6254],[75.1899,12.6271],[75.1826,12.6274],[75.1775,12.6222],[75.17,12.6166],[75.1628,12.6176],[75.1592,12.6171],[75.1549,12.6196],[75.1477,12.6287],[75.143,12.6333],[75.1412,12.6378],[75.1503,12.6419],[75.1512,12.6434],[75.1516,12.6494],[75.1551,12.6537],[75.1613,12.6641],[75.1611,12.6657],[75.1557,12.666],[75.1507,12.6689],[75.1506,12.6763],[75.1445,12.6729],[75.1392,12.6728],[75.1367,12.6712],[75.1319,12.6708],[75.1269,12.6733],[75.1208,12.6736],[75.1127,12.6759],[75.1087,12.6849],[75.1044,12.6916],[75.0993,12.6934],[75.0916,12.6947],[75.0861,12.6978],[75.0824,12.6932],[75.085,12.6897],[75.0874,12.676],[75.0867,12.6709],[75.0849,12.6705],[75.0831,12.6664],[75.0794,12.6666],[75.0752,12.6654],[75.0703,12.658],[75.066,12.658],[75.0609,12.6615],[75.0583,12.6586],[75.0553,12.6601],[75.0478,12.6601],[75.0448,12.6633],[75.0431,12.6706],[75.0447,12.6874],[75.0486,12.6883],[75.0521,12.687],[75.0546,12.6836],[75.0568,12.6867],[75.0522,12.6982],[75.0557,12.7034],[75.0529,12.7098],[75.0497,12.7147],[75.0462,12.7163],[75.0431,12.7155],[75.0381,12.7186],[75.0314,12.717],[75.0257,12.7143],[75.023,12.7156],[75.0191,12.7148],[75.0143,12.7078],[75.0071,12.7092],[75.004,12.7117],[75.0031,12.7137],[75.0109,12.7193],[75.0122,12.7228],[75.0002,12.7274],[74.993,12.7331],[74.9902,12.7311],[74.9884,12.7319],[74.9869,12.7288],[74.9848,12.7299],[74.9844,12.7359],[74.9861,12.7385],[74.9899,12.7373],[74.9918,12.7382],[74.9953,12.7448],[75.0003,12.7516],[75.0043,12.754],[75.0071,12.7571],[75.0086,12.7604],[75.0078,12.7651],[75.0052,12.7693],[75.0041,12.7736],[75.0053,12.7855],[75.0039,12.7856],[75.0003,12.7835],[74.996,12.788],[74.9923,12.7905],[74.9895,12.7908],[74.9888,12.7892],[74.9926,12.7836],[74.9873,12.7779],[74.9819,12.7752],[74.9707,12.7726],[74.969,12.7729],[74.9686,12.7763],[74.9673,12.7769],[74.9654,12.7748],[74.9634,12.7748],[74.9603,12.779],[74.9542,12.7793],[74.9373,12.7722],[74.9294,12.7713],[74.9091,12.763],[74.908,12.7626],[74.9051,12.7599],[74.9014,12.7595],[74.8978,12.7554],[74.8945,12.7561],[74.8918,12.7545],[74.8887,12.7524],[74.8856,12.7488],[74.8799,12.7493],[74.878,12.7502],[74.8777,12.7523],[74.8759,12.7553],[74.8671,12.7545],[74.8671,12.7546],[74.8674,12.7546],[74.8674,12.7563],[74.8671,12.7563],[74.8671,12.7576],[74.8668,12.7576],[74.8668,12.7582],[74.8665,12.7582],[74.8665,12.7588],[74.8662,12.7588],[74.8662,12.7593],[74.866,12.7593],[74.866,12.7599],[74.8657,12.7598],[74.8657,12.7604],[74.8654,12.7604],[74.8654,12.7607],[74.8649,12.7607],[74.8649,12.7601],[74.8646,12.7601],[74.8646,12.7598],[74.8643,12.7598],[74.8643,12.7604],[74.8637,12.7604],[74.8637,12.761],[74.8635,12.761],[74.8635,12.7618],[74.8632,12.7618],[74.8632,12.7626],[74.8629,12.7626],[74.8629,12.7632],[74.8626,12.7632],[74.8626,12.764],[74.8624,12.764],[74.8624,12.7646],[74.8621,12.7646],[74.8621,12.7654],[74.8618,12.7654],[74.8618,12.766],[74.8615,12.766],[74.8615,12.7662],[74.8615,12.7668],[74.8613,12.7668],[74.8613,12.7671],[74.8613,12.7676],[74.861,12.7676],[74.861,12.768],[74.861,12.7682],[74.8607,12.7682],[74.8607,12.7689],[74.8607,12.769],[74.8604,12.769],[74.8604,12.7694],[74.8604,12.7696],[74.8602,12.7696],[74.8601,12.7704],[74.8599,12.7704],[74.8599,12.771],[74.8596,12.771],[74.8596,12.7718],[74.8593,12.7718],[74.8593,12.7724],[74.859,12.7724],[74.859,12.7732],[74.8587,12.7732],[74.8587,12.774],[74.8585,12.774],[74.8585,12.7746],[74.8582,12.7746],[74.8582,12.7754],[74.8579,12.7754],[74.8579,12.7763],[74.8576,12.7763],[74.8576,12.7768],[74.8574,12.7768],[74.8574,12.7776],[74.8571,12.7776],[74.8571,12.7782],[74.8568,12.7782],[74.8568,12.7788],[74.8565,12.7788],[74.8565,12.7796],[74.8562,12.7796],[74.8562,12.7801],[74.856,12.7801],[74.856,12.781],[74.8557,12.781],[74.8557,12.7815],[74.8554,12.7815],[74.8554,12.7821],[74.8551,12.7821],[74.8551,12.7826],[74.8549,12.7826],[74.8549,12.7832],[74.8546,12.7832],[74.8546,12.7838],[74.8543,12.7838],[74.8543,12.7843],[74.854,12.7843],[74.854,12.7849],[74.8538,12.7849],[74.8538,12.7854],[74.8535,12.7854],[74.8535,12.786],[74.8532,12.786],[74.8532,12.7865],[74.8529,12.7865],[74.8529,12.7871],[74.8526,12.7871],[74.8526,12.7876],[74.8524,12.7876],[74.8524,12.7879],[74.8521,12.7879],[74.8521,12.7882],[74.8518,12.7882],[74.8518,12.7888],[74.8515,12.7888],[74.8515,12.789],[74.851,12.789],[74.851,12.7893],[74.8507,12.7893],[74.8507,12.7896],[74.8504,12.7896],[74.8504,12.7902],[74.8501,12.7902],[74.8501,12.7904],[74.8496,12.7904],[74.8496,12.791],[74.8493,12.791],[74.8493,12.7921],[74.849,12.7921],[74.849,12.7924],[74.8487,12.7924],[74.8487,12.7926],[74.8485,12.7926],[74.8485,12.7932],[74.8479,12.7932],[74.8479,12.7938],[74.8476,12.7938],[74.8476,12.794],[74.8474,12.794],[74.8474,12.7943],[74.8471,12.7943],[74.8471,12.7946],[74.8465,12.7946],[74.8465,12.7951],[74.8463,12.7951],[74.8463,12.796],[74.846,12.796],[74.846,12.7965],[74.8457,12.7965],[74.8457,12.7968],[74.8454,12.7968],[74.8454,12.7971],[74.8457,12.7971],[74.8457,12.7974],[74.8454,12.7974],[74.8454,12.7976],[74.8451,12.7976],[74.8451,12.7982],[74.8449,12.7982],[74.8449,12.799],[74.8446,12.799],[74.8446,12.8001],[74.8443,12.8001],[74.8443,12.8004],[74.844,12.8004],[74.844,12.801],[74.8438,12.801],[74.8438,12.8021],[74.8435,12.8021],[74.8435,12.8038],[74.8432,12.8038],[74.8432,12.8046],[74.8429,12.8046],[74.8429,12.8054],[74.8426,12.8054],[74.8426,12.806],[74.8424,12.806],[74.8424,12.8068],[74.8421,12.8068],[74.8421,12.8076],[74.8418,12.8076],[74.8418,12.8085],[74.8415,12.8085],[74.8415,12.809],[74.8412,12.809],[74.8412,12.8096],[74.841,12.8096],[74.841,12.8101],[74.8407,12.8101],[74.8407,12.811],[74.8404,12.811],[74.8404,12.8115],[74.8401,12.8115],[74.8401,12.8121],[74.8399,12.8121],[74.8399,12.8124],[74.8401,12.8124],[74.8401,12.8129],[74.8399,12.8129],[74.8399,12.8135],[74.8396,12.8135],[74.8396,12.8138],[74.8393,12.8138],[74.8393,12.8149],[74.839,12.8149],[74.839,12.8165],[74.8388,12.8165],[74.8388,12.8176],[74.8382,12.8176],[74.8382,12.8179],[74.8379,12.8179],[74.8379,12.819],[74.8376,12.819],[74.8376,12.8199],[74.8374,12.8199],[74.8374,12.8204],[74.8371,12.8204],[74.8371,12.8213],[74.8368,12.8213],[74.8368,12.8215],[74.8365,12.8215],[74.8365,12.8229],[74.8363,12.8229],[74.8363,12.824],[74.836,12.824],[74.836,12.8246],[74.8357,12.8246],[74.8357,12.8254],[74.8354,12.8254],[74.8354,12.826],[74.8351,12.826],[74.8351,12.8263],[74.8354,12.8263],[74.8354,12.8265],[74.8351,12.8265],[74.8351,12.8274],[74.8349,12.8274],[74.8349,12.8285],[74.8346,12.8285],[74.8346,12.8293],[74.8343,12.8293],[74.8343,12.8299],[74.834,12.8299],[74.834,12.8307],[74.8337,12.8307],[74.8337,12.8313],[74.8337,12.8318],[74.8335,12.8318],[74.8335,12.8321],[74.8333,12.8321],[74.8332,12.8323],[74.8332,12.8332],[74.8329,12.8332],[74.8329,12.834],[74.8326,12.834],[74.8326,12.8346],[74.8321,12.8346],[74.8321,12.8354],[74.8315,12.8354],[74.8315,12.836],[74.8313,12.836],[74.8313,12.8374],[74.831,12.8374],[74.831,12.8376],[74.8307,12.8376],[74.8307,12.8382],[74.8304,12.8382],[74.8304,12.8393],[74.8301,12.8393],[74.8301,12.8401],[74.8296,12.8401],[74.8296,12.8407],[74.8293,12.8407],[74.8293,12.8413],[74.829,12.8413],[74.829,12.8418],[74.8288,12.8418],[74.8288,12.8432],[74.8285,12.8432],[74.8285,12.8435],[74.829,12.8435],[74.829,12.8432],[74.8293,12.8432],[74.8293,12.8426],[74.8299,12.8426],[74.8299,12.8429],[74.8296,12.8429],[74.8296,12.844],[74.8293,12.844],[74.8293,12.8449],[74.829,12.8449],[74.829,12.8457],[74.8288,12.8457],[74.8288,12.8465],[74.829,12.8465],[74.829,12.8468],[74.8276,12.8468],[74.8276,12.8471],[74.8265,12.8471],[74.8265,12.8474],[74.8256,12.8474],[74.8254,12.8474],[74.8254,12.8471],[74.8249,12.8471],[74.8249,12.8468],[74.8243,12.8468],[74.8243,12.8465],[74.8238,12.8465],[74.8238,12.8471],[74.8235,12.8471],[74.8235,12.8482],[74.8232,12.8482],[74.8232,12.8493],[74.8229,12.8493],[74.8229,12.8496],[74.8226,12.8496],[74.8226,12.8504],[74.8224,12.8504],[74.8224,12.851],[74.8218,12.851],[74.8218,12.8512],[74.8215,12.8512],[74.8215,12.8521],[74.8213,12.8521],[74.8213,12.8524],[74.821,12.8524],[74.821,12.8529],[74.8213,12.8529],[74.8213,12.8568],[74.821,12.8568],[74.821,12.8585],[74.8207,12.8585],[74.8207,12.8593],[74.8204,12.8593],[74.8204,12.8604],[74.8201,12.8604],[74.8201,12.861],[74.8199,12.861],[74.8199,12.8626],[74.8196,12.8626],[74.8196,12.8629],[74.8199,12.8629],[74.8199,12.8632],[74.8196,12.8632],[74.8196,12.8638],[74.8193,12.8638],[74.8193,12.8646],[74.819,12.8646],[74.819,12.8668],[74.8187,12.8668],[74.8187,12.8671],[74.8185,12.8671],[74.8185,12.8676],[74.8182,12.8676],[74.8182,12.8688],[74.8184,12.8687],[74.8185,12.8687],[74.8185,12.8701],[74.8182,12.8701],[74.8182,12.8704],[74.8179,12.8704],[74.8179,12.8707],[74.8182,12.8707],[74.8182,12.8721],[74.8179,12.8721],[74.8179,12.8724],[74.8176,12.8724],[74.8176,12.8729],[74.8174,12.8729],[74.8174,12.8738],[74.8176,12.8737],[74.8176,12.8757],[74.8174,12.8757],[74.8174,12.8766],[74.8174,12.8768],[74.8171,12.8768],[74.8171,12.8772],[74.8171,12.8774],[74.8168,12.8774],[74.8168,12.8776],[74.8165,12.8776],[74.8165,12.8784],[74.8165,12.879],[74.8162,12.879],[74.8162,12.8801],[74.816,12.8801],[74.816,12.8821],[74.8157,12.8821],[74.8157,12.8843],[74.8154,12.8843],[74.8154,12.8854],[74.8151,12.8854],[74.8151,12.8857],[74.8154,12.8857],[74.8154,12.886],[74.8151,12.886],[74.8151,12.8862],[74.8149,12.8862],[74.8149,12.8868],[74.8146,12.8868],[74.8146,12.8874],[74.8143,12.8874],[74.8143,12.8876],[74.814,12.8876],[74.814,12.8896],[74.8138,12.8896],[74.8138,12.8904],[74.814,12.8904],[74.814,12.891],[74.8138,12.891],[74.8138,12.8921],[74.8135,12.8921],[74.8135,12.8935],[74.8132,12.8935],[74.8132,12.894],[74.8129,12.894],[74.8129,12.8965],[74.8126,12.8965],[74.8126,12.8976],[74.8124,12.8976],[74.8124,12.8982],[74.8121,12.8982],[74.8121,12.899],[74.8118,12.899],[74.8118,12.9007],[74.8115,12.9007],[74.8115,12.9018],[74.8112,12.9018],[74.8112,12.9021],[74.811,12.9021],[74.811,12.9026],[74.8107,12.9026],[74.8107,12.9035],[74.811,12.9035],[74.811,12.9037],[74.8107,12.9037],[74.8107,12.9051],[74.811,12.9051],[74.811,12.906],[74.8104,12.906],[74.8104,12.9074],[74.8099,12.9074],[74.8099,12.911],[74.8096,12.911],[74.8096,12.9113],[74.8093,12.9113],[74.8093,12.9118],[74.809,12.9118],[74.809,12.9135],[74.8087,12.9135],[74.8087,12.9137],[74.8085,12.9137],[74.8085,12.9149],[74.8082,12.9149],[74.8082,12.9163],[74.8079,12.9163],[74.8079,12.9171],[74.8076,12.9171],[74.8076,12.9174],[74.8079,12.9174],[74.8079,12.9182],[74.8076,12.9182],[74.8076,12.9188],[74.8074,12.9188],[74.8074,12.919],[74.8071,12.919],[74.8071,12.9193],[74.8068,12.9193],[74.8068,12.921],[74.8071,12.921],[74.8071,12.9213],[74.8074,12.9213],[74.8074,12.9215],[74.8076,12.9215],[74.8076,12.9221],[74.8079,12.9221],[74.8079,12.9224],[74.8076,12.9224],[74.8076,12.9246],[74.809,12.9246],[74.809,12.9243],[74.8096,12.9243],[74.8096,12.924],[74.8099,12.924],[74.8099,12.9235],[74.8104,12.9235],[74.8104,12.9226],[74.8107,12.9226],[74.8107,12.9221],[74.811,12.9221],[74.811,12.9215],[74.8113,12.9215],[74.8113,12.9207],[74.8115,12.9207],[74.8115,12.9201],[74.8118,12.9201],[74.8118,12.9196],[74.8121,12.9196],[74.8121,12.919],[74.8124,12.919],[74.8124,12.9188],[74.8129,12.9188],[74.8129,12.9185],[74.8138,12.9185],[74.8138,12.919],[74.814,12.919],[74.814,12.9207],[74.8143,12.9207],[74.8143,12.9213],[74.814,12.9213],[74.814,12.9215],[74.8138,12.9215],[74.8138,12.9224],[74.8143,12.9224],[74.8143,12.9229],[74.8154,12.9229],[74.8154,12.9232],[74.8157,12.9232],[74.8157,12.9235],[74.816,12.9235],[74.816,12.9238],[74.8162,12.9238],[74.8162,12.924],[74.8165,12.924],[74.8165,12.9243],[74.8168,12.9243],[74.8168,12.9246],[74.8174,12.9246],[74.8174,12.9249],[74.8176,12.9249],[74.8176,12.9251],[74.8179,12.9251],[74.8179,12.9254],[74.8182,12.9254],[74.8182,12.9257],[74.8185,12.9257],[74.8185,12.926],[74.8187,12.926],[74.8187,12.9263],[74.8193,12.9263],[74.8193,12.9265],[74.8196,12.9265],[74.8196,12.9268],[74.8199,12.9268],[74.8199,12.9271],[74.8201,12.9271],[74.8201,12.9274],[74.8204,12.9274],[74.8204,12.9276],[74.8207,12.9276],[74.8207,12.9279],[74.821,12.9279],[74.821,12.9293],[74.8207,12.9293],[74.8207,12.9299],[74.8204,12.9299],[74.8204,12.9304],[74.8201,12.9304],[74.8201,12.9307],[74.8193,12.9307],[74.8193,12.9304],[74.8182,12.9304],[74.8182,12.931],[74.8179,12.931],[74.8179,12.9312],[74.8174,12.9312],[74.8174,12.931],[74.8171,12.931],[74.8171,12.9307],[74.8168,12.9307],[74.8168,12.9304],[74.8171,12.9304],[74.8171,12.9299],[74.8168,12.9299],[74.8168,12.9296],[74.8162,12.9296],[74.8162,12.9299],[74.8154,12.9299],[74.8154,12.9301],[74.8149,12.9301],[74.8149,12.9304],[74.8146,12.9304],[74.8146,12.9307],[74.8138,12.9307],[74.8138,12.931],[74.8132,12.931],[74.8132,12.9307],[74.8124,12.9307],[74.8124,12.9304],[74.8115,12.9304],[74.8115,12.9301],[74.811,12.9301],[74.811,12.9299],[74.8107,12.9299],[74.8107,12.9296],[74.809,12.9296],[74.809,12.9293],[74.8085,12.9293],[74.8085,12.929],[74.8076,12.929],[74.8076,12.9288],[74.8071,12.9288],[74.8071,12.9282],[74.8068,12.9282],[74.8068,12.9285],[74.8065,12.9285],[74.8065,12.929],[74.8063,12.929],[74.8063,12.9299],[74.806,12.9299],[74.806,12.9307],[74.8057,12.9307],[74.8057,12.931],[74.8051,12.931],[74.8051,12.9312],[74.8043,12.9312],[74.8043,12.931],[74.8035,12.931],[74.8035,12.9307],[74.8029,12.9307],[74.8029,12.9312],[74.8024,12.9312],[74.8024,12.9318],[74.8029,12.9318],[74.8029,12.9321],[74.8032,12.9321],[74.8032,12.9324],[74.8035,12.9324],[74.8035,12.9332],[74.8037,12.9332],[74.8037,12.9335],[74.804,12.9335],[74.804,12.9338],[74.8043,12.9338],[74.8043,12.9351],[74.804,12.9351],[74.804,12.9371],[74.8037,12.9371],[74.8037,12.9388],[74.8035,12.9388],[74.8035,12.9401],[74.8032,12.9401],[74.8032,12.9415],[74.8029,12.9415],[74.8029,12.9432],[74.8026,12.9432],[74.8026,12.9446],[74.8024,12.9446],[74.8024,12.946],[74.8021,12.946],[74.8021,12.9476],[74.8018,12.9476],[74.8018,12.949],[74.8015,12.949],[74.8015,12.9507],[74.8012,12.9507],[74.8012,12.9521],[74.801,12.9521],[74.801,12.9535],[74.8007,12.9535],[74.8007,12.954],[74.8007,12.9551],[74.8004,12.9551],[74.8004,12.9556],[74.8004,12.9565],[74.8001,12.9565],[74.8001,12.9568],[74.8001,12.9579],[74.7999,12.9579],[74.7999,12.958],[74.7999,12.9596],[74.7996,12.9596],[74.7996,12.961],[74.7993,12.961],[74.7993,12.9626],[74.799,12.9626],[74.799,12.964],[74.7988,12.964],[74.7988,12.9657],[74.7985,12.9657],[74.7985,12.9671],[74.7982,12.9671],[74.7982,12.9685],[74.7979,12.9685],[74.7979,12.9701],[74.7976,12.9701],[74.7976,12.9715],[74.7974,12.9715],[74.7974,12.9732],[74.7971,12.9732],[74.7971,12.9743],[74.7968,12.9743],[74.7968,12.9751],[74.7965,12.9751],[74.7965,12.976],[74.7962,12.976],[74.7962,12.9771],[74.796,12.9771],[74.796,12.9785],[74.7957,12.9785],[74.7957,12.9793],[74.7954,12.9793],[74.7954,12.981],[74.7951,12.981],[74.7951,12.9826],[74.7949,12.9826],[74.7949,12.9843],[74.7946,12.9843],[74.7946,12.986],[74.7943,12.986],[74.7943,12.9882],[74.794,12.9882],[74.794,12.989],[74.7937,12.989],[74.7937,12.9901],[74.7935,12.9901],[74.7935,12.9913],[74.7932,12.9913],[74.7932,12.9924],[74.7929,12.9924],[74.7929,12.9932],[74.7926,12.9932],[74.7926,12.9943],[74.7925,12.9943],[74.7924,12.9943],[74.7924,12.9954],[74.7921,12.9954],[74.7921,12.9963],[74.7918,12.9963],[74.7918,12.9974],[74.7915,12.9974],[74.7915,12.9985],[74.7913,12.9985],[74.7913,12.9996],[74.791,12.9996],[74.791,13.0001],[74.7907,13.0001],[74.7907,13.0004],[74.7904,13.0004],[74.7904,13.0007],[74.7901,13.0007],[74.7901,13.0015],[74.7904,13.0015],[74.7904,13.0024],[74.7901,13.0024],[74.7901,13.0035],[74.7896,13.0035],[74.7896,13.0038],[74.7893,13.0037],[74.7893,13.0057],[74.789,13.0057],[74.789,13.0076],[74.7887,13.0076],[74.7887,13.0088],[74.7885,13.0087],[74.7885,13.0107],[74.7879,13.0107],[74.7879,13.0135],[74.7876,13.0135],[74.7876,13.014],[74.7878,13.014],[74.7879,13.014],[74.7879,13.0146],[74.7876,13.0146],[74.7876,13.0157],[74.7874,13.0157],[74.7874,13.0171],[74.7871,13.0171],[74.7871,13.0176],[74.7868,13.0176],[74.7868,13.0193],[74.7865,13.0193],[74.7865,13.0199],[74.7862,13.0199],[74.7862,13.0221],[74.786,13.0221],[74.786,13.0229],[74.7857,13.0229],[74.7857,13.0246],[74.7854,13.0246],[74.7854,13.0263],[74.7851,13.0263],[74.7851,13.0274],[74.7849,13.0274],[74.7849,13.0288],[74.7846,13.0288],[74.7846,13.0307],[74.7843,13.0307],[74.7843,13.0318],[74.784,13.0318],[74.784,13.0329],[74.7838,13.0329],[74.7838,13.034],[74.7835,13.034],[74.7835,13.0349],[74.7832,13.0349],[74.7832,13.0365],[74.7829,13.0365],[74.7829,13.0385],[74.7826,13.0385],[74.7826,13.0396],[74.7824,13.0396],[74.7824,13.0404],[74.7821,13.0404],[74.7821,13.041],[74.7818,13.041],[74.7818,13.0413],[74.7821,13.0413],[74.7821,13.0415],[74.7818,13.0415],[74.7818,13.0418],[74.7821,13.0418],[74.7821,13.0421],[74.7818,13.0421],[74.7818,13.0435],[74.7815,13.0435],[74.7815,13.0446],[74.7813,13.0446],[74.7813,13.0451],[74.781,13.0451],[74.781,13.0454],[74.7813,13.0454],[74.7813,13.0457],[74.781,13.0457],[74.781,13.0471],[74.7807,13.0471],[74.7807,13.0482],[74.7804,13.0482],[74.7804,13.0499],[74.7801,13.0499],[74.7801,13.0507],[74.7799,13.0507],[74.7799,13.051],[74.7801,13.051],[74.7801,13.0524],[74.7796,13.0524],[74.7796,13.0526],[74.7793,13.0526],[74.7793,13.0529],[74.7799,13.0529],[74.7799,13.0535],[74.7796,13.0535],[74.7796,13.054],[74.7793,13.054],[74.7793,13.0543],[74.779,13.0543],[74.779,13.0571],[74.779,13.0579],[74.7787,13.0579],[74.7787,13.0585],[74.7785,13.0585],[74.7785,13.0604],[74.7782,13.0604],[74.7782,13.0621],[74.7779,13.0621],[74.7779,13.0626],[74.7782,13.0626],[74.7782,13.0643],[74.7779,13.0643],[74.7779,13.0649],[74.7776,13.0649],[74.7776,13.0654],[74.7774,13.0654],[74.7774,13.066],[74.7771,13.066],[74.7771,13.0665],[74.7768,13.0665],[74.7768,13.0676],[74.7765,13.0676],[74.7765,13.0693],[74.7763,13.0693],[74.7763,13.0708],[74.7763,13.071],[74.776,13.071],[74.776,13.0712],[74.776,13.0732],[74.7757,13.0732],[74.7757,13.0737],[74.7754,13.0737],[74.7754,13.0757],[74.7751,13.0757],[74.7751,13.0771],[74.7749,13.0771],[74.7749,13.0776],[74.7746,13.0776],[74.7746,13.0782],[74.7765,13.0782],[74.7765,13.0774],[74.7768,13.0774],[74.7768,13.0771],[74.7765,13.0771],[74.7765,13.0765],[74.7768,13.0765],[74.7768,13.0763],[74.7771,13.0763],[74.7771,13.0751],[74.7774,13.0751],[74.7774,13.074],[74.7776,13.074],[74.7776,13.0732],[74.7779,13.0732],[74.7779,13.0726],[74.7782,13.0726],[74.7782,13.0724],[74.7785,13.0724],[74.7785,13.0721],[74.7787,13.0721],[74.7787,13.0715],[74.779,13.0715],[74.779,13.0712],[74.7793,13.0712],[74.7793,13.0707],[74.7796,13.0707],[74.7796,13.0649],[74.7796,13.0646],[74.7797,13.0646],[74.7799,13.0646],[74.7799,13.0642],[74.7799,13.0626],[74.7801,13.0626],[74.7801,13.0621],[74.7804,13.0621],[74.7804,13.0615],[74.7807,13.0615],[74.7807,13.0613],[74.781,13.0612],[74.781,13.061],[74.7813,13.061],[74.7813,13.0604],[74.7818,13.0604],[74.7818,13.0601],[74.7821,13.0601],[74.7821,13.0599],[74.7824,13.0599],[74.7824,13.0596],[74.7826,13.0596],[74.7826,13.0593],[74.7832,13.0593],[74.7832,13.059],[74.7842,13.059],[74.7843,13.0593],[74.7846,13.0593],[74.7846,13.0604],[74.7844,13.0604],[74.7843,13.0604],[74.7843,13.061],[74.784,13.061],[74.784,13.0613],[74.7838,13.0613],[74.7838,13.0615],[74.7832,13.0615],[74.7832,13.0618],[74.7829,13.0618],[74.7829,13.0624],[74.7826,13.0624],[74.7826,13.0626],[74.7824,13.0626],[74.7824,13.0632],[74.7821,13.0632],[74.7821,13.0637],[74.7815,13.0637],[74.7815,13.064],[74.781,13.064],[74.781,13.0643],[74.7807,13.0643],[74.7807,13.0651],[74.7813,13.0651],[74.7813,13.066],[74.7815,13.066],[74.7815,13.0671],[74.7813,13.0671],[74.7813,13.0676],[74.781,13.0676],[74.781,13.0685],[74.7807,13.0685],[74.7807,13.0699],[74.7804,13.0699],[74.7804,13.071],[74.7801,13.071],[74.7801,13.0715],[74.7799,13.0715],[74.7799,13.0721],[74.7796,13.0721],[74.7796,13.0726],[74.7793,13.0726],[74.7793,13.0732],[74.7796,13.0732],[74.7796,13.0735],[74.7793,13.0735],[74.7793,13.0743],[74.779,13.0743],[74.779,13.0757],[74.7787,13.0757],[74.7787,13.076],[74.7785,13.076],[74.7785,13.0782],[74.7787,13.0782],[74.7787,13.0785],[74.779,13.0785],[74.779,13.0796],[74.7793,13.0796],[74.7793,13.0799],[74.779,13.0799],[74.779,13.0813],[74.7793,13.0813],[74.7793,13.0821],[74.779,13.0821],[74.779,13.0824],[74.7793,13.0824],[74.7793,13.0832],[74.7796,13.0832],[74.7796,13.0835],[74.7799,13.0835],[74.7799,13.0838],[74.7801,13.0837],[74.7801,13.0846],[74.7804,13.0846],[74.7804,13.0849],[74.7807,13.0849],[74.7807,13.086],[74.781,13.086],[74.781,13.0865],[74.7811,13.0865],[74.7813,13.0865],[74.7813,13.0871],[74.7815,13.0871],[74.7815,13.0874],[74.7818,13.0874],[74.7818,13.0879],[74.7821,13.0879],[74.7821,13.0882],[74.7824,13.0882],[74.7824,13.0891],[74.7824,13.0899],[74.7821,13.0899],[74.7821,13.091],[74.7818,13.091],[74.7818,13.0912],[74.7815,13.0912],[74.7815,13.0918],[74.7813,13.0918],[74.7813,13.0924],[74.781,13.0924],[74.781,13.0926],[74.7804,13.0926],[74.7804,13.0932],[74.7801,13.0932],[74.7801,13.0935],[74.7799,13.0935],[74.7799,13.0946],[74.7796,13.0946],[74.7796,13.0968],[74.7799,13.0968],[74.7799,13.0979],[74.7801,13.0979],[74.7801,13.0982],[74.7804,13.0982],[74.7804,13.0988],[74.7807,13.0988],[74.7807,13.0991],[74.7813,13.0993],[74.7827,13.0996],[74.7839,13.0996],[74.7843,13.0996],[74.7843,13.0993],[74.7849,13.0993],[74.7849,13.099],[74.7854,13.099],[74.7854,13.0988],[74.7862,13.0988],[74.7862,13.0985],[74.7868,13.0985],[74.7868,13.0982],[74.7874,13.0982],[74.7874,13.0979],[74.7896,13.0979],[74.7896,13.0988],[74.7874,13.0988],[74.7874,13.099],[74.7868,13.099],[74.7868,13.0993],[74.7862,13.0993],[74.7862,13.0996],[74.7877,13.1006],[74.7895,13.1006],[74.7917,13.0984],[74.7916,13.0952],[74.7903,13.0935],[74.789,13.0932],[74.7925,13.0923],[74.7962,13.0937],[74.7988,13.0965],[74.7998,13.1009],[74.8004,13.1034],[74.7987,13.106],[74.7975,13.1078],[74.7966,13.1122],[74.8033,13.1117],[74.8059,13.1108],[74.8087,13.1098],[74.813,13.1102],[74.816,13.1178],[74.8239,13.12],[74.8284,13.1244],[74.8329,13.1224],[74.8399,13.123],[74.8452,13.1222],[74.8488,13.1247],[74.8555,13.1208],[74.8642,13.1221],[74.8657,13.1195],[74.8697,13.116],[74.8735,13.1069],[74.8749,13.0932],[74.8774,13.0912],[74.8868,13.0953],[74.8915,13.0915],[74.8919,13.0777],[74.8894,13.0655],[74.8896,13.064],[74.8924,13.0622],[74.8926,13.0588],[74.8899,13.0555],[74.8858,13.0529],[74.885,13.0438],[74.8868,13.0398],[74.892,13.037],[74.8971,13.0326],[74.8972,13.0263],[74.9072,13.0194],[74.9104,13.0206],[74.9083,13.0236],[74.9062,13.0358],[74.9144,13.0324],[74.9181,13.0339],[74.921,13.031],[74.9245,13.0322],[74.9287,13.0299],[74.9332,13.0303],[74.9356,13.0275],[74.9338,13.0193],[74.9341,13.0149],[74.9362,13.0107],[74.9289,13.0046],[74.9317,13.0016],[74.9416,13.0005],[74.9457,13.0032],[74.9461,13.0081],[74.9477,13.0118],[74.9523,13.0138],[74.9572,13.014],[74.9584,13.0114],[74.9654,13.0094],[74.9663,13.0127],[74.9705,13.0121],[74.9784,13.0229],[74.9965,13.0144],[74.9988,13.0124],[74.9994,13.0113],[74.9995,13.0084],[74.998,13.0054],[74.996,13.0025],[74.9968,12.9997],[74.9926,12.9993],[74.9888,13.0],[74.9874,12.9971],[74.9873,12.9958],[74.9871,12.9958],[74.9884,12.9873],[74.9902,12.9848],[74.9967,12.9833],[75.0005,12.983],[75.0035,12.9804],[75.0145,12.9799],[75.0184,12.9898],[75.0221,12.9921],[75.0301,12.9933],[75.0301,12.9958],[75.0298,12.9958],[75.0298,12.9992],[75.0307,13.0118],[75.034,13.013],[75.0396,13.0134],[75.045,13.0149],[75.0478,13.0162],[75.0524,13.023],[75.0548,13.0249],[75.0568,13.0279],[75.0624,13.0288],[75.0638,13.0317],[75.066,13.0343],[75.0684,13.0416],[75.0771,13.041],[75.0802,13.046],[75.0798,13.0499],[75.083,13.0543],[75.0826,13.0608],[75.0834,13.0635],[75.088,13.0644],[75.0894,13.0699],[75.0916,13.0743],[75.0985,13.0767],[75.0991,13.0867],[75.1023,13.089],[75.1081,13.0963],[75.118,13.1046],[75.1207,13.1092],[75.1245,13.1188],[75.125,13.1239],[75.1274,13.128],[75.1302,13.1303],[75.1347,13.1307],[75.1389,13.13],[75.143,13.1287],[75.1478,13.1227],[75.1574,13.1275],[75.1587,13.1314],[75.1619,13.129],[75.1673,13.1357],[75.1687,13.1391],[75.1753,13.1425],[75.178,13.1455],[75.1821,13.1565],[75.1909,13.1607],[75.199,13.1683],[75.1997,13.1741],[75.1999,13.1758],[75.2018,13.177],[75.2097,13.1692],[75.2109,13.1615],[75.2105,13.1535],[75.2154,13.1524],[75.2228,13.1475],[75.2362,13.1341],[75.2431,13.1327],[75.2534,13.1243],[75.2583,13.1268],[75.2633,13.1256],[75.2699,13.1227],[75.2771,13.1233],[75.2824,13.1294],[75.2856,13.1303],[75.2876,13.1262],[75.2903,13.1231],[75.2912,13.1244],[75.2949,13.1214],[75.2975,13.1275],[75.3098,13.1277],[75.3135,13.1295],[75.3167,13.1342],[75.3174,13.1403],[75.3237,13.1431],[75.3238,13.1491],[75.3229,13.1546],[75.3259,13.1583],[75.3265,13.1622],[75.3285,13.1658],[75.3324,13.1654],[75.3349,13.1703],[75.3428,13.1767],[75.3486,13.1758],[75.3513,13.1788]]]}},{"type":"Feature","properties":{"district":"Davanagere"},"geometry":{"type":"Polygon","coordinates":[[[76.0631,14.9072],[76.069,14.9045],[76.0743,14.9058],[76.0801,14.9058],[76.0811,14.8999],[76.0789,14.8955],[76.0659,14.8791],[76.0683,14.8722],[76.073,14.8641],[76.107,14.8648],[76.1197,14.8661],[76.1258,14.8653],[76.1293,14.8619],[76.1302,14.8568],[76.1547,14.8559],[76.156,14.8486],[76.156,14.8435],[76.1602,14.8428],[76.1779,14.8431],[76.1886,14.8425],[76.1905,14.8309],[76.1944,14.8198],[76.1943,14.8153],[76.1837,14.8163],[76.1758,14.818],[76.1622,14.8241],[76.1573,14.8256],[76.1522,14.8181],[76.1472,14.8171],[76.143,14.8052],[76.144,14.7987],[76.1479,14.7859],[76.152,14.7811],[76.1682,14.7806],[76.1729,14.7757],[76.1798,14.7618],[76.1837,14.7616],[76.1898,14.7639],[76.1925,14.7615],[76.2005,14.7461],[76.2019,14.7412],[76.2022,14.7354],[76.2009,14.7303],[76.1983,14.7241],[76.1939,14.7204],[76.1894,14.7181],[76.1861,14.7144],[76.1847,14.6962],[76.1878,14.6938],[76.1908,14.6927],[76.1929,14.6768],[76.2028,14.6733],[76.2159,14.6585],[76.2194,14.6532],[76.229,14.6442],[76.2333,14.6541],[76.24,14.675],[76.2472,14.6893],[76.2512,14.693],[76.2558,14.6943],[76.2588,14.6922],[76.2636,14.6923],[76.27,14.6913],[76.2727,14.6847],[76.2755,14.6821],[76.2898,14.6825],[76.2971,14.6856],[76.3029,14.6857],[76.3093,14.6846],[76.3151,14.6875],[76.321,14.6876],[76.3272,14.6852],[76.3362,14.6813],[76.3387,14.6701],[76.3419,14.6616],[76.3487,14.661],[76.3622,14.6611],[76.3744,14.6589],[76.3785,14.6563],[76.3735,14.6501],[76.3727,14.6447],[76.3758,14.6424],[76.3825,14.6438],[76.3886,14.6442],[76.39,14.6376],[76.3915,14.6229],[76.3951,14.6211],[76.4003,14.6214],[76.4033,14.6182],[76.4067,14.6191],[76.4121,14.6189],[76.4194,14.6197],[76.4238,14.618],[76.4294,14.614],[76.4306,14.6085],[76.4284,14.5972],[76.4219,14.5764],[76.4426,14.5745],[76.4498,14.5719],[76.4905,14.564],[76.4978,14.5621],[76.5048,14.5587],[76.5079,14.5563],[76.509,14.5494],[76.5129,14.5441],[76.5224,14.5455],[76.5304,14.5343],[76.5297,14.5302],[76.5091,14.5154],[76.5045,14.5108],[76.4988,14.5072],[76.4928,14.5049],[76.4804,14.4981],[76.4754,14.4968],[76.4663,14.4958],[76.4566,14.4962],[76.4553,14.4904],[76.4549,14.4785],[76.4535,14.4697],[76.4567,14.4459],[76.4445,14.4438],[76.4244,14.4426],[76.422,14.4407],[76.4218,14.4336],[76.3984,14.4295],[76.394,14.4261],[76.3912,14.4215],[76.3822,14.4199],[76.3806,14.4153],[76.369,14.4153],[76.3465,14.4131],[76.3377,14.4094],[76.33,14.4016],[76.3095,14.4013],[76.2952,14.4027],[76.2829,14.4],[76.2757,14.4007],[76.2691,14.4079],[76.2646,14.4161],[76.2635,14.4248],[76.2588,14.4368],[76.2535,14.4388],[76.2437,14.4391],[76.2367,14.4425],[76.2283,14.4415],[76.2169,14.4371],[76.2157,14.4373],[76.2068,14.4491],[76.2023,14.4518],[76.1827,14.4534],[76.173,14.4523],[76.1724,14.4452],[76.1696,14.4406],[76.1599,14.4364],[76.1455,14.4262],[76.1355,14.4209],[76.1391,14.414],[76.1405,14.4088],[76.1449,14.403],[76.1495,14.4014],[76.1499,14.3933],[76.1543,14.379],[76.1538,14.3745],[76.1496,14.3706],[76.1482,14.366],[76.1487,14.3589],[76.1535,14.3573],[76.1528,14.3461],[76.1554,14.3236],[76.1544,14.3148],[76.1384,14.3175],[76.1289,14.318],[76.1181,14.317],[76.1085,14.3106],[76.1083,14.3031],[76.1112,14.2972],[76.116,14.2916],[76.1163,14.2814],[76.121,14.2762],[76.125,14.2729],[76.1278,14.2665],[76.1302,14.258],[76.1294,14.2499],[76.1151,14.2429],[76.1078,14.2416],[76.0776,14.2388],[76.0702,14.2212],[76.0637,14.2167],[76.0597,14.2149],[76.0617,14.2099],[76.0628,14.2008],[76.0594,14.1979],[76.0558,14.1962],[76.0555,14.1834],[76.0566,14.1766],[76.061,14.1751],[76.0627,14.1722],[76.0631,14.1654],[76.0602,14.1632],[76.0592,14.154],[76.0488,14.15],[76.0441,14.1488],[76.0445,14.1404],[76.0392,14.1373],[76.0313,14.1288],[76.0305,14.1191],[76.0249,14.1134],[76.0232,14.1085],[76.0229,14.1028],[76.0243,14.0948],[76.0286,14.0942],[76.0305,14.0896],[76.0304,14.087],[76.0334,14.0855],[76.0388,14.0906],[76.0447,14.0929],[76.0468,14.0925],[76.0501,14.0858],[76.0516,14.0788],[76.0529,14.0673],[76.0518,14.0607],[76.0457,14.0473],[76.045,14.0412],[76.0473,14.0193],[76.0471,14.0131],[76.0457,14.0086],[76.0427,14.0075],[76.0428,13.9951],[76.0431,13.9951],[76.0417,13.9855],[76.0423,13.9811],[76.0507,13.9708],[76.0558,13.9725],[76.0698,13.975],[76.0678,13.9598],[76.0667,13.941],[76.0652,13.9364],[76.0572,13.9347],[76.0439,13.9351],[76.0287,13.9109],[76.0294,13.8967],[76.0288,13.8923],[76.0315,13.8909],[76.0317,13.8836],[76.0307,13.8735],[76.0303,13.8715],[76.028,13.8699],[76.027,13.8681],[76.0285,13.8644],[76.0187,13.8572],[76.0147,13.8657],[76.0087,13.86],[76.0068,13.8621],[75.9976,13.8528],[75.9873,13.8424],[75.9811,13.8441],[75.9781,13.842],[75.9691,13.85],[75.9567,13.834],[75.948,13.8279],[75.9459,13.8228],[75.9473,13.8198],[75.9473,13.8154],[75.9493,13.8124],[75.9481,13.81],[75.945,13.8113],[75.9417,13.8079],[75.9385,13.8066],[75.9342,13.8065],[75.9281,13.8077],[75.9234,13.8064],[75.9185,13.8017],[75.9093,13.8016],[75.9027,13.8025],[75.8991,13.8013],[75.8938,13.8009],[75.8823,13.8052],[75.8777,13.8054],[75.8716,13.8043],[75.8608,13.8054],[75.8343,13.809],[75.823,13.8126],[75.8052,13.7895],[75.7899,13.7912],[75.7764,13.7842],[75.7714,13.7895],[75.764,13.7901],[75.7589,13.7886],[75.7643,13.78],[75.7609,13.7757],[75.7559,13.776],[75.7481,13.7751],[75.7393,13.7704],[75.7317,13.7645],[75.712,13.7656],[75.7092,13.7618],[75.6873,13.7619],[75.6839,13.7589],[75.6828,13.755],[75.6863,13.7513],[75.6876,13.7473],[75.6849,13.7448],[75.6802,13.7447],[75.6767,13.7463],[75.6718,13.7586],[75.6692,13.7588],[75.6627,13.7503],[75.6604,13.7452],[75.6556,13.7432],[75.6562,13.7395],[75.659,13.7367],[75.6649,13.734],[75.6678,13.7268],[75.6741,13.7237],[75.6734,13.7172],[75.6707,13.7158],[75.6506,13.7136],[75.6488,13.7088],[75.6424,13.7003],[75.6385,13.6981],[75.6342,13.6969],[75.6306,13.6991],[75.6261,13.6985],[75.6227,13.7008],[75.6207,13.7049],[75.6206,13.7091],[75.6179,13.7172],[75.6223,13.7234],[75.6249,13.7258],[75.6266,13.7289],[75.6197,13.7353],[75.6149,13.7386],[75.6109,13.74],[75.6093,13.7418],[75.6084,13.7468],[75.6083,13.7562],[75.6053,13.7563],[75.6041,13.7849],[75.5913,13.7909],[75.601,13.7904],[75.6044,13.7925],[75.6046,13.8006],[75.6066,13.808],[75.6043,13.8161],[75.6103,13.8391],[75.6191,13.8408],[75.6311,13.8464],[75.6393,13.8614],[75.6504,13.8633],[75.6548,13.8748],[75.6607,13.8826],[75.6557,13.889],[75.6558,13.893],[75.6634,13.8935],[75.6699,13.8912],[75.6743,13.9072],[75.6846,13.9094],[75.6882,13.9089],[75.692,13.9064],[75.7003,13.9099],[75.7117,13.9107],[75.7116,13.9195],[75.7083,13.9261],[75.7089,13.9348],[75.7077,13.9391],[75.7009,13.9463],[75.6962,13.9526],[75.6881,13.9643],[75.6867,13.9686],[75.6817,13.9736],[75.6796,13.9846],[75.6737,13.9897],[75.6731,13.9955],[75.6724,14.0009],[75.6719,14.0063],[75.6756,14.0185],[75.6812,14.0283],[75.6875,14.0312],[75.6929,14.0407],[75.7022,14.0488],[75.7071,14.05],[75.7128,14.049],[75.7186,14.0489],[75.7254,14.0497],[75.7323,14.0519],[75.7343,14.0565],[75.733,14.0597],[75.7305,14.0637],[75.7218,14.07],[75.7093,14.0685],[75.6698,14.0611],[75.6648,14.0612],[75.6578,14.0628],[75.643,14.0707],[75.6436,14.0744],[75.6351,14.0742],[75.6311,14.0692],[75.6265,14.0695],[75.6173,14.0715],[75.6172,14.0673],[75.6146,14.0627],[75.6116,14.0549],[75.6059,14.0523],[75.6014,14.0531],[75.5982,14.0563],[75.5942,14.0577],[75.5855,14.0529],[75.5707,14.0613],[75.5543,14.0719],[75.5453,14.0721],[75.5407,14.0747],[75.5367,14.0824],[75.5159,14.0921],[75.5082,14.0934],[75.5001,14.0938],[75.4956,14.0931],[75.4933,14.0982],[75.4899,14.098],[75.4811,14.0939],[75.4721,14.0969],[75.4617,14.0946],[75.4516,14.0907],[75.4464,14.0917],[75.4412,14.0976],[75.4353,14.1001],[75.4239,14.1028],[75.4004,14.1103],[75.4003,14.1132],[75.4014,14.1202],[75.4164,14.1344],[75.4216,14.1357],[75.4259,14.1438],[75.4306,14.1462],[75.4395,14.153],[75.4436,14.1576],[75.4608,14.1691],[75.4853,14.1699],[75.4692,14.1841],[75.4532,14.1997],[75.4576,14.202],[75.4622,14.2034],[75.4706,14.2046],[75.4788,14.2105],[75.5078,14.2124],[75.5124,14.2065],[75.5163,14.1991],[75.5199,14.1965],[75.5263,14.198],[75.5275,14.2002],[75.5284,14.2057],[75.5276,14.2182],[75.5284,14.2241],[75.5275,14.2495],[75.5292,14.2598],[75.5298,14.2728],[75.5361,14.2729],[75.5415,14.2712],[75.5455,14.2711],[75.5541,14.2712],[75.5628,14.2725],[75.5791,14.2723],[75.5846,14.2768],[75.5877,14.2842],[75.5947,14.2853],[75.6023,14.289],[75.6059,14.2952],[75.6092,14.31],[75.6322,14.3095],[75.6333,14.3127],[75.6331,14.3172],[75.6307,14.3215],[75.6267,14.3259],[75.6222,14.3326],[75.6211,14.3387],[75.6233,14.3572],[75.6237,14.3615],[75.6251,14.3661],[75.6289,14.3736],[75.6377,14.4016],[75.6402,14.4146],[75.6411,14.4264],[75.635,14.4276],[75.6343,14.4357],[75.6297,14.4386],[75.6357,14.4599],[75.6479,14.4596],[75.654,14.458],[75.66,14.4537],[75.6595,14.4463],[75.6698,14.4562],[75.6746,14.464],[75.6792,14.4733],[75.6874,14.4856],[75.6941,14.4874],[75.6997,14.4845],[75.7031,14.4798],[75.7076,14.469],[75.7145,14.4679],[75.721,14.4724],[75.7261,14.4784],[75.7305,14.4859],[75.7365,14.4922],[75.7433,14.4972],[75.7537,14.5094],[75.763,14.5127],[75.7721,14.5135],[75.7949,14.5043],[75.7974,14.5061],[75.7954,14.5163],[75.7957,14.5215],[75.7966,14.5282],[75.7992,14.5355],[75.8022,14.5403],[75.8179,14.5577],[75.8192,14.5623],[75.8185,14.5677],[75.8147,14.5721],[75.8089,14.5844],[75.8056,14.5888],[75.8044,14.595],[75.8057,14.6073],[75.8107,14.6234],[75.8121,14.633],[75.8114,14.6471],[75.7993,14.6612],[75.8001,14.6712],[75.7987,14.6762],[75.7933,14.6778],[75.7872,14.6764],[75.783,14.6739],[75.7706,14.67],[75.758,14.6721],[75.7496,14.6754],[75.7395,14.6808],[75.7387,14.6861],[75.7398,14.694],[75.7431,14.6995],[75.7605,14.7138],[75.7637,14.7192],[75.7636,14.7251],[75.7623,14.7308],[75.7565,14.7344],[75.7573,14.739],[75.758,14.7591],[75.7604,14.7734],[75.7674,14.7774],[75.7714,14.7807],[75.7722,14.7888],[75.7892,14.7736],[75.7957,14.7695],[75.8,14.7652],[75.8041,14.7671],[75.8073,14.7698],[75.813,14.7721],[75.8187,14.7725],[75.8226,14.7736],[75.8277,14.7784],[75.8352,14.7941],[75.8362,14.8018],[75.8316,14.8134],[75.8244,14.8216],[75.8182,14.8324],[75.8129,14.831],[75.8066,14.8387],[75.8101,14.8404],[75.8108,14.8423],[75.8061,14.856],[75.8031,14.8701],[75.8136,14.8809],[75.8109,14.8819],[75.812,14.8863],[75.8199,14.8962],[75.8273,14.8939],[75.8326,14.8789],[75.8425,14.8858],[75.8468,14.8842],[75.8497,14.8793],[75.8566,14.8781],[75.8541,14.8673],[75.8546,14.8597],[75.8585,14.8581],[75.8618,14.8549],[75.8699,14.8503],[75.8706,14.855],[75.8736,14.8646],[75.8864,14.8655],[75.8883,14.8692],[75.8991,14.8748],[75.8996,14.8784],[75.9158,14.8844],[75.9249,14.8857],[75.9316,14.8895],[75.9359,14.8889],[75.9378,14.8924],[75.9417,14.8928],[75.9408,14.896],[75.9521,14.8989],[75.9604,14.8985],[75.9707,14.9031],[75.9769,14.8945],[75.9852,14.9026],[75.9881,14.9009],[75.996,14.894],[75.9988,14.8958],[76.0019,14.8965],[76.0057,14.9011],[76.0099,14.9002],[76.0115,14.8947],[76.0175,14.9031],[76.0212,14.9056],[76.0299,14.915],[76.0428,14.9236],[76.0474,14.9244],[76.0509,14.914],[76.054,14.9123],[76.0594,14.9108],[76.0631,14.9072]]]}},{"type":"Feature","properties":{"district":"Dharwad"},"geometry":{"type":"Polygon","coordinates":[[[75.4984,15.6776],[75.5042,15.6564],[75.5051,15.6454],[75.5181,15.6441],[75.536,15.6435],[75.5468,15.6447],[75.5573,15.6445],[75.5548,15.6357],[75.5525,15.617],[75.5517,15.613],[75.5493,15.6095],[75.5455,15.6085],[75.5448,15.6035],[75.543,15.5993],[75.5422,15.5925],[75.5362,15.5873],[75.5352,15.5776],[75.5328,15.5702],[75.5306,15.5593],[75.5308,15.5466],[75.5328,15.5354],[75.5205,15.5307],[75.5082,15.5273],[75.487,15.5278],[75.4824,15.5176],[75.4777,15.5177],[75.4762,15.5086],[75.4768,15.5007],[75.4741,15.4901],[75.4897,15.4853],[75.4961,15.4678],[75.4958,15.4601],[75.4941,15.4532],[75.4946,15.4433],[75.4995,15.4223],[75.4976,15.3941],[75.4955,15.3827],[75.494,15.369],[75.4886,15.3689],[75.4876,15.3733],[75.4834,15.3755],[75.4822,15.3803],[75.4826,15.3897],[75.4729,15.3936],[75.4707,15.383],[75.4472,15.3821],[75.4478,15.3731],[75.4503,15.3632],[75.451,15.3558],[75.4568,15.3554],[75.4599,15.3455],[75.4586,15.3394],[75.4548,15.3343],[75.4513,15.3258],[75.452,15.3183],[75.4514,15.3077],[75.4524,15.2986],[75.4448,15.298],[75.4303,15.2989],[75.4278,15.2956],[75.4163,15.2975],[75.4143,15.2933],[75.4142,15.2839],[75.41,15.2812],[75.4106,15.2748],[75.4203,15.2757],[75.4209,15.2725],[75.415,15.2707],[75.4058,15.2694],[75.4057,15.2577],[75.4134,15.2586],[75.4195,15.2577],[75.4207,15.2539],[75.419,15.2471],[75.4193,15.2365],[75.4209,15.2307],[75.4256,15.2312],[75.4267,15.2215],[75.4428,15.223],[75.4501,15.2122],[75.45,15.2047],[75.4369,15.2049],[75.4356,15.1952],[75.4029,15.1953],[75.4015,15.1836],[75.4035,15.1705],[75.398,15.1683],[75.3991,15.162],[75.4038,15.1618],[75.404,15.1667],[75.4084,15.1672],[75.4074,15.1622],[75.4108,15.1627],[75.4105,15.1596],[75.4159,15.1596],[75.4164,15.1484],[75.4193,15.1387],[75.4327,15.1206],[75.4365,15.1026],[75.4299,15.099],[75.4252,15.0951],[75.4272,15.092],[75.4245,15.0891],[75.4248,15.0837],[75.4196,15.0829],[75.4207,15.0705],[75.4219,15.0657],[75.4199,15.0568],[75.4182,15.0529],[75.4044,15.0547],[75.3842,15.0467],[75.3701,15.044],[75.365,15.0539],[75.359,15.0589],[75.3562,15.0587],[75.344,15.062],[75.3413,15.0654],[75.3409,15.0707],[75.338,15.0769],[75.3324,15.0777],[75.3364,15.0839],[75.3427,15.0857],[75.3413,15.0892],[75.3479,15.0899],[75.352,15.0921],[75.3536,15.099],[75.3446,15.1031],[75.3415,15.1072],[75.3398,15.1202],[75.3397,15.1327],[75.3407,15.1436],[75.3398,15.1563],[75.326,15.1533],[75.3114,15.1514],[75.3123,15.1368],[75.2922,15.1334],[75.2918,15.1258],[75.2797,15.1188],[75.2654,15.1124],[75.2602,15.0932],[75.2561,15.094],[75.2559,15.1025],[75.2439,15.1009],[75.244,15.1041],[75.2362,15.1034],[75.2302,15.1013],[75.2291,15.0959],[75.2142,15.0956],[75.2,15.0946],[75.1938,15.0934],[75.1898,15.0989],[75.1695,15.0969],[75.1628,15.0987],[75.1625,15.1042],[75.1496,15.1005],[75.1491,15.0972],[75.1447,15.0967],[75.1415,15.1067],[75.1404,15.114],[75.145,15.1255],[75.1501,15.1303],[75.1579,15.142],[75.1508,15.151],[75.1489,15.1556],[75.1411,15.1558],[75.1398,15.1468],[75.1349,15.1384],[75.1302,15.1402],[75.1269,15.1353],[75.1216,15.1353],[75.1163,15.1342],[75.1106,15.1352],[75.1096,15.1258],[75.1175,15.1204],[75.1171,15.1129],[75.103,15.11],[75.0967,15.1066],[75.0892,15.1058],[75.0826,15.1067],[75.086,15.0787],[75.0856,15.0743],[75.0838,15.0695],[75.074,15.0674],[75.0653,15.0685],[75.061,15.0699],[75.0597,15.072],[75.0588,15.0778],[75.0425,15.0743],[75.037,15.0724],[75.0364,15.0707],[75.0254,15.0658],[75.0229,15.0669],[75.0145,15.0654],[75.0107,15.0665],[75.003,15.0668],[74.9996,15.0694],[74.9938,15.0676],[74.9894,15.068],[74.9865,15.0673],[74.9834,15.0651],[74.9721,15.0673],[74.964,15.0619],[74.9558,15.0637],[74.9528,15.0619],[74.9484,15.0614],[74.9436,15.0633],[74.9429,15.0601],[74.9429,15.0489],[74.9405,15.0475],[74.9349,15.0486],[74.9306,15.0473],[74.9236,15.0391],[74.9146,15.0347],[74.9128,15.0416],[74.9104,15.0465],[74.8964,15.0419],[74.8936,15.0451],[74.8935,15.0526],[74.8902,15.0591],[74.8898,15.0645],[74.8836,15.0695],[74.8845,15.0811],[74.8934,15.0892],[74.8959,15.0935],[74.8953,15.0952],[74.8929,15.0971],[74.8892,15.0961],[74.8859,15.0966],[74.8803,15.0988],[74.8733,15.0986],[74.8682,15.1002],[74.8621,15.1008],[74.8606,15.1033],[74.861,15.1058],[74.8597,15.1088],[74.8571,15.1104],[74.8549,15.1143],[74.857,15.1181],[74.8545,15.1202],[74.8481,15.1187],[74.8466,15.1238],[74.8434,15.1261],[74.8397,15.1252],[74.8324,15.1305],[74.8347,15.1354],[74.8393,15.1374],[74.8398,15.1416],[74.839,15.1452],[74.8457,15.1508],[74.8474,15.1557],[74.8522,15.1585],[74.8536,15.1663],[74.8666,15.175],[74.8694,15.1827],[74.8774,15.1875],[74.8805,15.1904],[74.8794,15.1956],[74.877,15.2003],[74.8774,15.2053],[74.8767,15.2102],[74.8853,15.2186],[74.8898,15.2243],[74.8911,15.2302],[74.9108,15.2446],[74.9124,15.2479],[74.9094,15.2723],[74.9022,15.2962],[74.9008,15.2984],[74.8984,15.2977],[74.8932,15.3045],[74.8894,15.2979],[74.8857,15.2953],[74.8797,15.2978],[74.8817,15.3042],[74.8815,15.3092],[74.881,15.3122],[74.8703,15.3185],[74.863,15.3267],[74.8588,15.3378],[74.8532,15.3374],[74.8505,15.3327],[74.8452,15.3327],[74.8385,15.3307],[74.8301,15.3407],[74.8296,15.348],[74.8258,15.3641],[74.8267,15.3692],[74.833,15.3722],[74.825,15.3812],[74.803,15.3742],[74.7944,15.377],[74.7903,15.3824],[74.7865,15.3913],[74.7743,15.3985],[74.7695,15.3965],[74.7707,15.401],[74.7755,15.4067],[74.7712,15.4136],[74.7583,15.4073],[74.7533,15.4105],[74.7468,15.4089],[74.7466,15.417],[74.7389,15.4204],[74.735,15.427],[74.7363,15.4355],[74.7388,15.4412],[74.743,15.4435],[74.7451,15.4459],[74.7491,15.4589],[74.7479,15.4621],[74.7385,15.4658],[74.7338,15.4775],[74.7345,15.4797],[74.7342,15.4826],[74.7318,15.4832],[74.7314,15.4866],[74.7447,15.4894],[74.7509,15.492],[74.7587,15.4797],[74.7655,15.4671],[74.7698,15.4711],[74.781,15.457],[74.7931,15.4699],[74.7935,15.4743],[74.7912,15.482],[74.7998,15.4845],[74.8035,15.491],[74.8038,15.4949],[74.8084,15.4963],[74.808,15.4986],[74.8174,15.5006],[74.8143,15.506],[74.8143,15.5093],[74.8163,15.5154],[74.8156,15.5179],[74.802,15.5434],[74.8127,15.5466],[74.8162,15.5517],[74.8231,15.5567],[74.8273,15.5613],[74.8278,15.5644],[74.8312,15.5649],[74.8444,15.5718],[74.838,15.5874],[74.8348,15.5871],[74.8346,15.6069],[74.843,15.6081],[74.846,15.6043],[74.8599,15.6078],[74.8615,15.6092],[74.8823,15.6143],[74.8821,15.6182],[74.8878,15.6204],[74.894,15.6273],[74.8974,15.6266],[74.9026,15.628],[74.9116,15.6266],[74.9175,15.6279],[74.923,15.624],[74.9361,15.6199],[74.9488,15.6198],[74.9672,15.6228],[74.9674,15.6399],[74.9708,15.6489],[74.9855,15.6454],[74.9957,15.6472],[75.0033,15.6451],[75.0179,15.6422],[75.0235,15.6423],[75.0252,15.6472],[75.0319,15.65],[75.0333,15.6662],[75.0505,15.6688],[75.0529,15.6794],[75.0646,15.6783],[75.0672,15.6674],[75.067,15.6645],[75.0657,15.6579],[75.0634,15.6527],[75.0618,15.6466],[75.0599,15.6336],[75.0599,15.6287],[75.0849,15.6195],[75.0916,15.6088],[75.0954,15.606],[75.0991,15.6156],[75.1012,15.6241],[75.1021,15.6481],[75.1036,15.6594],[75.1074,15.6596],[75.1098,15.6691],[75.1261,15.6651],[75.126,15.6632],[75.1453,15.6568],[75.1535,15.6591],[75.1734,15.6588],[75.1882,15.6546],[75.1901,15.6467],[75.2055,15.6472],[75.2069,15.6567],[75.2048,15.6737],[75.205,15.6791],[75.2208,15.6792],[75.2211,15.676],[75.2396,15.6767],[75.2437,15.6626],[75.2529,15.6437],[75.26,15.6457],[75.2753,15.6477],[75.2746,15.6532],[75.2746,15.6646],[75.2809,15.6863],[75.2931,15.6887],[75.2978,15.6886],[75.3065,15.6837],[75.3146,15.6765],[75.3288,15.6737],[75.3356,15.6733],[75.3388,15.6715],[75.3394,15.662],[75.3386,15.6453],[75.3627,15.6432],[75.3644,15.6584],[75.3663,15.6661],[75.3714,15.6657],[75.3917,15.662],[75.4044,15.6555],[75.4152,15.6528],[75.4214,15.6605],[75.4272,15.6602],[75.4268,15.664],[75.4281,15.6679],[75.4437,15.6688],[75.4478,15.6775],[75.452,15.6758],[75.457,15.679],[75.4686,15.6796],[75.4757,15.6851],[75.4734,15.6896],[75.4719,15.6987],[75.4906,15.6993],[75.4918,15.6958],[75.4984,15.6776]]]}},{"type":"Feature","properties":{"district":"Gadag"},"geometry":{"type":"Polygon","coordinates":[[[75.4616,15.8792],[75.4657,15.8771],[75.4684,15.8783],[75.47,15.8769],[75.4697,15.8736],[75.471,15.8732],[75.4743,15.874],[75.4779,15.8698],[75.4826,15.8741],[75.4849,15.8748],[75.489,15.8744],[75.4964,15.8712],[75.502,15.867],[75.5071,15.8602],[75.5048,15.8545],[75.5058,15.8529],[75.5095,15.8532],[75.5113,15.8557],[75.5169,15.8557],[75.5225,15.8547],[75.5243,15.8523],[75.5233,15.8493],[75.5187,15.8496],[75.5161,15.8465],[75.5199,15.8448],[75.522,15.8426],[75.5231,15.8391],[75.5266,15.8383],[75.5306,15.8395],[75.5326,15.837],[75.533,15.8348],[75.5318,15.8324],[75.5399,15.8314],[75.5409,15.8296],[75.5477,15.8308],[75.5483,15.8318],[75.5581,15.829],[75.5554,15.8266],[75.5541,15.8241],[75.5569,15.8219],[75.5598,15.8246],[75.5656,15.8282],[75.5712,15.8283],[75.5772,15.8273],[75.5767,15.8252],[75.5773,15.8222],[75.5816,15.825],[75.5862,15.8303],[75.5886,15.8308],[75.5936,15.8278],[75.6012,15.8247],[75.618,15.8207],[75.618,15.8187],[75.6215,15.8193],[75.6214,15.8324],[75.627,15.8304],[75.6329,15.8313],[75.6342,15.8288],[75.6376,15.8305],[75.638,15.837],[75.6461,15.8381],[75.6439,15.8294],[75.6493,15.828],[75.6578,15.8243],[75.6609,15.825],[75.6619,15.8277],[75.6623,15.8324],[75.6641,15.8337],[75.6745,15.8321],[75.6769,15.8307],[75.676,15.8228],[75.6772,15.8206],[75.6811,15.821],[75.6871,15.8269],[75.6954,15.8229],[75.7019,15.8233],[75.7118,15.8256],[75.7162,15.8218],[75.7287,15.8154],[75.734,15.814],[75.7378,15.8143],[75.7381,15.8104],[75.7459,15.8105],[75.78,15.8144],[75.778,15.8234],[75.7744,15.8246],[75.7762,15.8428],[75.7786,15.8474],[75.7846,15.8458],[75.7976,15.8441],[75.8018,15.8474],[75.8082,15.8473],[75.8132,15.8437],[75.8184,15.8435],[75.8254,15.8384],[75.8328,15.8361],[75.8457,15.8347],[75.8761,15.8235],[75.8954,15.8108],[75.912,15.8013],[75.9272,15.7897],[75.9397,15.7856],[75.9631,15.781],[75.9644,15.7914],[75.9768,15.797],[75.9891,15.7989],[75.9884,15.7913],[75.9918,15.7858],[75.9956,15.7772],[75.9995,15.7783],[76.0101,15.7795],[76.0159,15.7751],[76.0324,15.7674],[76.0394,15.7652],[76.0412,15.7606],[76.0386,15.7556],[76.0357,15.7522],[76.0359,15.7496],[76.0411,15.7492],[76.0383,15.7347],[76.0439,15.7347],[76.0453,15.7218],[76.0417,15.7161],[76.0383,15.7134],[76.0322,15.7122],[76.0245,15.7068],[76.0212,15.7091],[76.021,15.711],[76.0066,15.7134],[76.0043,15.7094],[76.0016,15.7067],[75.9995,15.7067],[75.996,15.705],[75.9919,15.7049],[75.9823,15.6875],[75.9884,15.6854],[75.9861,15.6816],[75.9824,15.6633],[75.9901,15.6664],[75.9927,15.6703],[75.995,15.6757],[75.9994,15.6763],[76.0125,15.6782],[76.0162,15.6767],[76.0173,15.6738],[76.0148,15.6664],[76.011,15.6602],[75.9994,15.6583],[75.9723,15.66],[75.968,15.6616],[75.9662,15.6689],[75.9662,15.6748],[75.9507,15.6735],[75.9445,15.6745],[75.9428,15.6764],[75.9406,15.6826],[75.9404,15.6898],[75.9339,15.6889],[75.9243,15.6909],[75.919,15.6948],[75.9154,15.6979],[75.9153,15.7002],[75.92,15.7179],[75.9202,15.7246],[75.918,15.7275],[75.9116,15.7302],[75.9122,15.7363],[75.9073,15.7392],[75.9078,15.7423],[75.8972,15.7466],[75.8921,15.7353],[75.8887,15.7351],[75.8851,15.7338],[75.8847,15.7308],[75.89,15.725],[75.8878,15.7157],[75.8831,15.7139],[75.8713,15.7122],[75.8706,15.7066],[75.8722,15.6702],[75.8863,15.6677],[75.8896,15.6456],[75.8863,15.6313],[75.895,15.629],[75.8946,15.6215],[75.8988,15.621],[75.8989,15.6035],[75.8947,15.6013],[75.8945,15.5999],[75.8842,15.5964],[75.8849,15.5926],[75.8805,15.5915],[75.8793,15.5942],[75.8679,15.5915],[75.8677,15.558],[75.8597,15.5103],[75.8513,15.5114],[75.8489,15.509],[75.8328,15.5076],[75.8318,15.5042],[75.8182,15.5047],[75.8173,15.5009],[75.8234,15.4975],[75.823,15.492],[75.8139,15.4924],[75.8147,15.4848],[75.8102,15.4839],[75.8109,15.4724],[75.8141,15.4721],[75.8139,15.4637],[75.8185,15.4643],[75.8198,15.4529],[75.8229,15.4488],[75.8254,15.4466],[75.8306,15.4453],[75.8373,15.441],[75.8406,15.4397],[75.8593,15.441],[75.8597,15.4306],[75.8586,15.4218],[75.8664,15.4212],[75.8654,15.4041],[75.8831,15.4037],[75.9029,15.3988],[75.9025,15.3851],[75.9004,15.37],[75.9012,15.3548],[75.9016,15.3498],[75.8869,15.3478],[75.8884,15.3306],[75.8914,15.3309],[75.8912,15.3075],[75.8888,15.3071],[75.8897,15.3004],[75.8894,15.2843],[75.8929,15.2772],[75.8987,15.2725],[75.8959,15.2703],[75.8979,15.2543],[75.9009,15.2426],[75.9042,15.2336],[75.9121,15.2348],[75.9184,15.2105],[75.9251,15.1915],[75.9258,15.183],[75.9251,15.1774],[75.9366,15.1708],[75.943,15.1691],[75.9459,15.1665],[75.9479,15.1617],[75.9495,15.1333],[75.9465,15.1323],[75.9396,15.1352],[75.9313,15.137],[75.923,15.1353],[75.915,15.1303],[75.9078,15.1291],[75.9046,15.1276],[75.9017,15.1224],[75.8993,15.1153],[75.8846,15.103],[75.8831,15.0974],[75.8848,15.0932],[75.9068,15.076],[75.9099,15.0717],[75.9065,15.0545],[75.9042,15.0515],[75.8995,15.0503],[75.8861,15.0491],[75.8822,15.0465],[75.8768,15.0343],[75.8739,15.0313],[75.8669,15.0296],[75.8633,15.0301],[75.8558,15.0326],[75.8493,15.0375],[75.8442,15.039],[75.84,15.0372],[75.8356,15.0316],[75.8318,15.0234],[75.8099,15.0197],[75.7978,15.0068],[75.7855,14.9961],[75.7854,14.9961],[75.7852,14.9959],[75.7822,14.9893],[75.7817,14.9783],[75.7804,14.9731],[75.761,14.9625],[75.7538,14.952],[75.7432,14.9404],[75.7367,14.9396],[75.7304,14.9443],[75.7229,14.9467],[75.7018,14.9442],[75.702,14.9463],[75.6999,14.9506],[75.6979,14.9598],[75.6915,14.9704],[75.6828,14.975],[75.6766,14.9799],[75.6707,14.9827],[75.65,14.987],[75.6374,14.9888],[75.6347,14.9909],[75.6319,14.9886],[75.634,14.9817],[75.6322,14.9799],[75.6269,14.9769],[75.6209,14.9764],[75.6201,14.9729],[75.621,14.9698],[75.6115,14.9685],[75.6114,14.963],[75.6138,14.9552],[75.6094,14.9527],[75.6052,14.9513],[75.6005,14.9512],[75.596,14.9529],[75.5919,14.9556],[75.588,14.9613],[75.5843,14.9634],[75.5723,14.9681],[75.5694,14.967],[75.5693,14.9743],[75.563,14.9751],[75.5527,14.9743],[75.5447,14.9746],[75.5444,14.9839],[75.5453,14.9929],[75.5444,14.9968],[75.5441,15.0056],[75.5395,15.0231],[75.5355,15.0272],[75.5212,15.0304],[75.513,15.0399],[75.5058,15.0408],[75.4997,15.0433],[75.4868,15.0409],[75.4783,15.0405],[75.4716,15.0431],[75.4639,15.0398],[75.4617,15.0471],[75.4559,15.0466],[75.4534,15.057],[75.4482,15.0563],[75.4424,15.058],[75.4319,15.0577],[75.4211,15.0596],[75.4199,15.0568],[75.4219,15.0657],[75.4207,15.0705],[75.4196,15.0829],[75.4248,15.0837],[75.4245,15.0891],[75.4272,15.092],[75.4252,15.0951],[75.4299,15.099],[75.4365,15.1026],[75.4327,15.1206],[75.4193,15.1387],[75.4164,15.1484],[75.4159,15.1596],[75.4105,15.1596],[75.4108,15.1627],[75.4074,15.1622],[75.4084,15.1672],[75.404,15.1667],[75.4038,15.1618],[75.3991,15.162],[75.398,15.1683],[75.4035,15.1705],[75.4015,15.1836],[75.4029,15.1953],[75.4356,15.1952],[75.4369,15.2049],[75.45,15.2047],[75.4501,15.2122],[75.4428,15.223],[75.4267,15.2215],[75.4256,15.2312],[75.4209,15.2307],[75.4193,15.2365],[75.419,15.2471],[75.4207,15.2539],[75.4195,15.2577],[75.4134,15.2586],[75.4057,15.2577],[75.4058,15.2694],[75.415,15.2707],[75.4209,15.2725],[75.4203,15.2757],[75.4106,15.2748],[75.41,15.2812],[75.4142,15.2839],[75.4143,15.2933],[75.4163,15.2975],[75.4278,15.2956],[75.4303,15.2989],[75.4448,15.298],[75.4524,15.2986],[75.4514,15.3077],[75.452,15.3183],[75.4513,15.3258],[75.4548,15.3343],[75.4586,15.3394],[75.4599,15.3455],[75.4568,15.3554],[75.451,15.3558],[75.4503,15.3632],[75.4478,15.3731],[75.4472,15.3821],[75.4707,15.383],[75.4729,15.3936],[75.4826,15.3897],[75.4822,15.3803],[75.4834,15.3755],[75.4876,15.3733],[75.4886,15.3689],[75.494,15.369],[75.4955,15.3827],[75.4976,15.3941],[75.4995,15.4223],[75.4946,15.4433],[75.4941,15.4532],[75.4958,15.4601],[75.4961,15.4678],[75.4897,15.4853],[75.4741,15.4901],[75.4768,15.5007],[75.4762,15.5086],[75.4777,15.5177],[75.4824,15.5176],[75.487,15.5278],[75.5082,15.5273],[75.5205,15.5307],[75.5328,15.5354],[75.5308,15.5466],[75.5306,15.5593],[75.5328,15.5702],[75.5352,15.5776],[75.5362,15.5873],[75.5422,15.5925],[75.543,15.5993],[75.5448,15.6035],[75.5455,15.6085],[75.5493,15.6095],[75.5517,15.613],[75.5525,15.617],[75.5548,15.6357],[75.5573,15.6445],[75.5468,15.6447],[75.536,15.6435],[75.5181,15.6441],[75.5051,15.6454],[75.5042,15.6564],[75.4984,15.6776],[75.4918,15.6958],[75.4906,15.6993],[75.4719,15.6987],[75.4734,15.6896],[75.4757,15.6851],[75.4686,15.6796],[75.457,15.679],[75.452,15.6758],[75.4478,15.6775],[75.4437,15.6688],[75.4281,15.6679],[75.4268,15.664],[75.4272,15.6602],[75.4214,15.6605],[75.4152,15.6528],[75.4044,15.6555],[75.3917,15.662],[75.3714,15.6657],[75.3663,15.6661],[75.3644,15.6584],[75.3627,15.6432],[75.3386,15.6453],[75.3394,15.662],[75.3388,15.6715],[75.3356,15.6733],[75.3288,15.6737],[75.3146,15.6765],[75.3065,15.6837],[75.2978,15.6886],[75.2931,15.6887],[75.2809,15.6863],[75.2793,15.7187],[75.2763,15.721],[75.2776,15.7366],[75.2853,15.7373],[75.2957,15.7372],[75.2945,15.7249],[75.3046,15.7256],[75.316,15.7285],[75.3204,15.7418],[75.3205,15.7552],[75.3195,15.7623],[75.3133,15.7622],[75.307,15.7641],[75.3057,15.7791],[75.306,15.7908],[75.3052,15.8027],[75.306,15.8082],[75.3178,15.8094],[75.3225,15.8087],[75.3239,15.8064],[75.3295,15.8101],[75.3356,15.8125],[75.3327,15.8207],[75.3428,15.8236],[75.3441,15.8011],[75.3671,15.8021],[75.3692,15.8117],[75.3751,15.8321],[75.3774,15.8331],[75.3793,15.8404],[75.3836,15.8396],[75.3952,15.8352],[75.4046,15.8372],[75.408,15.8352],[75.4115,15.8362],[75.4138,15.8384],[75.4186,15.8381],[75.4225,15.84],[75.4293,15.8397],[75.4285,15.8266],[75.427,15.8179],[75.4189,15.7924],[75.4177,15.7809],[75.4396,15.7769],[75.4425,15.7914],[75.4505,15.7912],[75.4524,15.7957],[75.4555,15.8085],[75.4574,15.8087],[75.4583,15.814],[75.4616,15.8138],[75.4621,15.8213],[75.46,15.8561],[75.4555,15.86],[75.457,15.8838],[75.4624,15.8842],[75.4616,15.8792]]]}},{"type":"Feature","properties":{"district":"Gulbarga"},"geometry":{"type":"Polygon","coordinates":[[[76.6581,17.7085],[76.6598,17.6992],[76.6631,17.6879],[76.6716,17.6891],[76.6781,17.6873],[76.6883,17.6785],[76.6906,17.68],[76.6935,17.6707],[76.6946,17.6639],[76.698,17.6611],[76.7091,17.659],[76.7089,17.6545],[76.7033,17.6486],[76.6971,17.6439],[76.7024,17.6403],[76.7111,17.6374],[76.7157,17.6377],[76.7167,17.6449],[76.7199,17.6519],[76.7303,17.6576],[76.7325,17.6642],[76.7436,17.666],[76.768,17.6642],[76.7708,17.6618],[76.771,17.6547],[76.7694,17.6449],[76.7736,17.6363],[76.7816,17.6339],[76.7864,17.6408],[76.7867,17.6462],[76.7941,17.6491],[76.804,17.6488],[76.8054,17.6476],[76.8147,17.6474],[76.8347,17.6495],[76.8435,17.6471],[76.8524,17.6438],[76.8712,17.6438],[76.8773,17.6423],[76.8888,17.6417],[76.8994,17.6441],[76.9062,17.639],[76.9221,17.6354],[76.9266,17.6327],[76.9202,17.6219],[76.9177,17.6214],[76.9178,17.615],[76.9205,17.6087],[76.9376,17.6057],[76.9395,17.6094],[76.9494,17.6214],[76.9532,17.6172],[76.9559,17.6194],[76.9577,17.6344],[76.9783,17.6476],[76.9838,17.6541],[76.9849,17.659],[76.9761,17.6639],[76.9761,17.6764],[76.9787,17.6857],[76.9835,17.6898],[76.9893,17.6924],[76.9928,17.6933],[76.9976,17.6915],[77.009,17.6802],[77.019,17.6733],[77.0321,17.6761],[77.0357,17.6659],[77.0389,17.6676],[77.0434,17.664],[77.0481,17.6668],[77.0525,17.668],[77.061,17.6652],[77.0706,17.6621],[77.0775,17.6628],[77.086,17.6576],[77.09,17.6657],[77.1005,17.6652],[77.103,17.6699],[77.1094,17.6735],[77.1138,17.6826],[77.1321,17.6779],[77.1301,17.6599],[77.1422,17.6503],[77.1412,17.6426],[77.1484,17.6375],[77.1486,17.6292],[77.1518,17.6264],[77.164,17.6264],[77.1704,17.6242],[77.1737,17.6196],[77.1879,17.6133],[77.1921,17.6137],[77.191,17.6194],[77.1941,17.6277],[77.1982,17.6284],[77.2046,17.6232],[77.2133,17.627],[77.2163,17.6266],[77.2196,17.6284],[77.2248,17.6274],[77.2276,17.6298],[77.2463,17.6246],[77.254,17.6234],[77.265,17.6253],[77.2741,17.6244],[77.2755,17.62],[77.2777,17.6161],[77.2807,17.6184],[77.2829,17.6151],[77.2928,17.6061],[77.2978,17.5952],[77.3055,17.5932],[77.3264,17.5904],[77.3378,17.5874],[77.3469,17.5987],[77.3577,17.5987],[77.3667,17.5974],[77.3751,17.5938],[77.3754,17.5808],[77.3872,17.5852],[77.396,17.5823],[77.4096,17.5818],[77.4281,17.5824],[77.4399,17.5815],[77.4612,17.577],[77.4652,17.5747],[77.4691,17.5682],[77.4721,17.5691],[77.4741,17.5651],[77.49,17.5663],[77.4956,17.55],[77.4956,17.5465],[77.4968,17.5434],[77.5016,17.5409],[77.5097,17.5492],[77.5139,17.5572],[77.5274,17.5732],[77.5321,17.5731],[77.5367,17.5713],[77.544,17.5546],[77.5484,17.5495],[77.5528,17.55],[77.5561,17.5522],[77.5608,17.5535],[77.5854,17.5584],[77.5854,17.562],[77.5898,17.5628],[77.5919,17.5551],[77.5925,17.5491],[77.5917,17.5327],[77.5993,17.534],[77.6033,17.5307],[77.608,17.5311],[77.6166,17.5294],[77.6212,17.5223],[77.6332,17.5231],[77.6453,17.5188],[77.6499,17.5211],[77.6566,17.5213],[77.6612,17.5148],[77.6661,17.51],[77.6789,17.5051],[77.682,17.5067],[77.6833,17.504],[77.6856,17.5056],[77.688,17.4985],[77.687,17.4916],[77.6847,17.4852],[77.684,17.4729],[77.6649,17.4763],[77.6481,17.4812],[77.649,17.4916],[77.6528,17.5033],[77.6479,17.4994],[77.6442,17.4949],[77.6426,17.4834],[77.6404,17.476],[77.634,17.4722],[77.6266,17.4712],[77.6156,17.4714],[77.6109,17.4699],[77.6101,17.4646],[77.6114,17.4529],[77.6106,17.4442],[77.6045,17.4431],[77.5959,17.4427],[77.5904,17.4481],[77.5732,17.4542],[77.572,17.4386],[77.5726,17.4295],[77.5578,17.4353],[77.5488,17.4349],[77.5335,17.441],[77.5234,17.4367],[77.5101,17.4273],[77.5107,17.4125],[77.5267,17.406],[77.5336,17.4061],[77.5355,17.4041],[77.5336,17.3988],[77.5213,17.3863],[77.5266,17.3788],[77.5302,17.3779],[77.528,17.3721],[77.5208,17.3621],[77.5098,17.3593],[77.4991,17.3541],[77.4924,17.3555],[77.4826,17.3545],[77.4745,17.3592],[77.4724,17.3632],[77.4753,17.3682],[77.4793,17.3696],[77.4516,17.3705],[77.4499,17.3631],[77.4498,17.35],[77.453,17.3488],[77.4564,17.345],[77.4551,17.3379],[77.4525,17.3279],[77.4514,17.3272],[77.4496,17.3149],[77.448,17.3135],[77.4404,17.2978],[77.4378,17.2967],[77.434,17.2883],[77.447,17.2888],[77.4528,17.2866],[77.4545,17.2759],[77.4497,17.2699],[77.4425,17.2686],[77.4374,17.2614],[77.4226,17.2533],[77.4205,17.2493],[77.42,17.2416],[77.4178,17.2328],[77.4149,17.2299],[77.4055,17.2374],[77.3988,17.2319],[77.3959,17.2329],[77.3923,17.2286],[77.384,17.2233],[77.3804,17.2198],[77.3813,17.2163],[77.3846,17.213],[77.3932,17.2115],[77.399,17.2115],[77.3988,17.2088],[77.3934,17.2069],[77.3915,17.1924],[77.3817,17.1937],[77.3767,17.193],[77.3708,17.1901],[77.3675,17.1832],[77.3684,17.1765],[77.3635,17.1695],[77.3649,17.1649],[77.36,17.1616],[77.3669,17.1513],[77.3754,17.1487],[77.3763,17.1379],[77.3989,17.1319],[77.4037,17.1232],[77.4118,17.1205],[77.4235,17.1141],[77.4338,17.1112],[77.4386,17.1146],[77.4484,17.1115],[77.4524,17.1076],[77.4626,17.1041],[77.4603,17.0928],[77.4639,17.0867],[77.4684,17.0811],[77.4769,17.0762],[77.4778,17.0723],[77.4754,17.0699],[77.4781,17.061],[77.4831,17.0534],[77.4868,17.0447],[77.4919,17.0388],[77.4932,17.033],[77.492,17.0217],[77.4982,17.0152],[77.4994,17.0073],[77.4936,17.0058],[77.4832,16.9987],[77.482,16.9972],[77.4784,16.9902],[77.48,16.9752],[77.4792,16.968],[77.4737,16.9595],[77.4692,16.9538],[77.4641,16.9527],[77.4647,16.9464],[77.4643,16.9398],[77.466,16.9346],[77.4635,16.929],[77.4646,16.9249],[77.4679,16.9242],[77.4677,16.9171],[77.4654,16.9141],[77.4601,16.9129],[77.4534,16.909],[77.4539,16.9063],[77.4558,16.9047],[77.4543,16.8861],[77.4522,16.8816],[77.4576,16.8793],[77.4603,16.8545],[77.4604,16.8441],[77.4566,16.8237],[77.4594,16.8178],[77.4627,16.8045],[77.4658,16.8008],[77.4718,16.7963],[77.4716,16.7852],[77.4711,16.7791],[77.4673,16.7766],[77.4445,16.78],[77.4375,16.7832],[77.4353,16.7776],[77.4372,16.7631],[77.4353,16.7495],[77.4313,16.7364],[77.4278,16.7295],[77.4257,16.7271],[77.4263,16.7227],[77.4276,16.7211],[77.4267,16.7184],[77.4241,16.7178],[77.4234,16.7145],[77.4254,16.7118],[77.43,16.7117],[77.4333,16.7091],[77.4374,16.7075],[77.4454,16.7138],[77.4485,16.7136],[77.4563,16.7107],[77.461,16.7132],[77.4668,16.7119],[77.4688,16.7087],[77.4675,16.7024],[77.4675,16.6968],[77.465,16.6783],[77.4617,16.6724],[77.4464,16.6742],[77.4372,16.6666],[77.4166,16.6628],[77.4168,16.6548],[77.4212,16.652],[77.4281,16.6501],[77.4303,16.6447],[77.4325,16.6431],[77.4362,16.6425],[77.4329,16.6376],[77.4384,16.6362],[77.4441,16.6358],[77.4485,16.6388],[77.4548,16.6449],[77.4614,16.6488],[77.4694,16.6469],[77.4713,16.6435],[77.4659,16.6359],[77.4625,16.6292],[77.4613,16.6248],[77.4556,16.62],[77.4538,16.6138],[77.4539,16.6074],[77.4636,16.6048],[77.4647,16.5974],[77.4642,16.5951],[77.4603,16.5956],[77.4588,16.5921],[77.4613,16.5907],[77.4642,16.5872],[77.4642,16.5842],[77.4604,16.5835],[77.4564,16.581],[77.4433,16.5821],[77.4367,16.5812],[77.421,16.5652],[77.4173,16.5639],[77.4021,16.5663],[77.3975,16.5634],[77.3914,16.5652],[77.3903,16.5597],[77.3926,16.5595],[77.3948,16.5582],[77.3965,16.5555],[77.3971,16.5529],[77.4004,16.5502],[77.4016,16.5468],[77.4157,16.544],[77.4153,16.5178],[77.412,16.5138],[77.4006,16.516],[77.3935,16.5149],[77.3887,16.5121],[77.3812,16.5115],[77.3791,16.5107],[77.3729,16.506],[77.3691,16.5021],[77.3673,16.4938],[77.3672,16.4869],[77.3663,16.4841],[77.3582,16.4832],[77.3516,16.4833],[77.3479,16.4855],[77.3436,16.4849],[77.3437,16.4821],[77.33,16.4807],[77.3244,16.4809],[77.3136,16.4876],[77.3091,16.4893],[77.2966,16.4915],[77.2969,16.4859],[77.2958,16.4813],[77.292,16.4736],[77.2854,16.4715],[77.2515,16.4679],[77.2445,16.4722],[77.2389,16.4729],[77.2352,16.4681],[77.2525,16.4533],[77.2582,16.4473],[77.2644,16.4301],[77.2693,16.4231],[77.2748,16.4177],[77.2782,16.4107],[77.2847,16.403],[77.2738,16.3999],[77.2639,16.3981],[77.2556,16.4023],[77.2496,16.4079],[77.2399,16.4127],[77.2199,16.4165],[77.1979,16.421],[77.1794,16.4258],[77.1675,16.4312],[77.1617,16.4369],[77.1608,16.4394],[77.1628,16.4468],[77.1621,16.4535],[77.1607,16.4576],[77.1546,16.4667],[77.1483,16.4719],[77.1418,16.4745],[77.1241,16.4753],[77.1115,16.4785],[77.0996,16.4854],[77.0931,16.4875],[77.0881,16.4902],[77.0833,16.4946],[77.0755,16.498],[77.0693,16.5028],[77.0623,16.5098],[77.0555,16.514],[77.0498,16.5142],[77.0427,16.513],[77.0355,16.5092],[77.0234,16.4981],[77.0176,16.4959],[77.0111,16.4975],[77.0056,16.5043],[77.0035,16.5123],[77.0049,16.5229],[77.008,16.5378],[77.0079,16.5419],[77.0031,16.5486],[76.9969,16.5552],[76.9881,16.5573],[76.9798,16.5574],[76.9731,16.5548],[76.9694,16.5496],[76.9678,16.5369],[76.9685,16.5301],[76.9739,16.5179],[76.9744,16.5144],[76.9736,16.5101],[76.9704,16.505],[76.9671,16.5016],[76.9398,16.4954],[76.916,16.4861],[76.9095,16.4823],[76.8797,16.4896],[76.8668,16.483],[76.8627,16.4779],[76.8654,16.4648],[76.8604,16.4516],[76.8546,16.4411],[76.8453,16.43],[76.8363,16.4251],[76.8205,16.4203],[76.7829,16.4129],[76.7597,16.4239],[76.757,16.423],[76.7447,16.4087],[76.7042,16.3886],[76.6858,16.3782],[76.6686,16.3708],[76.6461,16.3554],[76.6347,16.3516],[76.613,16.3395],[76.603,16.3361],[76.594,16.3359],[76.5856,16.3372],[76.5784,16.3371],[76.5569,16.3201],[76.5446,16.3117],[76.522,16.3011],[76.5132,16.2961],[76.4935,16.2927],[76.4846,16.2903],[76.477,16.2869],[76.434,16.2578],[76.4167,16.2469],[76.4175,16.2443],[76.4054,16.232],[76.4034,16.2339],[76.3985,16.2326],[76.3957,16.2272],[76.3685,16.2127],[76.364,16.2062],[76.3452,16.1931],[76.3346,16.1885],[76.3279,16.1879],[76.3311,16.1907],[76.3453,16.2079],[76.3529,16.2227],[76.3508,16.2362],[76.3486,16.2409],[76.3447,16.2429],[76.3471,16.2625],[76.3469,16.2709],[76.342,16.2721],[76.3401,16.2752],[76.3223,16.2777],[76.3208,16.282],[76.3085,16.2817],[76.301,16.2803],[76.2996,16.2953],[76.3004,16.3038],[76.304,16.3125],[76.2969,16.3145],[76.2943,16.3214],[76.2929,16.3215],[76.2943,16.331],[76.3015,16.3323],[76.3019,16.3366],[76.3047,16.3363],[76.3057,16.3412],[76.3148,16.3418],[76.3124,16.3554],[76.31,16.3568],[76.3051,16.3734],[76.3093,16.3918],[76.3125,16.3909],[76.3157,16.389],[76.3193,16.392],[76.3268,16.3898],[76.3327,16.3866],[76.3366,16.3954],[76.3314,16.4056],[76.3336,16.4124],[76.3326,16.421],[76.342,16.422],[76.3497,16.4217],[76.3535,16.4169],[76.3826,16.4193],[76.3901,16.4319],[76.4018,16.4315],[76.4028,16.4289],[76.4358,16.4319],[76.4334,16.4462],[76.4313,16.4489],[76.4301,16.4969],[76.4326,16.5],[76.4315,16.5039],[76.4344,16.5083],[76.4229,16.5472],[76.4224,16.5597],[76.4202,16.5742],[76.4128,16.5869],[76.4163,16.5963],[76.4137,16.603],[76.4082,16.6104],[76.4089,16.6152],[76.4044,16.6267],[76.4037,16.645],[76.4056,16.65],[76.4078,16.6555],[76.4187,16.6709],[76.4195,16.6768],[76.4246,16.6817],[76.4254,16.6926],[76.43,16.6967],[76.4325,16.6961],[76.4368,16.7001],[76.437,16.704],[76.4504,16.7087],[76.4578,16.7029],[76.4604,16.7043],[76.4592,16.7074],[76.4572,16.7139],[76.4574,16.7186],[76.446,16.7189],[76.4419,16.7101],[76.4344,16.7108],[76.4297,16.7123],[76.4243,16.7125],[76.4192,16.7127],[76.4196,16.7163],[76.4223,16.7234],[76.4273,16.7292],[76.4286,16.7333],[76.4335,16.7359],[76.4358,16.7365],[76.4385,16.7371],[76.4395,16.7389],[76.439,16.7496],[76.4423,16.7536],[76.4341,16.7602],[76.4181,16.7642],[76.4172,16.7601],[76.4109,16.7606],[76.411,16.7644],[76.3708,16.7648],[76.3718,16.776],[76.3776,16.7983],[76.3857,16.7969],[76.3957,16.8017],[76.3989,16.7986],[76.4027,16.7951],[76.4065,16.795],[76.4103,16.795],[76.4127,16.8101],[76.3537,16.8162],[76.3571,16.8355],[76.3641,16.8423],[76.3702,16.8481],[76.3737,16.8561],[76.3873,16.8527],[76.4026,16.855],[76.4041,16.8514],[76.4153,16.8491],[76.4162,16.847],[76.4282,16.8453],[76.4299,16.835],[76.4606,16.8304],[76.4619,16.835],[76.4688,16.8367],[76.4683,16.8459],[76.4625,16.8462],[76.461,16.8562],[76.4585,16.8567],[76.4579,16.8632],[76.4368,16.8647],[76.4364,16.8769],[76.4343,16.8779],[76.4331,16.8785],[76.434,16.8953],[76.4611,16.8962],[76.464,16.8978],[76.4644,16.9002],[76.4579,16.9218],[76.4516,16.9232],[76.4449,16.9382],[76.4355,16.939],[76.4265,16.9255],[76.4179,16.9239],[76.4,16.9322],[76.3995,16.9734],[76.4033,16.974],[76.4077,16.9746],[76.4131,16.9746],[76.4186,16.9745],[76.4341,16.9778],[76.4373,16.9983],[76.4363,16.9991],[76.437,17.0043],[76.4311,17.0205],[76.4341,17.0225],[76.4339,17.0251],[76.4289,17.0263],[76.4261,17.0461],[76.4259,17.0495],[76.4289,17.0519],[76.4285,17.0639],[76.4281,17.0761],[76.4286,17.097],[76.4198,17.0915],[76.4143,17.0877],[76.4089,17.0834],[76.4029,17.0769],[76.3975,17.0693],[76.389,17.0655],[76.3859,17.0718],[76.3876,17.0836],[76.3874,17.0891],[76.3838,17.0967],[76.3765,17.1007],[76.3657,17.105],[76.3624,17.1107],[76.3632,17.1145],[76.369,17.119],[76.3776,17.123],[76.3853,17.1253],[76.3921,17.1309],[76.3927,17.1381],[76.386,17.14],[76.3743,17.1383],[76.3658,17.1349],[76.3598,17.1358],[76.3581,17.1403],[76.3587,17.1432],[76.3665,17.1558],[76.3676,17.1623],[76.3653,17.1736],[76.3593,17.1818],[76.3544,17.1831],[76.346,17.1784],[76.3317,17.1682],[76.3229,17.1658],[76.3029,17.1654],[76.2922,17.1638],[76.282,17.1632],[76.2755,17.1618],[76.2699,17.1593],[76.2639,17.1531],[76.2599,17.1475],[76.2546,17.1449],[76.2438,17.1469],[76.2404,17.1501],[76.2363,17.1554],[76.2328,17.1627],[76.2234,17.1723],[76.2194,17.1821],[76.2117,17.1823],[76.2055,17.181],[76.1951,17.1808],[76.1881,17.1839],[76.1775,17.1908],[76.1712,17.202],[76.1663,17.209],[76.1607,17.2142],[76.1486,17.2229],[76.1424,17.2287],[76.1247,17.2429],[76.114,17.2484],[76.0978,17.2518],[76.0903,17.2542],[76.0878,17.2581],[76.0878,17.2648],[76.0979,17.2816],[76.0973,17.2894],[76.0901,17.2953],[76.0757,17.3015],[76.0666,17.3075],[76.0668,17.314],[76.0704,17.3208],[76.0735,17.3323],[76.0787,17.3301],[76.085,17.3321],[76.0869,17.3337],[76.087,17.3384],[76.0925,17.3437],[76.0941,17.3471],[76.0905,17.3506],[76.0928,17.3544],[76.096,17.3578],[76.102,17.3623],[76.1167,17.3662],[76.1212,17.3663],[76.1376,17.3526],[76.1457,17.3479],[76.1631,17.3409],[76.1642,17.3193],[76.1638,17.3003],[76.1719,17.2976],[76.1758,17.2972],[76.1838,17.311],[76.1826,17.3143],[76.1789,17.3139],[76.1763,17.3215],[76.1735,17.3322],[76.1723,17.3487],[76.176,17.3524],[76.1829,17.3565],[76.1932,17.3586],[76.2035,17.3588],[76.229,17.3632],[76.2304,17.3703],[76.2444,17.3747],[76.2467,17.3679],[76.2504,17.3667],[76.2489,17.3621],[76.25,17.3579],[76.2563,17.3574],[76.2649,17.3582],[76.2702,17.3565],[76.2726,17.3479],[76.2759,17.3305],[76.2858,17.3304],[76.2959,17.3286],[76.305,17.3285],[76.3172,17.3294],[76.3184,17.3318],[76.313,17.3433],[76.317,17.3454],[76.3347,17.3498],[76.3436,17.3499],[76.3506,17.3277],[76.3523,17.3106],[76.3594,17.3103],[76.3817,17.3118],[76.3839,17.3195],[76.393,17.3363],[76.402,17.344],[76.4106,17.3477],[76.4105,17.3541],[76.4081,17.3693],[76.362,17.3751],[76.37,17.4079],[76.3699,17.423],[76.3732,17.4344],[76.3639,17.4356],[76.342,17.4338],[76.3337,17.4323],[76.3308,17.4616],[76.3308,17.4688],[76.3378,17.4704],[76.3428,17.4704],[76.35,17.4721],[76.3723,17.4858],[76.375,17.4935],[76.3666,17.4953],[76.3552,17.4942],[76.3459,17.4916],[76.3435,17.4944],[76.3437,17.5081],[76.3463,17.5115],[76.356,17.5134],[76.3664,17.5167],[76.3661,17.5222],[76.3646,17.5285],[76.3609,17.5363],[76.3548,17.5387],[76.3458,17.5402],[76.34,17.5426],[76.3372,17.5552],[76.3342,17.5635],[76.3329,17.5738],[76.3317,17.5949],[76.3364,17.596],[76.3487,17.5954],[76.3595,17.5963],[76.373,17.5979],[76.3821,17.6008],[76.4157,17.6042],[76.4182,17.6058],[76.4207,17.6142],[76.4241,17.6215],[76.4258,17.6283],[76.4272,17.6398],[76.4287,17.6444],[76.4348,17.6445],[76.4428,17.6419],[76.4408,17.6494],[76.4515,17.6515],[76.4523,17.6555],[76.4893,17.6607],[76.4846,17.6696],[76.4844,17.6844],[76.4856,17.6927],[76.4864,17.7135],[76.4923,17.7149],[76.511,17.7159],[76.5236,17.7152],[76.5248,17.7229],[76.525,17.7347],[76.5237,17.7589],[76.5263,17.7594],[76.5316,17.7585],[76.5382,17.7589],[76.5598,17.7631],[76.5675,17.7629],[76.5733,17.76],[76.5694,17.7564],[76.5646,17.7537],[76.5681,17.7398],[76.5694,17.7037],[76.5732,17.7022],[76.5772,17.7031],[76.587,17.7079],[76.5932,17.7176],[76.5988,17.728],[76.6041,17.7558],[76.6069,17.7596],[76.6095,17.766],[76.6144,17.7683],[76.6234,17.7579],[76.627,17.756],[76.6298,17.7419],[76.6307,17.729],[76.6374,17.7241],[76.6508,17.7208],[76.6552,17.7164],[76.6581,17.7085]]]}},{"type":"Feature","properties":{"district":"Hassan"},"geometry":{"type":"Polygon","coordinates":[[[76.3789,13.5284],[76.3846,13.5263],[76.3924,13.5279],[76.3972,13.5182],[76.4047,13.5188],[76.4224,13.5175],[76.4149,13.5094],[76.4117,13.502],[76.4045,13.4986],[76.3989,13.498],[76.3939,13.4966],[76.3931,13.4909],[76.3933,13.4852],[76.3975,13.4821],[76.4031,13.4815],[76.4065,13.4741],[76.4101,13.4714],[76.4063,13.4647],[76.403,13.4528],[76.4137,13.4414],[76.4034,13.4263],[76.4012,13.423],[76.4004,13.4194],[76.3991,13.4179],[76.3961,13.4141],[76.3934,13.3963],[76.3872,13.3886],[76.3886,13.3803],[76.3868,13.3736],[76.3829,13.3642],[76.3783,13.3645],[76.3767,13.3627],[76.3771,13.3617],[76.3781,13.3598],[76.3773,13.3576],[76.3604,13.3566],[76.3419,13.3539],[76.3426,13.3399],[76.3477,13.3181],[76.3448,13.3088],[76.3435,13.2956],[76.345,13.288],[76.349,13.2841],[76.3511,13.2796],[76.3519,13.2544],[76.3539,13.2524],[76.3529,13.25],[76.3519,13.2476],[76.3517,13.2443],[76.3578,13.2437],[76.361,13.2276],[76.3754,13.225],[76.3749,13.2184],[76.3745,13.2131],[76.3713,13.207],[76.3661,13.2048],[76.3667,13.1993],[76.3675,13.1925],[76.3734,13.1924],[76.38,13.1903],[76.3853,13.191],[76.3903,13.1908],[76.3912,13.1862],[76.4053,13.186],[76.4071,13.1855],[76.4086,13.185],[76.4111,13.183],[76.4112,13.1781],[76.4143,13.1784],[76.4161,13.1786],[76.4223,13.1781],[76.4235,13.1724],[76.4257,13.1724],[76.4264,13.1663],[76.425,13.1637],[76.4368,13.1656],[76.4477,13.157],[76.4511,13.1467],[76.4521,13.1394],[76.4627,13.1406],[76.47,13.1406],[76.4709,13.1345],[76.4694,13.1284],[76.467,13.1182],[76.4651,13.1074],[76.4638,13.0954],[76.4632,13.0891],[76.4636,13.0873],[76.4643,13.0842],[76.4675,13.0825],[76.4701,13.082],[76.4731,13.0836],[76.4788,13.0859],[76.4866,13.0869],[76.4903,13.088],[76.4942,13.0889],[76.4946,13.0875],[76.4959,13.0828],[76.4952,13.0783],[76.5,13.0726],[76.5032,13.0688],[76.5118,13.0621],[76.518,13.0642],[76.5193,13.0667],[76.5204,13.0689],[76.5277,13.0709],[76.5478,13.0692],[76.5586,13.0671],[76.5724,13.0658],[76.5822,13.0639],[76.5868,13.0667],[76.5925,13.0679],[76.5992,13.0662],[76.606,13.0619],[76.6113,13.0567],[76.6142,13.0504],[76.6128,13.0457],[76.6076,13.0465],[76.6017,13.0463],[76.5988,13.0409],[76.5976,13.036],[76.5991,13.0289],[76.6023,13.0232],[76.6013,13.0074],[76.6025,13.002],[76.607,12.9993],[76.6112,13.0009],[76.6178,12.9992],[76.6258,12.999],[76.626,12.9937],[76.629,12.9779],[76.6266,12.9704],[76.6262,12.9652],[76.6228,12.9656],[76.6208,12.9623],[76.6143,12.9594],[76.6069,12.9588],[76.6062,12.957],[76.6067,12.9534],[76.6135,12.9444],[76.6136,12.941],[76.6125,12.9365],[76.6097,12.9313],[76.5993,12.9302],[76.5968,12.9174],[76.5926,12.9164],[76.5905,12.9136],[76.5907,12.9107],[76.5952,12.8956],[76.591,12.8932],[76.5857,12.8841],[76.5902,12.8763],[76.5903,12.8736],[76.5765,12.8657],[76.5734,12.8626],[76.5717,12.8566],[76.5726,12.8496],[76.5707,12.8412],[76.5664,12.8391],[76.5566,12.8391],[76.5331,12.8359],[76.5271,12.8364],[76.5194,12.8356],[76.5166,12.8347],[76.5145,12.8304],[76.5127,12.8213],[76.5107,12.8181],[76.5069,12.8165],[76.4993,12.8166],[76.4964,12.8147],[76.4933,12.8078],[76.4903,12.8039],[76.4871,12.8014],[76.4883,12.7993],[76.4933,12.7981],[76.4906,12.7936],[76.4883,12.7808],[76.4931,12.775],[76.4949,12.7704],[76.4956,12.7653],[76.493,12.7625],[76.4876,12.7758],[76.4852,12.7785],[76.481,12.7778],[76.4761,12.7746],[76.4737,12.7707],[76.4719,12.7657],[76.4569,12.7709],[76.4523,12.7736],[76.4517,12.7786],[76.4557,12.7833],[76.464,12.7884],[76.4646,12.7956],[76.46,12.7975],[76.454,12.7965],[76.4528,12.8023],[76.4469,12.8048],[76.4402,12.8159],[76.4339,12.8176],[76.4222,12.8188],[76.4185,12.8382],[76.4237,12.8413],[76.4239,12.8452],[76.4209,12.8502],[76.4142,12.853],[76.4115,12.8569],[76.4069,12.8597],[76.4043,12.86],[76.4072,12.8432],[76.4061,12.8394],[76.3942,12.8413],[76.3902,12.8398],[76.3848,12.8392],[76.3846,12.8322],[76.381,12.8264],[76.3726,12.8215],[76.3677,12.8225],[76.3655,12.82],[76.3652,12.8141],[76.3667,12.8113],[76.3678,12.8034],[76.3524,12.8025],[76.3467,12.8031],[76.3333,12.8064],[76.3282,12.8043],[76.3262,12.8004],[76.3272,12.7915],[76.3292,12.7862],[76.3322,12.7816],[76.3355,12.7794],[76.3449,12.7803],[76.3464,12.7795],[76.3461,12.77],[76.3471,12.7648],[76.3417,12.7618],[76.3401,12.7593],[76.3432,12.7516],[76.3522,12.746],[76.3534,12.7422],[76.3514,12.7378],[76.3489,12.7381],[76.3418,12.7366],[76.3434,12.7323],[76.3416,12.7293],[76.3394,12.728],[76.3391,12.7257],[76.3426,12.7134],[76.3472,12.7091],[76.3522,12.7057],[76.3575,12.705],[76.3593,12.7038],[76.3598,12.7005],[76.3596,12.6964],[76.357,12.6829],[76.3511,12.6762],[76.3508,12.6705],[76.3498,12.6676],[76.3487,12.6655],[76.3422,12.6589],[76.3394,12.6496],[76.3371,12.6479],[76.3351,12.6395],[76.3183,12.6267],[76.3251,12.618],[76.3262,12.6084],[76.3256,12.606],[76.3232,12.6045],[76.3172,12.6033],[76.3143,12.6042],[76.3076,12.6029],[76.3053,12.6036],[76.3043,12.6053],[76.3061,12.6145],[76.3056,12.6168],[76.3044,12.6184],[76.3018,12.6187],[76.3009,12.6163],[76.2985,12.6157],[76.2986,12.6211],[76.2953,12.6249],[76.2906,12.6223],[76.2892,12.6168],[76.2899,12.6132],[76.2891,12.611],[76.2842,12.6107],[76.2779,12.6116],[76.2769,12.618],[76.2778,12.6221],[76.2775,12.6237],[76.2725,12.6244],[76.2671,12.624],[76.2648,12.6228],[76.2628,12.6199],[76.264,12.6125],[76.2603,12.6135],[76.2471,12.6178],[76.2444,12.6193],[76.2439,12.6265],[76.2433,12.6279],[76.237,12.6323],[76.2234,12.6369],[76.2169,12.6361],[76.2071,12.6281],[76.2044,12.6229],[76.2059,12.6216],[76.2095,12.6204],[76.2126,12.6178],[76.2134,12.6129],[76.2123,12.6108],[76.2097,12.6087],[76.2073,12.6096],[76.2027,12.6082],[76.1956,12.5966],[76.1933,12.5941],[76.1896,12.5833],[76.193,12.5724],[76.1914,12.5694],[76.1881,12.5678],[76.1775,12.5688],[76.1696,12.5703],[76.1633,12.5726],[76.1548,12.5696],[76.1476,12.5638],[76.1475,12.5609],[76.1497,12.5581],[76.1528,12.5564],[76.1519,12.5525],[76.1493,12.5499],[76.1492,12.5406],[76.1483,12.5385],[76.1414,12.536],[76.1389,12.5343],[76.1393,12.5313],[76.1402,12.5298],[76.1359,12.5298],[76.1325,12.5282],[76.1331,12.5222],[76.132,12.521],[76.1271,12.5198],[76.1144,12.5205],[76.1158,12.5152],[76.1153,12.5086],[76.1113,12.506],[76.1074,12.507],[76.104,12.5087],[76.1021,12.5124],[76.1013,12.5166],[76.0997,12.5189],[76.0974,12.5202],[76.0959,12.5227],[76.0973,12.5262],[76.0958,12.5285],[76.0843,12.5297],[76.0835,12.531],[76.0842,12.5326],[76.0869,12.535],[76.0877,12.5369],[76.0869,12.5376],[76.0818,12.5359],[76.0761,12.5364],[76.0733,12.5379],[76.069,12.5418],[76.0672,12.5474],[76.0639,12.5484],[76.0517,12.546],[76.0477,12.5471],[76.0463,12.5502],[76.0437,12.5667],[76.0428,12.5687],[76.0403,12.5688],[76.0344,12.5662],[76.0304,12.5681],[76.021,12.5678],[76.0199,12.5642],[76.0162,12.5606],[76.0009,12.5687],[75.9955,12.5733],[75.9934,12.5775],[75.9888,12.5772],[75.9889,12.5738],[75.9865,12.5669],[75.9874,12.564],[75.9794,12.5631],[75.9758,12.5668],[75.9685,12.5679],[75.9745,12.5537],[75.9623,12.5528],[75.9551,12.5667],[75.9493,12.585],[75.9455,12.5904],[75.9387,12.5963],[75.9374,12.6003],[75.9389,12.6042],[75.9445,12.6051],[75.9444,12.6086],[75.9471,12.6133],[75.947,12.6166],[75.9454,12.6202],[75.9342,12.6223],[75.9346,12.6238],[75.9388,12.6257],[75.9412,12.6289],[75.9414,12.6321],[75.9355,12.6386],[75.9363,12.6434],[75.9387,12.6497],[75.9434,12.6542],[75.9454,12.6588],[75.9456,12.6612],[75.9443,12.6628],[75.9408,12.6646],[75.9397,12.6671],[75.9401,12.6708],[75.9433,12.6718],[75.952,12.6716],[75.9542,12.6726],[75.9564,12.6754],[75.9581,12.6795],[75.9587,12.6863],[75.9626,12.6944],[75.9638,12.7046],[75.9576,12.7046],[75.9404,12.7107],[75.9399,12.7148],[75.9361,12.7242],[75.9338,12.7259],[75.9331,12.7281],[75.9374,12.7429],[75.9353,12.7555],[75.936,12.7592],[75.9386,12.7604],[75.9465,12.7577],[75.949,12.7579],[75.9534,12.7625],[75.9543,12.7682],[75.9569,12.7724],[75.961,12.7749],[75.9693,12.7763],[75.9697,12.7781],[75.9677,12.7834],[75.9667,12.7904],[75.9706,12.7987],[75.949,12.7963],[75.9471,12.7993],[75.9445,12.8011],[75.9314,12.801],[75.9268,12.8024],[75.9235,12.8068],[75.9225,12.8098],[75.9246,12.8131],[75.9228,12.8183],[75.9202,12.8216],[75.9169,12.8212],[75.9162,12.8139],[75.9143,12.8116],[75.9062,12.809],[75.9025,12.8106],[75.8991,12.818],[75.8962,12.8213],[75.887,12.8256],[75.8758,12.8276],[75.8735,12.8267],[75.8746,12.8199],[75.8735,12.8172],[75.8617,12.8147],[75.8622,12.803],[75.8615,12.7919],[75.8646,12.783],[75.8704,12.7744],[75.8716,12.7695],[75.871,12.7643],[75.8679,12.7618],[75.8627,12.7609],[75.8587,12.7625],[75.858,12.7501],[75.8553,12.7471],[75.8511,12.7445],[75.846,12.7441],[75.846,12.743],[75.8507,12.7412],[75.8539,12.7369],[75.852,12.7323],[75.849,12.7287],[75.8484,12.7239],[75.8494,12.7212],[75.8533,12.7172],[75.863,12.7104],[75.8697,12.7066],[75.8696,12.7035],[75.8793,12.7009],[75.8827,12.7009],[75.8836,12.6994],[75.884,12.6898],[75.8866,12.6871],[75.8852,12.684],[75.8836,12.6709],[75.8807,12.6676],[75.8756,12.6657],[75.8657,12.6671],[75.8551,12.6634],[75.8509,12.6632],[75.8448,12.666],[75.8419,12.6642],[75.8357,12.663],[75.8332,12.6642],[75.8275,12.6703],[75.8235,12.6776],[75.8179,12.6848],[75.8084,12.6945],[75.8057,12.6946],[75.8004,12.6896],[75.7903,12.6838],[75.7746,12.683],[75.7724,12.6785],[75.7712,12.6737],[75.7682,12.6753],[75.7654,12.675],[75.7624,12.6716],[75.7591,12.6696],[75.7517,12.6707],[75.7457,12.6739],[75.7363,12.6863],[75.729,12.6941],[75.7198,12.693],[75.7162,12.6978],[75.7126,12.6998],[75.709,12.7002],[75.704,12.703],[75.6924,12.6967],[75.688,12.696],[75.6781,12.6967],[75.6699,12.6952],[75.6351,12.6909],[75.6329,12.6877],[75.6308,12.6867],[75.6272,12.6957],[75.6248,12.7022],[75.6302,12.7035],[75.636,12.71],[75.6394,12.7105],[75.6483,12.7149],[75.6497,12.7221],[75.6564,12.7408],[75.6569,12.7452],[75.6548,12.7468],[75.649,12.7481],[75.6404,12.7562],[75.6345,12.7568],[75.6383,12.7647],[75.6343,12.7656],[75.632,12.7707],[75.6267,12.776],[75.6215,12.776],[75.6231,12.7832],[75.6202,12.7904],[75.6119,12.7931],[75.6157,12.8051],[75.6169,12.8151],[75.6137,12.8254],[75.6141,12.8287],[75.6194,12.8444],[75.6207,12.8521],[75.6146,12.8534],[75.6121,12.856],[75.6058,12.8607],[75.6023,12.8617],[75.6001,12.8656],[75.601,12.8711],[75.5936,12.8714],[75.5838,12.8696],[75.5753,12.8676],[75.5697,12.8648],[75.5607,12.8627],[75.5626,12.8689],[75.5618,12.8737],[75.5583,12.8744],[75.5585,12.8841],[75.5538,12.9044],[75.5549,12.91],[75.5597,12.9134],[75.5662,12.9206],[75.5752,12.934],[75.5811,12.9361],[75.596,12.939],[75.5981,12.945],[75.6029,12.9536],[75.6013,12.9585],[75.6015,12.9642],[75.6025,12.9672],[75.6051,12.9706],[75.6067,12.9755],[75.615,12.9832],[75.6212,12.9953],[75.622,12.997],[75.6268,13.003],[75.6302,13.0057],[75.6365,13.0074],[75.6374,13.0167],[75.6404,13.0234],[75.6437,13.0268],[75.6475,13.0254],[75.6501,13.0216],[75.6533,13.0193],[75.6575,13.0203],[75.6601,13.0227],[75.6617,13.0258],[75.6683,13.0249],[75.6781,13.0272],[75.6827,13.0291],[75.6866,13.0345],[75.688,13.0391],[75.6904,13.0393],[75.6925,13.0341],[75.6953,13.0297],[75.7044,13.0291],[75.7086,13.0307],[75.7129,13.0251],[75.7189,13.0237],[75.7248,13.0186],[75.7342,13.0221],[75.7376,13.0256],[75.7383,13.0349],[75.7404,13.0366],[75.7388,13.0495],[75.7391,13.0575],[75.7403,13.0641],[75.7372,13.0718],[75.7273,13.0862],[75.7253,13.0919],[75.7271,13.0994],[75.7343,13.1068],[75.7329,13.1175],[75.7371,13.1191],[75.7469,13.1254],[75.7494,13.1284],[75.7507,13.1339],[75.748,13.1378],[75.7495,13.1405],[75.7446,13.1411],[75.7417,13.1432],[75.7362,13.1447],[75.7339,13.1474],[75.7345,13.1528],[75.7323,13.1559],[75.7313,13.1589],[75.7279,13.1761],[75.7301,13.1795],[75.732,13.1845],[75.7323,13.1901],[75.741,13.2009],[75.7469,13.2007],[75.7519,13.2083],[75.7566,13.2096],[75.7613,13.21],[75.7649,13.2077],[75.7729,13.2091],[75.7776,13.2036],[75.7843,13.207],[75.7889,13.2083],[75.7951,13.2068],[75.798,13.2097],[75.8038,13.2098],[75.8066,13.2125],[75.808,13.2241],[75.8097,13.225],[75.8067,13.2322],[75.8057,13.2411],[75.8067,13.2481],[75.8164,13.2513],[75.8204,13.2485],[75.826,13.2462],[75.8317,13.247],[75.8328,13.2452],[75.8392,13.2464],[75.8398,13.2478],[75.8546,13.2521],[75.8553,13.2504],[75.8527,13.2489],[75.8529,13.2469],[75.8557,13.2469],[75.8569,13.2376],[75.8609,13.2349],[75.8684,13.2427],[75.8722,13.248],[75.8752,13.254],[75.8932,13.2587],[75.8959,13.2584],[75.8986,13.2558],[75.9028,13.2533],[75.912,13.2549],[75.9155,13.2509],[75.9326,13.2496],[75.9375,13.2521],[75.9435,13.2523],[75.9511,13.2539],[75.9663,13.2534],[75.9744,13.2556],[75.9809,13.256],[75.988,13.2513],[75.9927,13.2524],[75.9964,13.2523],[75.9965,13.2523],[76.0111,13.2539],[76.0144,13.2525],[76.0156,13.2482],[76.0143,13.245],[76.0354,13.2409],[76.0371,13.2457],[76.0375,13.2513],[76.04,13.2664],[76.0413,13.2685],[76.0417,13.271],[76.0377,13.2728],[76.0375,13.2819],[76.0341,13.2983],[76.0366,13.3026],[76.0364,13.3075],[76.0349,13.3139],[76.0408,13.3154],[76.0397,13.3177],[76.0339,13.3175],[76.0242,13.3147],[76.0245,13.3237],[76.0262,13.3267],[76.0304,13.3271],[76.0319,13.3301],[76.0307,13.3339],[76.027,13.3392],[76.0298,13.3411],[76.0355,13.356],[76.0372,13.366],[76.0402,13.369],[76.0522,13.374],[76.0589,13.3729],[76.0686,13.3695],[76.0857,13.3661],[76.0848,13.3756],[76.0873,13.3871],[76.0937,13.3882],[76.0971,13.3859],[76.1066,13.3894],[76.1088,13.3942],[76.1135,13.3948],[76.1263,13.3944],[76.1271,13.3975],[76.1317,13.3984],[76.1371,13.4017],[76.1376,13.4051],[76.1371,13.4111],[76.1384,13.4179],[76.1362,13.4235],[76.1384,13.4302],[76.135,13.4359],[76.1459,13.4455],[76.1542,13.4564],[76.1586,13.4643],[76.1743,13.4642],[76.1909,13.4627],[76.1907,13.4579],[76.1891,13.4528],[76.1855,13.4462],[76.1906,13.4446],[76.1972,13.4442],[76.1974,13.4509],[76.196,13.4619],[76.2115,13.4601],[76.2271,13.4615],[76.229,13.4652],[76.2312,13.4718],[76.231,13.4777],[76.228,13.4797],[76.2275,13.4813],[76.2312,13.4824],[76.2341,13.4857],[76.2358,13.4887],[76.2334,13.4931],[76.2327,13.497],[76.2333,13.5015],[76.2569,13.5042],[76.2592,13.4979],[76.287,13.4983],[76.2896,13.5201],[76.2927,13.5208],[76.2952,13.5152],[76.3026,13.519],[76.3124,13.5278],[76.313,13.5318],[76.3143,13.5321],[76.3194,13.5274],[76.3229,13.5177],[76.329,13.5117],[76.3356,13.507],[76.341,13.5078],[76.3453,13.5099],[76.3446,13.5192],[76.3584,13.5242],[76.3598,13.5403],[76.3669,13.5418],[76.3714,13.5353],[76.3789,13.5284]]]}},{"type":"Feature","properties":{"district":"Haveri"},"geometry":{"type":"Polygon","coordinates":[[[75.3536,15.099],[75.352,15.0921],[75.3479,15.0899],[75.3413,15.0892],[75.3427,15.0857],[75.3364,15.0839],[75.3324,15.0777],[75.338,15.0769],[75.3409,15.0707],[75.3413,15.0654],[75.344,15.062],[75.3562,15.0587],[75.359,15.0589],[75.365,15.0539],[75.3701,15.044],[75.3842,15.0467],[75.4044,15.0547],[75.4182,15.0529],[75.4199,15.0568],[75.4211,15.0596],[75.4319,15.0577],[75.4424,15.058],[75.4482,15.0563],[75.4534,15.057],[75.4559,15.0466],[75.4617,15.0471],[75.4639,15.0398],[75.4716,15.0431],[75.4783,15.0405],[75.4868,15.0409],[75.4997,15.0433],[75.5058,15.0408],[75.513,15.0399],[75.5212,15.0304],[75.5355,15.0272],[75.5395,15.0231],[75.5441,15.0056],[75.5444,14.9968],[75.5453,14.9929],[75.5444,14.9839],[75.5447,14.9746],[75.5527,14.9743],[75.563,14.9751],[75.5693,14.9743],[75.5694,14.967],[75.5723,14.9681],[75.5843,14.9634],[75.588,14.9613],[75.5919,14.9556],[75.596,14.9529],[75.6005,14.9512],[75.6052,14.9513],[75.6094,14.9527],[75.6138,14.9552],[75.6114,14.963],[75.6115,14.9685],[75.621,14.9698],[75.6201,14.9729],[75.6209,14.9764],[75.6269,14.9769],[75.6322,14.9799],[75.634,14.9817],[75.6319,14.9886],[75.6347,14.9909],[75.6374,14.9888],[75.65,14.987],[75.6707,14.9827],[75.6766,14.9799],[75.6828,14.975],[75.6915,14.9704],[75.6979,14.9598],[75.6999,14.9506],[75.702,14.9463],[75.7018,14.9442],[75.6921,14.9416],[75.6891,14.9399],[75.6867,14.9394],[75.6846,14.9354],[75.6845,14.9262],[75.6944,14.8931],[75.697,14.8882],[75.7287,14.8933],[75.7321,14.8877],[75.738,14.8851],[75.7387,14.8835],[75.7365,14.8793],[75.7347,14.8734],[75.7351,14.8661],[75.7336,14.8598],[75.7226,14.8602],[75.7183,14.8518],[75.7147,14.8481],[75.7058,14.8499],[75.7023,14.8486],[75.697,14.8484],[75.6945,14.8546],[75.6899,14.8502],[75.6807,14.8369],[75.6748,14.8255],[75.6699,14.8113],[75.6657,14.8044],[75.6646,14.7987],[75.6665,14.7942],[75.6727,14.795],[75.6781,14.794],[75.6877,14.782],[75.6947,14.7785],[75.7123,14.7746],[75.7193,14.7709],[75.7237,14.7646],[75.7232,14.7557],[75.7217,14.7488],[75.7186,14.7432],[75.7068,14.7327],[75.7023,14.7257],[75.7029,14.7214],[75.7059,14.7177],[75.7119,14.7142],[75.717,14.7141],[75.7365,14.7247],[75.7498,14.7292],[75.7565,14.7344],[75.7623,14.7308],[75.7636,14.7251],[75.7637,14.7192],[75.7605,14.7138],[75.7431,14.6995],[75.7398,14.694],[75.7387,14.6861],[75.7395,14.6808],[75.7496,14.6754],[75.758,14.6721],[75.7706,14.67],[75.783,14.6739],[75.7872,14.6764],[75.7933,14.6778],[75.7987,14.6762],[75.8001,14.6712],[75.7993,14.6612],[75.8114,14.6471],[75.8121,14.633],[75.8107,14.6234],[75.8057,14.6073],[75.8044,14.595],[75.8056,14.5888],[75.8089,14.5844],[75.8147,14.5721],[75.8185,14.5677],[75.8192,14.5623],[75.8179,14.5577],[75.8022,14.5403],[75.7992,14.5355],[75.7966,14.5282],[75.7957,14.5215],[75.7954,14.5163],[75.7974,14.5061],[75.7949,14.5043],[75.7721,14.5135],[75.763,14.5127],[75.7537,14.5094],[75.7433,14.4972],[75.7365,14.4922],[75.7305,14.4859],[75.7261,14.4784],[75.721,14.4724],[75.7145,14.4679],[75.7076,14.469],[75.7031,14.4798],[75.6997,14.4845],[75.6941,14.4874],[75.6874,14.4856],[75.6792,14.4733],[75.6746,14.464],[75.6698,14.4562],[75.6595,14.4463],[75.66,14.4537],[75.654,14.458],[75.6479,14.4596],[75.6357,14.4599],[75.6297,14.4386],[75.6343,14.4357],[75.635,14.4276],[75.6411,14.4264],[75.6402,14.4146],[75.6377,14.4016],[75.6289,14.3736],[75.6251,14.3661],[75.6237,14.3615],[75.6233,14.3572],[75.6211,14.3387],[75.6222,14.3326],[75.6267,14.3259],[75.6307,14.3215],[75.6331,14.3172],[75.6333,14.3127],[75.6322,14.3095],[75.6092,14.31],[75.6059,14.2952],[75.6023,14.289],[75.5947,14.2853],[75.5877,14.2842],[75.5846,14.2768],[75.5791,14.2723],[75.5628,14.2725],[75.5541,14.2712],[75.5455,14.2711],[75.5415,14.2712],[75.5361,14.2729],[75.5342,14.2814],[75.5315,14.2848],[75.5229,14.2872],[75.5206,14.2921],[75.5198,14.2969],[75.5027,14.3027],[75.5043,14.3097],[75.5006,14.3295],[75.4996,14.3394],[75.49,14.3428],[75.4883,14.3351],[75.4815,14.3364],[75.4803,14.3419],[75.4769,14.341],[75.4775,14.3323],[75.4789,14.3255],[75.4788,14.3198],[75.4774,14.313],[75.4544,14.3246],[75.4409,14.3359],[75.4314,14.3421],[75.4285,14.345],[75.4216,14.3475],[75.4168,14.3484],[75.4117,14.3474],[75.4064,14.3514],[75.3995,14.3588],[75.3921,14.3627],[75.377,14.366],[75.3713,14.3662],[75.3604,14.3784],[75.3497,14.3837],[75.3572,14.4018],[75.3602,14.4051],[75.366,14.4073],[75.3789,14.4063],[75.382,14.4278],[75.3776,14.4294],[75.3725,14.4324],[75.3638,14.4351],[75.3597,14.4314],[75.3592,14.4255],[75.3448,14.4306],[75.3458,14.4465],[75.3477,14.4509],[75.3477,14.4542],[75.3436,14.4598],[75.3435,14.4698],[75.3481,14.4792],[75.3438,14.4825],[75.3344,14.4876],[75.3294,14.4936],[75.3248,14.5052],[75.3215,14.5076],[75.3155,14.5081],[75.3109,14.5071],[75.2982,14.5076],[75.2927,14.507],[75.2879,14.5086],[75.283,14.5081],[75.2774,14.5062],[75.2713,14.5091],[75.2696,14.5127],[75.2711,14.5165],[75.2705,14.5218],[75.2755,14.5259],[75.2801,14.5289],[75.2828,14.5275],[75.2882,14.527],[75.2933,14.5279],[75.2957,14.5312],[75.298,14.5348],[75.2974,14.5381],[75.2935,14.5457],[75.2891,14.5524],[75.2861,14.5555],[75.2787,14.5601],[75.2762,14.564],[75.2704,14.5698],[75.2666,14.5756],[75.2595,14.5745],[75.2493,14.576],[75.2473,14.5728],[75.2473,14.5672],[75.244,14.5647],[75.2443,14.5592],[75.2437,14.5536],[75.2392,14.5532],[75.2321,14.5559],[75.23,14.559],[75.229,14.5636],[75.232,14.5731],[75.2324,14.5773],[75.2304,14.5799],[75.2252,14.5819],[75.211,14.5704],[75.206,14.5707],[75.1997,14.5721],[75.1983,14.579],[75.1865,14.5819],[75.1838,14.5946],[75.2072,14.5937],[75.2091,14.6111],[75.2135,14.6194],[75.208,14.632],[75.2032,14.6342],[75.2032,14.6309],[75.2054,14.627],[75.202,14.6223],[75.1955,14.6191],[75.1893,14.6194],[75.1836,14.6225],[75.1747,14.6299],[75.1689,14.6296],[75.1673,14.6235],[75.1672,14.6187],[75.1649,14.6137],[75.1604,14.617],[75.1564,14.6187],[75.1523,14.6177],[75.1483,14.6142],[75.1465,14.616],[75.1451,14.6281],[75.1411,14.628],[75.1321,14.6251],[75.1255,14.6268],[75.1167,14.6348],[75.1079,14.6404],[75.1034,14.6451],[75.0875,14.6479],[75.0813,14.6482],[75.0772,14.6501],[75.0671,14.6473],[75.0535,14.6453],[75.0533,14.6464],[75.0495,14.6482],[75.0444,14.6558],[75.0406,14.6535],[75.0367,14.6613],[75.0343,14.669],[75.0389,14.6741],[75.037,14.6847],[75.0347,14.7035],[75.0217,14.706],[75.0201,14.7084],[75.0205,14.7121],[75.0225,14.7161],[75.0278,14.7206],[75.0345,14.7232],[75.0402,14.7235],[75.0422,14.7244],[75.0436,14.7277],[75.0433,14.7323],[75.0488,14.7346],[75.0484,14.737],[75.0502,14.7396],[75.0504,14.7434],[75.0478,14.7501],[75.0448,14.7656],[75.0544,14.7666],[75.0579,14.7703],[75.0667,14.7691],[75.0708,14.7746],[75.0736,14.7765],[75.0709,14.7793],[75.0735,14.7818],[75.0734,14.7883],[75.0709,14.7936],[75.0617,14.7982],[75.0602,14.8024],[75.0604,14.8084],[75.0704,14.8037],[75.0743,14.8026],[75.0846,14.8027],[75.0968,14.8056],[75.0955,14.8144],[75.0818,14.818],[75.0777,14.8212],[75.0725,14.8328],[75.0736,14.8375],[75.078,14.8465],[75.078,14.8535],[75.0767,14.8612],[75.0787,14.8657],[75.0761,14.8737],[75.076,14.8916],[75.0731,14.9111],[75.0731,14.9149],[75.0816,14.9177],[75.0868,14.9162],[75.0894,14.9179],[75.088,14.9212],[75.0919,14.9224],[75.1061,14.9228],[75.1064,14.9263],[75.1083,14.9291],[75.1029,14.9373],[75.1014,14.9452],[75.1033,14.9519],[75.089,14.9533],[75.0871,14.9652],[75.0816,14.9709],[75.078,14.9975],[75.078,14.9976],[75.0777,14.9976],[75.0721,15.0127],[75.0793,15.0257],[75.0802,15.0356],[75.078,15.0425],[75.0778,15.0483],[75.0794,15.0545],[75.0834,15.0628],[75.0838,15.0695],[75.0856,15.0743],[75.086,15.0787],[75.0826,15.1067],[75.0892,15.1058],[75.0967,15.1066],[75.103,15.11],[75.1171,15.1129],[75.1175,15.1204],[75.1096,15.1258],[75.1106,15.1352],[75.1163,15.1342],[75.1216,15.1353],[75.1269,15.1353],[75.1302,15.1402],[75.1349,15.1384],[75.1398,15.1468],[75.1411,15.1558],[75.1489,15.1556],[75.1508,15.151],[75.1579,15.142],[75.1501,15.1303],[75.145,15.1255],[75.1404,15.114],[75.1415,15.1067],[75.1447,15.0967],[75.1491,15.0972],[75.1496,15.1005],[75.1625,15.1042],[75.1628,15.0987],[75.1695,15.0969],[75.1898,15.0989],[75.1938,15.0934],[75.2,15.0946],[75.2142,15.0956],[75.2291,15.0959],[75.2302,15.1013],[75.2362,15.1034],[75.244,15.1041],[75.2439,15.1009],[75.2559,15.1025],[75.2561,15.094],[75.2602,15.0932],[75.2654,15.1124],[75.2797,15.1188],[75.2918,15.1258],[75.2922,15.1334],[75.3123,15.1368],[75.3114,15.1514],[75.326,15.1533],[75.3398,15.1563],[75.3407,15.1436],[75.3397,15.1327],[75.3398,15.1202],[75.3415,15.1072],[75.3446,15.1031],[75.3536,15.099]]]}},{"type":"Feature","properties":{"district":"Kodagu"},"geometry":{"type":"Polygon","coordinates":[[[75.9025,12.8106],[75.9062,12.809],[75.9143,12.8116],[75.9162,12.8139],[75.9169,12.8212],[75.9202,12.8216],[75.9228,12.8183],[75.9246,12.8131],[75.9225,12.8098],[75.9235,12.8068],[75.9268,12.8024],[75.9314,12.801],[75.9445,12.8011],[75.9471,12.7993],[75.949,12.7963],[75.9706,12.7987],[75.9667,12.7904],[75.9677,12.7834],[75.9697,12.7781],[75.9693,12.7763],[75.961,12.7749],[75.9569,12.7724],[75.9543,12.7682],[75.9534,12.7625],[75.949,12.7579],[75.9465,12.7577],[75.9386,12.7604],[75.936,12.7592],[75.9353,12.7555],[75.9374,12.7429],[75.9331,12.7281],[75.9338,12.7259],[75.9361,12.7242],[75.9399,12.7148],[75.9404,12.7107],[75.9576,12.7046],[75.9638,12.7046],[75.9626,12.6944],[75.9587,12.6863],[75.9581,12.6795],[75.9564,12.6754],[75.9542,12.6726],[75.952,12.6716],[75.9433,12.6718],[75.9401,12.6708],[75.9397,12.6671],[75.9408,12.6646],[75.9443,12.6628],[75.9456,12.6612],[75.9454,12.6588],[75.9434,12.6542],[75.9387,12.6497],[75.9363,12.6434],[75.9355,12.6386],[75.9414,12.6321],[75.9412,12.6289],[75.9388,12.6257],[75.9346,12.6238],[75.9342,12.6223],[75.9454,12.6202],[75.947,12.6166],[75.9471,12.6133],[75.9444,12.6086],[75.9445,12.6051],[75.9389,12.6042],[75.9374,12.6003],[75.9387,12.5963],[75.9455,12.5904],[75.9493,12.585],[75.9551,12.5667],[75.9623,12.5528],[75.9745,12.5537],[75.9685,12.5679],[75.9758,12.5668],[75.9794,12.5631],[75.9874,12.564],[75.9865,12.5669],[75.9889,12.5738],[75.9888,12.5772],[75.9934,12.5775],[75.9955,12.5733],[76.0009,12.5687],[76.0162,12.5606],[76.01,12.5521],[76.0102,12.5473],[76.0067,12.5478],[75.9997,12.5517],[75.9955,12.5531],[75.9918,12.5527],[75.9893,12.551],[75.989,12.5487],[75.9955,12.5437],[75.9971,12.5424],[75.998,12.5405],[75.9975,12.5377],[75.9964,12.537],[75.9955,12.5365],[75.9943,12.5355],[75.9911,12.5358],[75.9862,12.538],[75.984,12.5353],[75.9851,12.5299],[75.9916,12.5225],[75.9932,12.5178],[75.9895,12.5144],[75.9867,12.5136],[75.9793,12.5145],[75.9723,12.5117],[75.9702,12.5036],[75.9644,12.503],[75.9623,12.5019],[75.9595,12.4971],[75.9607,12.4871],[75.9572,12.482],[75.9575,12.4804],[75.965,12.4747],[75.9628,12.4664],[75.9687,12.4628],[75.9666,12.4578],[75.9667,12.4559],[75.9687,12.4462],[75.9704,12.442],[75.969,12.4405],[75.9666,12.4405],[75.9629,12.4422],[75.9564,12.4437],[75.952,12.4435],[75.943,12.4402],[75.9349,12.4361],[75.9331,12.4334],[75.93,12.4334],[75.9262,12.4315],[75.9212,12.4234],[75.9189,12.4126],[75.9145,12.4055],[75.9069,12.396],[75.9068,12.3931],[75.9081,12.3874],[75.9111,12.3829],[75.9114,12.3789],[75.9158,12.3801],[75.9299,12.3718],[75.9345,12.3636],[75.9393,12.3573],[75.953,12.3441],[75.957,12.3392],[75.9677,12.3361],[75.9711,12.3337],[75.9783,12.3322],[75.9867,12.3254],[75.9916,12.3222],[75.995,12.3191],[75.9934,12.3163],[75.9921,12.3099],[75.995,12.2996],[76.0012,12.2949],[76.0106,12.2831],[76.012,12.2762],[76.0121,12.2711],[76.0108,12.2588],[76.0124,12.2536],[76.0179,12.2457],[76.0218,12.244],[76.0241,12.2454],[76.0323,12.2456],[76.0334,12.2465],[76.0355,12.2464],[76.043,12.2418],[76.0465,12.2408],[76.0569,12.2437],[76.0647,12.2371],[76.0683,12.2327],[76.0769,12.2185],[76.0881,12.2051],[76.0961,12.1923],[76.101,12.1883],[76.1125,12.184],[76.1171,12.1832],[76.1212,12.1841],[76.1261,12.1874],[76.1277,12.1863],[76.129,12.183],[76.1304,12.179],[76.1311,12.1708],[76.1342,12.1643],[76.1387,12.1502],[76.1452,12.1392],[76.1512,12.1321],[76.1588,12.12],[76.163,12.1155],[76.165,12.1119],[76.1674,12.0989],[76.1694,12.0954],[76.1716,12.0944],[76.17,12.0832],[76.1708,12.0734],[76.1722,12.0667],[76.1738,12.0622],[76.1805,12.0517],[76.1831,12.0458],[76.1812,12.032],[76.1801,12.028],[76.1779,12.0241],[76.1726,12.0203],[76.1656,12.0196],[76.1599,12.0177],[76.1564,12.0165],[76.1498,12.0126],[76.146,12.0082],[76.1438,11.9998],[76.1362,11.9939],[76.127,11.9819],[76.1228,11.9776],[76.1173,11.975],[76.1121,11.9739],[76.1079,11.9706],[76.0913,11.9616],[76.081,11.9607],[76.0728,11.9613],[76.0667,11.9583],[76.0478,11.9445],[76.0419,11.9433],[76.0385,11.939],[76.0296,11.9328],[76.023,11.9347],[76.0184,11.935],[76.0139,11.9333],[76.004,11.9319],[75.9982,11.9236],[75.9944,11.9233],[75.9834,11.9254],[75.9799,11.9247],[75.9763,11.925],[75.9726,11.9276],[75.9679,11.927],[75.9589,11.9286],[75.9549,11.9315],[75.9484,11.9339],[75.9372,11.9328],[75.9311,11.9311],[75.9252,11.9329],[75.9196,11.9356],[75.9154,11.934],[75.9038,11.9348],[75.8944,11.9365],[75.8897,11.9381],[75.8833,11.9389],[75.8767,11.9407],[75.8659,11.9456],[75.8511,11.957],[75.8466,11.9647],[75.8444,11.9703],[75.8397,11.9728],[75.8306,11.9746],[75.827,11.978],[75.8244,11.9843],[75.8236,11.9946],[75.8238,11.9946],[75.8275,12.0028],[75.8266,12.0058],[75.8235,12.0093],[75.8119,12.0161],[75.812,12.022],[75.8102,12.0241],[75.8,12.0303],[75.7982,12.0327],[75.7986,12.0397],[75.7979,12.0416],[75.7933,12.0475],[75.7962,12.0495],[75.8017,12.068],[75.7997,12.0712],[75.7953,12.0742],[75.7896,12.0746],[75.7837,12.0764],[75.7679,12.0775],[75.763,12.0786],[75.7581,12.0772],[75.7519,12.0774],[75.7476,12.0734],[75.7429,12.0718],[75.7389,12.0722],[75.7344,12.0677],[75.7281,12.0641],[75.7171,12.0621],[75.7147,12.0653],[75.7142,12.0692],[75.7175,12.0775],[75.7171,12.0784],[75.7065,12.0828],[75.7007,12.0835],[75.7003,12.088],[75.7016,12.1003],[75.692,12.1026],[75.6842,12.1022],[75.6816,12.0966],[75.6783,12.0931],[75.6727,12.0907],[75.6676,12.09],[75.6624,12.0912],[75.6582,12.0943],[75.6528,12.1013],[75.6516,12.104],[75.6481,12.1056],[75.6475,12.1148],[75.643,12.1199],[75.6443,12.1237],[75.6439,12.1271],[75.6425,12.1308],[75.6407,12.1332],[75.6376,12.1338],[75.6368,12.1404],[75.6351,12.1424],[75.6294,12.1416],[75.6269,12.1451],[75.6171,12.1489],[75.6113,12.1459],[75.6081,12.1487],[75.6021,12.1468],[75.5976,12.1465],[75.5947,12.1454],[75.5932,12.143],[75.5914,12.143],[75.5872,12.1483],[75.5827,12.1504],[75.5768,12.1508],[75.5704,12.1655],[75.5638,12.1668],[75.5596,12.1687],[75.5553,12.1763],[75.5524,12.1761],[75.5511,12.1844],[75.5488,12.1884],[75.5439,12.192],[75.5404,12.1924],[75.5379,12.1954],[75.5337,12.1961],[75.533,12.1991],[75.5369,12.2035],[75.538,12.2068],[75.5379,12.2111],[75.5253,12.2196],[75.5248,12.225],[75.5234,12.2289],[75.5185,12.2306],[75.5199,12.2332],[75.5193,12.2359],[75.5167,12.2438],[75.5131,12.2493],[75.5114,12.2504],[75.5111,12.2533],[75.5039,12.2597],[75.5039,12.2632],[75.502,12.264],[75.494,12.2651],[75.4925,12.2668],[75.4867,12.2815],[75.4827,12.2862],[75.4672,12.2954],[75.4584,12.2886],[75.4414,12.29],[75.4361,12.2918],[75.4307,12.292],[75.4274,12.2907],[75.4237,12.287],[75.4191,12.2864],[75.4216,12.291],[75.4304,12.2995],[75.4299,12.3022],[75.4231,12.3081],[75.42,12.3145],[75.4199,12.3195],[75.4163,12.3215],[75.4144,12.3338],[75.4112,12.3378],[75.4101,12.3413],[75.4143,12.3439],[75.4177,12.3484],[75.4194,12.3525],[75.4214,12.3619],[75.4214,12.3667],[75.4189,12.3695],[75.4115,12.3746],[75.4034,12.3726],[75.4011,12.3757],[75.3971,12.3752],[75.3943,12.3798],[75.3907,12.3834],[75.3858,12.3856],[75.3812,12.3848],[75.3786,12.3867],[75.3762,12.3925],[75.3722,12.3957],[75.3697,12.4018],[75.3656,12.407],[75.3705,12.4289],[75.3694,12.4456],[75.3659,12.4491],[75.3666,12.4517],[75.3858,12.4507],[75.3919,12.4451],[75.4035,12.4476],[75.4091,12.4499],[75.4147,12.4541],[75.4168,12.4589],[75.4225,12.4601],[75.4243,12.4663],[75.4205,12.4715],[75.4202,12.4797],[75.4145,12.4967],[75.4166,12.5044],[75.4199,12.5086],[75.4269,12.5092],[75.4314,12.5118],[75.4317,12.5185],[75.4339,12.5232],[75.4402,12.5177],[75.4478,12.5132],[75.4537,12.5075],[75.4611,12.5022],[75.4629,12.4977],[75.4662,12.4964],[75.4697,12.4927],[75.4638,12.4856],[75.4609,12.4802],[75.4612,12.4703],[75.4628,12.4669],[75.4682,12.4622],[75.4722,12.4604],[75.4784,12.4615],[75.4806,12.4607],[75.4848,12.4558],[75.489,12.455],[75.4913,12.4586],[75.4908,12.4631],[75.4951,12.4728],[75.4922,12.4738],[75.4938,12.4772],[75.4973,12.4768],[75.4978,12.4786],[75.5017,12.4815],[75.5067,12.4809],[75.5136,12.483],[75.5218,12.4842],[75.5263,12.4925],[75.532,12.4902],[75.5356,12.4903],[75.5554,12.4848],[75.5633,12.4815],[75.5648,12.4876],[75.5547,12.4959],[75.5561,12.4986],[75.5599,12.5026],[75.5664,12.5055],[75.57,12.5079],[75.5766,12.5153],[75.5857,12.53],[75.5898,12.5319],[75.5929,12.5267],[75.596,12.5191],[75.5995,12.5158],[75.6026,12.5068],[75.6098,12.5053],[75.6149,12.5052],[75.6176,12.508],[75.6226,12.5112],[75.6249,12.5149],[75.6296,12.5153],[75.6326,12.5232],[75.6417,12.5327],[75.655,12.5366],[75.6643,12.5417],[75.6679,12.5446],[75.6695,12.5496],[75.6622,12.5691],[75.6625,12.5836],[75.6613,12.5894],[75.6548,12.5988],[75.6529,12.6103],[75.6512,12.6163],[75.64,12.6244],[75.6401,12.6268],[75.6414,12.6344],[75.6423,12.6472],[75.6459,12.6613],[75.6513,12.6699],[75.6568,12.6808],[75.6644,12.6906],[75.6699,12.6952],[75.6781,12.6967],[75.688,12.696],[75.6924,12.6967],[75.704,12.703],[75.709,12.7002],[75.7126,12.6998],[75.7162,12.6978],[75.7198,12.693],[75.729,12.6941],[75.7363,12.6863],[75.7457,12.6739],[75.7517,12.6707],[75.7591,12.6696],[75.7624,12.6716],[75.7654,12.675],[75.7682,12.6753],[75.7712,12.6737],[75.7724,12.6785],[75.7746,12.683],[75.7903,12.6838],[75.8004,12.6896],[75.8057,12.6946],[75.8084,12.6945],[75.8179,12.6848],[75.8235,12.6776],[75.8275,12.6703],[75.8332,12.6642],[75.8357,12.663],[75.8419,12.6642],[75.8448,12.666],[75.8509,12.6632],[75.8551,12.6634],[75.8657,12.6671],[75.8756,12.6657],[75.8807,12.6676],[75.8836,12.6709],[75.8852,12.684],[75.8866,12.6871],[75.884,12.6898],[75.8836,12.6994],[75.8827,12.7009],[75.8793,12.7009],[75.8696,12.7035],[75.8697,12.7066],[75.863,12.7104],[75.8533,12.7172],[75.8494,12.7212],[75.8484,12.7239],[75.849,12.7287],[75.852,12.7323],[75.8539,12.7369],[75.8507,12.7412],[75.846,12.743],[75.846,12.7441],[75.8511,12.7445],[75.8553,12.7471],[75.858,12.7501],[75.8587,12.7625],[75.8627,12.7609],[75.8679,12.7618],[75.871,12.7643],[75.8716,12.7695],[75.8704,12.7744],[75.8646,12.783],[75.8615,12.7919],[75.8622,12.803],[75.8617,12.8147],[75.8735,12.8172],[75.8746,12.8199],[75.8735,12.8267],[75.8758,12.8276],[75.887,12.8256],[75.8962,12.8213],[75.8991,12.818],[75.9025,12.8106]]]}},{"type":"Feature","properties":{"district":"Kolar"},"geometry":{"type":"Polygon","coordinates":[[[77.978,13.9376],[77.9735,13.9242],[77.9734,13.9199],[77.9746,13.9123],[77.9747,13.9053],[77.978,13.8933],[77.9716,13.8886],[77.9495,13.8845],[77.9425,13.8802],[77.9418,13.8711],[77.9457,13.8398],[77.9481,13.8294],[77.9481,13.8248],[77.9446,13.82],[77.9658,13.8202],[77.9704,13.8266],[77.9812,13.8488],[77.9823,13.8568],[77.9852,13.8617],[77.9915,13.8624],[78.0048,13.8617],[78.0103,13.8565],[78.0156,13.8544],[78.0378,13.8528],[78.0413,13.8581],[78.0429,13.8638],[78.0427,13.8734],[78.0412,13.8867],[78.0483,13.8845],[78.0547,13.8794],[78.0603,13.8768],[78.068,13.8745],[78.0709,13.872],[78.0749,13.8549],[78.0884,13.8549],[78.0974,13.8528],[78.106,13.8535],[78.1135,13.8409],[78.1173,13.8218],[78.1077,13.8036],[78.109,13.7984],[78.1152,13.7877],[78.1182,13.7769],[78.111,13.7618],[78.1065,13.7568],[78.1012,13.753],[78.0953,13.7503],[78.0893,13.743],[78.0849,13.7335],[78.0933,13.7276],[78.0974,13.7232],[78.1004,13.718],[78.1055,13.7146],[78.1094,13.7102],[78.1099,13.704],[78.1072,13.6984],[78.1054,13.6844],[78.0999,13.6826],[78.0852,13.6806],[78.0641,13.6882],[78.0626,13.6856],[78.0654,13.6801],[78.0641,13.6746],[78.0609,13.6718],[78.0583,13.667],[78.0659,13.6645],[78.0728,13.6552],[78.08,13.6504],[78.0797,13.6445],[78.0807,13.6353],[78.0863,13.6335],[78.0906,13.633],[78.0939,13.6403],[78.1074,13.6471],[78.1159,13.6456],[78.1232,13.6489],[78.1291,13.6483],[78.1462,13.6497],[78.1558,13.6487],[78.159,13.6452],[78.1605,13.6234],[78.1656,13.621],[78.1858,13.6212],[78.1939,13.6162],[78.1954,13.6016],[78.1937,13.5949],[78.1886,13.5884],[78.1795,13.5789],[78.1811,13.5737],[78.1801,13.5642],[78.1816,13.5592],[78.1833,13.5564],[78.189,13.5564],[78.1958,13.5607],[78.2024,13.568],[78.2085,13.5819],[78.2148,13.5801],[78.2184,13.578],[78.2226,13.5771],[78.2277,13.5872],[78.2366,13.5845],[78.2497,13.5743],[78.2583,13.5753],[78.2654,13.5782],[78.2806,13.5777],[78.2918,13.5788],[78.3125,13.5835],[78.3228,13.583],[78.3437,13.5778],[78.3614,13.5789],[78.3671,13.5803],[78.3803,13.5813],[78.3908,13.5781],[78.3939,13.5707],[78.3978,13.5662],[78.386,13.544],[78.3855,13.5317],[78.3731,13.5123],[78.3742,13.5055],[78.3696,13.4999],[78.3673,13.4952],[78.3683,13.4898],[78.3674,13.482],[78.3673,13.4669],[78.3636,13.4592],[78.3626,13.4521],[78.3642,13.4456],[78.3642,13.4379],[78.3646,13.4369],[78.367,13.4313],[78.3653,13.4244],[78.3673,13.415],[78.3695,13.4089],[78.3713,13.3972],[78.3713,13.391],[78.3687,13.3798],[78.3644,13.3705],[78.3598,13.3643],[78.3552,13.3551],[78.3564,13.3467],[78.3584,13.3468],[78.3605,13.347],[78.364,13.3483],[78.3682,13.3483],[78.3748,13.3464],[78.3837,13.3424],[78.3849,13.3382],[78.3925,13.3355],[78.3974,13.3323],[78.3952,13.3226],[78.3913,13.3237],[78.3884,13.3185],[78.3846,13.3235],[78.379,13.3245],[78.3754,13.3264],[78.3775,13.3313],[78.3713,13.3324],[78.3679,13.3285],[78.367,13.32],[78.3751,13.3186],[78.3791,13.3169],[78.3829,13.3141],[78.3913,13.3037],[78.4021,13.3074],[78.4071,13.3101],[78.4153,13.3171],[78.4208,13.3191],[78.4245,13.3191],[78.4268,13.3181],[78.4291,13.3171],[78.4303,13.3078],[78.436,13.2984],[78.4379,13.2988],[78.4413,13.2995],[78.4451,13.3014],[78.4479,13.3028],[78.4542,13.3041],[78.4605,13.3079],[78.4664,13.3101],[78.4717,13.3079],[78.4702,13.2939],[78.4726,13.2911],[78.4835,13.2881],[78.4952,13.2792],[78.5012,13.2772],[78.5039,13.2725],[78.5083,13.2695],[78.512,13.26],[78.5155,13.2571],[78.5208,13.2556],[78.5223,13.2581],[78.5238,13.2606],[78.5256,13.2693],[78.5288,13.2759],[78.5333,13.276],[78.5356,13.2761],[78.5436,13.2732],[78.5472,13.2727],[78.5506,13.276],[78.5532,13.2846],[78.5541,13.2983],[78.5557,13.2994],[78.5601,13.2933],[78.5616,13.288],[78.5644,13.2834],[78.5672,13.2718],[78.5761,13.2671],[78.5775,13.262],[78.5722,13.2486],[78.5685,13.2435],[78.5632,13.2384],[78.5599,13.2334],[78.5594,13.2304],[78.5589,13.2271],[78.5572,13.212],[78.5643,13.2081],[78.5687,13.2043],[78.5659,13.2009],[78.5601,13.1982],[78.5584,13.1922],[78.5533,13.1892],[78.5409,13.1873],[78.5425,13.1802],[78.5469,13.1786],[78.5535,13.1799],[78.5565,13.1798],[78.5594,13.1798],[78.5633,13.1774],[78.5647,13.174],[78.5657,13.1718],[78.5691,13.1565],[78.5654,13.1568],[78.5613,13.1557],[78.5581,13.1523],[78.5469,13.1534],[78.5388,13.1516],[78.5337,13.1461],[78.5327,13.1421],[78.5367,13.1369],[78.5354,13.1307],[78.5214,13.1291],[78.5129,13.1202],[78.5088,13.1196],[78.5087,13.1133],[78.5111,13.1063],[78.5162,13.1008],[78.5224,13.0997],[78.528,13.0974],[78.5148,13.0911],[78.5138,13.0847],[78.5068,13.0842],[78.5019,13.0817],[78.4996,13.0758],[78.4986,13.0698],[78.5048,13.0594],[78.5046,13.0528],[78.4879,13.0497],[78.4875,13.0494],[78.4811,13.0444],[78.4774,13.0432],[78.4711,13.0439],[78.467,13.0414],[78.4647,13.0349],[78.4611,13.032],[78.455,13.0326],[78.4516,13.0315],[78.4506,13.0282],[78.4499,13.0258],[78.4504,13.0149],[78.4526,13.0086],[78.4523,13.0038],[78.4554,12.9901],[78.4614,12.9791],[78.4594,12.9758],[78.4576,12.9707],[78.4579,12.9632],[78.4336,12.9688],[78.4257,12.9698],[78.4227,12.9686],[78.4219,12.9627],[78.4228,12.9577],[78.4238,12.9544],[78.4274,12.9505],[78.4206,12.9476],[78.4198,12.9467],[78.4246,12.9382],[78.4233,12.9338],[78.4204,12.929],[78.4214,12.9235],[78.4259,12.9171],[78.4345,12.9083],[78.4412,12.9056],[78.4429,12.9041],[78.4491,12.8967],[78.4561,12.8928],[78.4583,12.8797],[78.4569,12.8661],[78.4542,12.8532],[78.4521,12.8557],[78.4527,12.8655],[78.4464,12.8747],[78.4385,12.8797],[78.4383,12.8862],[78.4357,12.8889],[78.4358,12.9007],[78.4264,12.9021],[78.4249,12.8982],[78.4247,12.8934],[78.4173,12.889],[78.4115,12.8909],[78.4029,12.8913],[78.3995,12.8962],[78.3884,12.9055],[78.3851,12.8963],[78.3834,12.8954],[78.3783,12.8952],[78.3687,12.9018],[78.361,12.9116],[78.3454,12.9281],[78.3408,12.9249],[78.3404,12.922],[78.344,12.9181],[78.3383,12.9158],[78.3377,12.9131],[78.3383,12.9065],[78.3272,12.8892],[78.3222,12.8896],[78.3165,12.8926],[78.3135,12.8886],[78.3124,12.8833],[78.3133,12.8798],[78.31,12.8765],[78.3109,12.8738],[78.3162,12.8722],[78.3214,12.8717],[78.3227,12.8762],[78.3275,12.874],[78.3227,12.8679],[78.3216,12.8629],[78.3111,12.8654],[78.3041,12.8658],[78.3062,12.8565],[78.3031,12.8472],[78.2757,12.8492],[78.2706,12.8505],[78.2626,12.8566],[78.2581,12.8556],[78.2538,12.8496],[78.2487,12.8498],[78.2447,12.8511],[78.2411,12.8474],[78.2419,12.8123],[78.2402,12.8031],[78.2354,12.7876],[78.2295,12.762],[78.2251,12.7549],[78.2206,12.7526],[78.2125,12.7551],[78.2023,12.7551],[78.1989,12.7551],[78.1954,12.7575],[78.1902,12.7611],[78.184,12.7626],[78.1787,12.7599],[78.1753,12.7633],[78.1662,12.765],[78.1616,12.7623],[78.1581,12.7602],[78.1477,12.7633],[78.143,12.7666],[78.1365,12.7692],[78.1316,12.7697],[78.1271,12.7702],[78.1207,12.77],[78.1178,12.7799],[78.1145,12.7871],[78.1095,12.7914],[78.1021,12.7934],[78.0977,12.7959],[78.0951,12.8002],[78.0865,12.8033],[78.0825,12.8092],[78.0761,12.8205],[78.0737,12.8213],[78.0659,12.8189],[78.0664,12.8267],[78.0646,12.8302],[78.0514,12.8323],[78.0506,12.8386],[78.0467,12.8424],[78.042,12.8421],[78.04,12.8382],[78.0222,12.8412],[78.0196,12.8462],[78.0149,12.8459],[78.0144,12.843],[78.0169,12.8384],[78.0168,12.8335],[78.0091,12.8337],[78.0071,12.8282],[78.008,12.823],[78.0071,12.82],[78.0038,12.8179],[77.9999,12.819],[77.9933,12.8137],[78.0033,12.8058],[78.0056,12.8033],[78.0015,12.7954],[77.9897,12.7972],[77.986,12.7953],[77.9814,12.7956],[77.9813,12.8104],[77.9746,12.8144],[77.9736,12.8182],[77.9713,12.8226],[77.9575,12.8215],[77.955,12.8252],[77.958,12.8363],[77.9552,12.8387],[77.9513,12.8379],[77.9468,12.8381],[77.9486,12.8481],[77.9456,12.8493],[77.9386,12.8497],[77.9335,12.8448],[77.9326,12.8396],[77.9361,12.8338],[77.9399,12.8293],[77.933,12.8129],[77.9248,12.8137],[77.9208,12.8162],[77.9183,12.8192],[77.9105,12.8197],[77.9092,12.822],[77.9118,12.8324],[77.9149,12.839],[77.9153,12.8443],[77.9184,12.8474],[77.9278,12.8505],[77.9288,12.8543],[77.9311,12.8562],[77.9344,12.856],[77.9336,12.8617],[77.9197,12.8635],[77.9184,12.8689],[77.9287,12.8714],[77.929,12.8748],[77.9243,12.8778],[77.9177,12.8784],[77.9144,12.8735],[77.9093,12.873],[77.9022,12.8734],[77.9005,12.8679],[77.8943,12.8682],[77.8875,12.8669],[77.8823,12.8584],[77.878,12.8593],[77.8669,12.8586],[77.8622,12.8569],[77.8588,12.8576],[77.8581,12.8666],[77.8472,12.8674],[77.8457,12.8702],[77.8459,12.8778],[77.845,12.8832],[77.8543,12.9036],[77.8501,12.9053],[77.8337,12.9044],[77.8317,12.9102],[77.8328,12.9142],[77.8383,12.9155],[77.842,12.9199],[77.8453,12.9218],[77.8479,12.9221],[77.8513,12.9241],[77.8597,12.9231],[77.8658,12.9334],[77.8602,12.938],[77.8581,12.9412],[77.8625,12.95],[77.8584,12.9525],[77.8565,12.9551],[77.8552,12.9628],[77.8635,12.9642],[77.8619,12.9672],[77.8633,12.9764],[77.8677,12.9911],[77.868,12.9911],[77.8741,12.9953],[77.8786,13.0006],[77.8796,13.0097],[77.8811,13.0161],[77.8852,13.0243],[77.8804,13.0257],[77.8832,13.0354],[77.8868,13.0372],[77.884,13.039],[77.8876,13.0433],[77.8906,13.0409],[77.896,13.0395],[77.9066,13.0391],[77.9191,13.0583],[77.9256,13.0582],[77.9311,13.0593],[77.9324,13.0674],[77.932,13.0736],[77.9267,13.0665],[77.9221,13.0643],[77.9176,13.0659],[77.9157,13.0708],[77.9089,13.0696],[77.9046,13.0714],[77.9067,13.0751],[77.9027,13.0846],[77.8931,13.09],[77.9051,13.1],[77.9062,13.1074],[77.9142,13.1061],[77.9153,13.1027],[77.9193,13.0994],[77.9285,13.0976],[77.9286,13.1071],[77.9303,13.1133],[77.9352,13.1128],[77.9401,13.1158],[77.9479,13.1154],[77.9484,13.1208],[77.947,13.1286],[77.9491,13.1372],[77.9491,13.1481],[77.9452,13.1507],[77.9471,13.1557],[77.9479,13.1641],[77.9496,13.1698],[77.9534,13.1768],[77.9519,13.1854],[77.9472,13.1921],[77.9472,13.1997],[77.9486,13.2084],[77.9444,13.2075],[77.9397,13.2034],[77.9368,13.2055],[77.9399,13.2097],[77.9552,13.2212],[77.9569,13.2344],[77.9409,13.238],[77.9369,13.2318],[77.9251,13.2328],[77.9207,13.2278],[77.9179,13.2295],[77.9066,13.2286],[77.9026,13.2197],[77.8927,13.2233],[77.8831,13.2242],[77.8863,13.2276],[77.8953,13.2324],[77.8973,13.24],[77.8953,13.2441],[77.8902,13.2463],[77.8828,13.2462],[77.8766,13.2409],[77.8714,13.2401],[77.8662,13.2318],[77.871,13.229],[77.8677,13.2234],[77.8631,13.2235],[77.8547,13.2301],[77.8467,13.2091],[77.8407,13.2115],[77.8423,13.2313],[77.8253,13.2369],[77.8133,13.2412],[77.8046,13.2299],[77.8011,13.2319],[77.8085,13.2444],[77.8122,13.2449],[77.8128,13.2491],[77.8021,13.2526],[77.8048,13.2636],[77.8047,13.2675],[77.8069,13.2734],[77.81,13.2857],[77.8142,13.2869],[77.8154,13.2807],[77.822,13.2821],[77.8218,13.2888],[77.8194,13.2946],[77.8113,13.2949],[77.807,13.2965],[77.8045,13.3003],[77.805,13.3017],[77.8109,13.3017],[77.8113,13.3043],[77.8167,13.3112],[77.8194,13.3171],[77.8125,13.3197],[77.8056,13.3234],[77.801,13.3294],[77.7917,13.3298],[77.7872,13.3357],[77.7836,13.3424],[77.776,13.3428],[77.7619,13.3468],[77.7529,13.3515],[77.7457,13.3529],[77.7426,13.3497],[77.7398,13.3495],[77.7374,13.3456],[77.7345,13.3486],[77.7294,13.3513],[77.7234,13.3502],[77.7225,13.3436],[77.7111,13.3422],[77.711,13.351],[77.7072,13.3566],[77.7017,13.3533],[77.6945,13.3503],[77.6943,13.3452],[77.6956,13.3392],[77.6977,13.3359],[77.6965,13.3325],[77.691,13.3268],[77.686,13.332],[77.6821,13.3384],[77.6777,13.343],[77.6725,13.3365],[77.6612,13.339],[77.6562,13.3443],[77.6514,13.347],[77.6499,13.3532],[77.6499,13.3575],[77.6511,13.3622],[77.6543,13.3669],[77.6547,13.3703],[77.6512,13.3756],[77.6471,13.3775],[77.6507,13.3886],[77.646,13.3889],[77.6439,13.3845],[77.6372,13.3839],[77.6324,13.3843],[77.6261,13.3665],[77.6149,13.3671],[77.6139,13.3734],[77.6122,13.3752],[77.6072,13.3771],[77.6102,13.3931],[77.6052,13.3936],[77.6001,13.3957],[77.5982,13.3879],[77.5943,13.3884],[77.5927,13.3988],[77.5929,13.4062],[77.599,13.4058],[77.6052,13.4072],[77.6068,13.4123],[77.6029,13.4166],[77.5956,13.4327],[77.592,13.4286],[77.5846,13.4269],[77.5836,13.4184],[77.5838,13.4127],[77.563,13.4101],[77.5473,13.4092],[77.5447,13.4216],[77.542,13.4266],[77.5308,13.4273],[77.5283,13.4231],[77.521,13.4229],[77.5149,13.4253],[77.5095,13.4343],[77.5065,13.4355],[77.5003,13.4397],[77.4977,13.4485],[77.4913,13.4495],[77.4841,13.4531],[77.4791,13.4586],[77.4645,13.4608],[77.4556,13.4568],[77.4518,13.46],[77.4489,13.4565],[77.4379,13.4543],[77.4296,13.4562],[77.4271,13.4615],[77.419,13.4645],[77.4181,13.4774],[77.4121,13.4787],[77.41,13.4837],[77.4076,13.4871],[77.4046,13.489],[77.4023,13.4893],[77.3933,13.4864],[77.3794,13.4924],[77.376,13.5043],[77.3779,13.5075],[77.3837,13.5122],[77.3859,13.518],[77.3855,13.5246],[77.3833,13.5279],[77.3804,13.5296],[77.377,13.5366],[77.3759,13.5476],[77.3761,13.5632],[77.3748,13.5684],[77.3688,13.5807],[77.3636,13.5822],[77.3576,13.5853],[77.357,13.5924],[77.3555,13.5972],[77.3552,13.6054],[77.3568,13.6138],[77.3617,13.6217],[77.3638,13.627],[77.3648,13.6322],[77.3707,13.6375],[77.3765,13.653],[77.3835,13.6564],[77.3948,13.665],[77.4174,13.6645],[77.4282,13.6652],[77.4327,13.6742],[77.4424,13.6746],[77.4498,13.6758],[77.4765,13.6776],[77.4829,13.6797],[77.4851,13.6867],[77.4835,13.6917],[77.4824,13.6988],[77.4797,13.7032],[77.4873,13.7068],[77.5028,13.7044],[77.5068,13.7005],[77.5069,13.6927],[77.508,13.6888],[77.5123,13.6857],[77.5215,13.6879],[77.5256,13.6972],[77.5278,13.707],[77.5275,13.719],[77.5266,13.7253],[77.5227,13.7311],[77.5151,13.737],[77.5197,13.7438],[77.5295,13.7459],[77.5395,13.7437],[77.5416,13.7349],[77.5451,13.7282],[77.5481,13.7204],[77.5561,13.7165],[77.5666,13.7294],[77.5736,13.7267],[77.5815,13.7306],[77.5869,13.7368],[77.5956,13.7436],[77.6043,13.7426],[77.6156,13.7284],[77.6212,13.7274],[77.6285,13.7299],[77.6336,13.7328],[77.6367,13.7352],[77.6338,13.7413],[77.6126,13.7469],[77.6105,13.7554],[77.6143,13.7603],[77.6491,13.7758],[77.6566,13.7767],[77.664,13.7759],[77.6702,13.7775],[77.6718,13.7701],[77.6698,13.7626],[77.6637,13.7523],[77.6685,13.7523],[77.6788,13.7557],[77.6847,13.7586],[77.6955,13.7614],[77.7022,13.731],[77.7074,13.7342],[77.7087,13.7327],[77.711,13.7377],[77.7135,13.7462],[77.7131,13.7507],[77.7142,13.7608],[77.7128,13.7747],[77.7151,13.7833],[77.7129,13.7905],[77.7185,13.7927],[77.7284,13.8017],[77.7336,13.8034],[77.741,13.8038],[77.7482,13.8062],[77.7553,13.8075],[77.7692,13.8085],[77.7785,13.8129],[77.7804,13.8167],[77.7803,13.82],[77.7774,13.8241],[77.7741,13.8317],[77.776,13.8359],[77.7864,13.8399],[77.7945,13.841],[77.8028,13.8407],[77.8078,13.8467],[77.8108,13.8521],[77.8277,13.8606],[77.8192,13.866],[77.8272,13.8716],[77.825,13.8799],[77.821,13.8892],[77.8147,13.8911],[77.8111,13.8947],[77.8074,13.9032],[77.8064,13.9086],[77.8064,13.9176],[77.8085,13.9226],[77.8142,13.931],[77.8183,13.9349],[77.8216,13.9305],[77.8301,13.9272],[77.846,13.9283],[77.8541,13.9271],[77.8624,13.9268],[77.887,13.9312],[77.8879,13.9277],[77.8873,13.9177],[77.8897,13.9114],[77.8957,13.9077],[77.9005,13.9023],[77.9059,13.8995],[77.9116,13.8972],[77.9198,13.8987],[77.9297,13.9088],[77.9356,13.9179],[77.9389,13.9246],[77.946,13.9284],[77.9491,13.9267],[77.9508,13.9279],[77.9543,13.937],[77.9553,13.9419],[77.9613,13.95],[77.9664,13.9506],[77.9786,13.9477],[77.978,13.9376]]]}},{"type":"Feature","properties":{"district":"Koppal"},"geometry":{"type":"Polygon","coordinates":[[[76.0815,16.0053],[76.0841,15.997],[76.0854,15.9892],[76.0809,15.9782],[76.0798,15.9707],[76.0757,15.9647],[76.0735,15.9591],[76.0728,15.9486],[76.0702,15.9381],[76.0692,15.9289],[76.0639,15.9161],[76.0645,15.9114],[76.0594,15.9015],[76.072,15.8972],[76.077,15.8963],[76.1015,15.8948],[76.1028,15.8913],[76.1053,15.8873],[76.1108,15.8853],[76.1171,15.8816],[76.1283,15.8878],[76.1345,15.8893],[76.1426,15.8888],[76.1453,15.8894],[76.1551,15.9081],[76.1636,15.9151],[76.171,15.9182],[76.1726,15.9195],[76.1727,15.9253],[76.1929,15.9265],[76.1954,15.9278],[76.1968,15.9304],[76.2016,15.9313],[76.2018,15.9375],[76.2184,15.9357],[76.2272,15.9359],[76.2303,15.9173],[76.2564,15.9174],[76.2568,15.9138],[76.2557,15.9098],[76.2592,15.909],[76.2601,15.9011],[76.2697,15.8996],[76.2712,15.9052],[76.2765,15.9043],[76.2755,15.8992],[76.2842,15.8979],[76.289,15.8879],[76.2982,15.8901],[76.3076,15.8885],[76.3105,15.8903],[76.3166,15.8976],[76.325,15.8983],[76.3349,15.8976],[76.3443,15.8938],[76.3454,15.8883],[76.3443,15.8834],[76.3416,15.8752],[76.3375,15.8682],[76.3485,15.859],[76.3515,15.8616],[76.3553,15.8622],[76.3556,15.869],[76.3577,15.8746],[76.3568,15.888],[76.3575,15.8931],[76.3589,15.8972],[76.3557,15.8973],[76.3538,15.8985],[76.3538,15.9],[76.3556,15.9024],[76.3734,15.9108],[76.3744,15.8979],[76.3791,15.8974],[76.3932,15.8979],[76.4019,15.8964],[76.4028,15.8942],[76.4145,15.8905],[76.4257,15.8841],[76.4209,15.8674],[76.4177,15.8645],[76.4197,15.8613],[76.436,15.8514],[76.4492,15.8473],[76.4509,15.8417],[76.4504,15.8383],[76.4491,15.8354],[76.4493,15.8324],[76.4457,15.8277],[76.4425,15.8209],[76.4417,15.82],[76.4367,15.8186],[76.4251,15.8098],[76.4237,15.805],[76.4214,15.8016],[76.415,15.8009],[76.411,15.7983],[76.4116,15.7932],[76.4171,15.786],[76.4214,15.7852],[76.4214,15.7818],[76.4245,15.7813],[76.4344,15.7819],[76.4382,15.7801],[76.4376,15.762],[76.4389,15.7497],[76.4383,15.7441],[76.4428,15.7424],[76.445,15.7408],[76.4454,15.7367],[76.4419,15.7322],[76.4488,15.7278],[76.4672,15.7196],[76.4812,15.71],[76.4901,15.7067],[76.4885,15.7032],[76.49,15.7013],[76.4968,15.7069],[76.5099,15.7116],[76.5127,15.7042],[76.5161,15.707],[76.5188,15.7062],[76.523,15.7039],[76.5295,15.6954],[76.5327,15.6949],[76.5351,15.699],[76.5385,15.6992],[76.5394,15.6956],[76.5428,15.6988],[76.5424,15.6943],[76.5529,15.6974],[76.5578,15.6975],[76.5591,15.7013],[76.5853,15.6927],[76.5958,15.6952],[76.5973,15.6688],[76.6152,15.6648],[76.6239,15.6661],[76.6514,15.6609],[76.651,15.6562],[76.6693,15.6527],[76.6673,15.634],[76.6847,15.6409],[76.6896,15.6412],[76.6918,15.6184],[76.6823,15.6218],[76.6777,15.622],[76.6783,15.6025],[76.6834,15.6016],[76.6897,15.5952],[76.6875,15.5902],[76.6986,15.5853],[76.6989,15.589],[76.7131,15.5887],[76.7235,15.5861],[76.7448,15.5861],[76.75,15.5841],[76.7523,15.579],[76.7541,15.5645],[76.757,15.5609],[76.7614,15.5597],[76.772,15.5528],[76.778,15.551],[76.788,15.5493],[76.7965,15.5459],[76.8106,15.5422],[76.8059,15.5337],[76.8073,15.5295],[76.8081,15.524],[76.8057,15.516],[76.8096,15.5102],[76.8045,15.5045],[76.7974,15.4994],[76.7928,15.4951],[76.783,15.4899],[76.7777,15.4884],[76.7588,15.4873],[76.7507,15.4882],[76.7406,15.486],[76.7335,15.4857],[76.729,15.487],[76.7239,15.487],[76.7104,15.4849],[76.6999,15.4808],[76.6895,15.4721],[76.6799,15.4645],[76.6758,15.4599],[76.6665,15.4459],[76.652,15.4431],[76.6393,15.4393],[76.609,15.4372],[76.6063,15.435],[76.5991,15.426],[76.5938,15.4181],[76.5889,15.4081],[76.5696,15.3953],[76.5532,15.3898],[76.5462,15.3799],[76.4993,15.3458],[76.4948,15.3412],[76.4883,15.3381],[76.4785,15.3437],[76.4726,15.3418],[76.4668,15.3382],[76.4596,15.3392],[76.456,15.3386],[76.4473,15.3335],[76.4401,15.333],[76.4311,15.3343],[76.4275,15.3327],[76.4048,15.3194],[76.3967,15.3211],[76.3893,15.3239],[76.3831,15.3243],[76.3761,15.323],[76.3659,15.323],[76.3608,15.3213],[76.3578,15.3156],[76.3504,15.3075],[76.3446,15.2919],[76.3378,15.2681],[76.3319,15.2588],[76.3312,15.2588],[76.3211,15.2588],[76.3087,15.2564],[76.296,15.2451],[76.2894,15.2371],[76.2853,15.2284],[76.2835,15.2213],[76.2794,15.2139],[76.2742,15.2084],[76.2665,15.202],[76.2574,15.2006],[76.2556,15.1979],[76.2537,15.1907],[76.2467,15.1872],[76.2362,15.1857],[76.2291,15.1865],[76.2214,15.1904],[76.2188,15.1964],[76.2188,15.2021],[76.2304,15.2199],[76.2305,15.2287],[76.1936,15.2313],[76.1862,15.231],[76.1756,15.2243],[76.1613,15.2123],[76.1586,15.2087],[76.1581,15.2055],[76.1601,15.199],[76.1597,15.1962],[76.1573,15.1935],[76.1509,15.1923],[76.1287,15.1987],[76.1236,15.1988],[76.1166,15.1972],[76.1124,15.1942],[76.1102,15.1912],[76.1087,15.1875],[76.1055,15.1714],[76.1002,15.1626],[76.0923,15.1588],[76.0869,15.1575],[76.0584,15.1531],[76.055,15.152],[76.0514,15.1498],[76.0459,15.143],[76.0442,15.1419],[76.0358,15.1401],[76.0272,15.1394],[76.0083,15.1453],[76.0034,15.1437],[76.002,15.1441],[75.9988,15.1427],[75.9866,15.1458],[75.9821,15.1487],[75.9774,15.1492],[75.9725,15.146],[75.9638,15.1379],[75.9556,15.1337],[75.9495,15.1333],[75.9479,15.1617],[75.9459,15.1665],[75.943,15.1691],[75.9366,15.1708],[75.9251,15.1774],[75.9258,15.183],[75.9251,15.1915],[75.9184,15.2105],[75.9121,15.2348],[75.9042,15.2336],[75.9009,15.2426],[75.8979,15.2543],[75.8959,15.2703],[75.8987,15.2725],[75.8929,15.2772],[75.8894,15.2843],[75.8897,15.3004],[75.8888,15.3071],[75.8912,15.3075],[75.8914,15.3309],[75.8884,15.3306],[75.8869,15.3478],[75.9016,15.3498],[75.9012,15.3548],[75.9004,15.37],[75.9025,15.3851],[75.9029,15.3988],[75.8831,15.4037],[75.8654,15.4041],[75.8664,15.4212],[75.8586,15.4218],[75.8597,15.4306],[75.8593,15.441],[75.8406,15.4397],[75.8373,15.441],[75.8306,15.4453],[75.8254,15.4466],[75.8229,15.4488],[75.8198,15.4529],[75.8185,15.4643],[75.8139,15.4637],[75.8141,15.4721],[75.8109,15.4724],[75.8102,15.4839],[75.8147,15.4848],[75.8139,15.4924],[75.823,15.492],[75.8234,15.4975],[75.8173,15.5009],[75.8182,15.5047],[75.8318,15.5042],[75.8328,15.5076],[75.8489,15.509],[75.8513,15.5114],[75.8597,15.5103],[75.8677,15.558],[75.8679,15.5915],[75.8793,15.5942],[75.8805,15.5915],[75.8849,15.5926],[75.8842,15.5964],[75.8945,15.5999],[75.8947,15.6013],[75.8989,15.6035],[75.8988,15.621],[75.8946,15.6215],[75.895,15.629],[75.8863,15.6313],[75.8896,15.6456],[75.8863,15.6677],[75.8722,15.6702],[75.8706,15.7066],[75.8713,15.7122],[75.8831,15.7139],[75.8878,15.7157],[75.89,15.725],[75.8847,15.7308],[75.8851,15.7338],[75.8887,15.7351],[75.8921,15.7353],[75.8972,15.7466],[75.9078,15.7423],[75.9073,15.7392],[75.9122,15.7363],[75.9116,15.7302],[75.918,15.7275],[75.9202,15.7246],[75.92,15.7179],[75.9153,15.7002],[75.9154,15.6979],[75.919,15.6948],[75.9243,15.6909],[75.9339,15.6889],[75.9404,15.6898],[75.9406,15.6826],[75.9428,15.6764],[75.9445,15.6745],[75.9507,15.6735],[75.9662,15.6748],[75.9662,15.6689],[75.968,15.6616],[75.9723,15.66],[75.9994,15.6583],[76.011,15.6602],[76.0148,15.6664],[76.0173,15.6738],[76.0162,15.6767],[76.0125,15.6782],[75.9994,15.6763],[75.995,15.6757],[75.9927,15.6703],[75.9901,15.6664],[75.9824,15.6633],[75.9861,15.6816],[75.9884,15.6854],[75.9823,15.6875],[75.9919,15.7049],[75.996,15.705],[75.9995,15.7067],[76.0016,15.7067],[76.0043,15.7094],[76.0066,15.7134],[76.021,15.711],[76.0212,15.7091],[76.0245,15.7068],[76.0322,15.7122],[76.0383,15.7134],[76.0417,15.7161],[76.0453,15.7218],[76.0439,15.7347],[76.0383,15.7347],[76.0411,15.7492],[76.0359,15.7496],[76.0357,15.7522],[76.0386,15.7556],[76.0412,15.7606],[76.0394,15.7652],[76.0324,15.7674],[76.0159,15.7751],[76.0101,15.7795],[75.9995,15.7783],[75.9956,15.7772],[75.9918,15.7858],[75.9884,15.7913],[75.9891,15.7989],[75.9768,15.797],[75.9644,15.7914],[75.9631,15.781],[75.9397,15.7856],[75.9272,15.7897],[75.912,15.8013],[75.8954,15.8108],[75.8761,15.8235],[75.8457,15.8347],[75.8469,15.842],[75.8469,15.8507],[75.8502,15.8578],[75.8479,15.8584],[75.8481,15.8637],[75.8482,15.8656],[75.8455,15.8668],[75.8411,15.8673],[75.8375,15.8609],[75.8323,15.8605],[75.8256,15.8613],[75.8287,15.8668],[75.8322,15.8713],[75.8315,15.8754],[75.8339,15.8761],[75.834,15.8806],[75.8291,15.8846],[75.8284,15.8883],[75.8296,15.893],[75.8286,15.8962],[75.8247,15.8977],[75.8125,15.8953],[75.8119,15.8903],[75.804,15.8923],[75.7956,15.8925],[75.7908,15.8939],[75.7809,15.8945],[75.7724,15.8978],[75.7729,15.9],[75.7775,15.9003],[75.7792,15.9031],[75.7739,15.9108],[75.7774,15.9144],[75.7881,15.9189],[75.8088,15.9188],[75.8106,15.9211],[75.8209,15.9229],[75.8273,15.923],[75.8294,15.9208],[75.8352,15.9215],[75.8401,15.9276],[75.8441,15.9278],[75.8465,15.9312],[75.8524,15.9325],[75.8549,15.932],[75.8639,15.9294],[75.8685,15.9302],[75.8775,15.9295],[75.8804,15.9264],[75.8845,15.9193],[75.8873,15.9172],[75.8922,15.9154],[75.9001,15.9167],[75.9032,15.9196],[75.9111,15.9124],[75.9193,15.9032],[75.9275,15.8909],[75.9249,15.8845],[75.9306,15.8813],[75.9292,15.8713],[75.9411,15.8708],[75.9446,15.8619],[75.9622,15.8605],[75.964,15.8587],[75.9652,15.8551],[75.9715,15.8574],[75.975,15.8605],[75.9772,15.8638],[75.9789,15.869],[75.9792,15.8735],[75.9762,15.8909],[75.9761,15.8939],[75.9773,15.8957],[75.9748,15.9175],[75.9779,15.9301],[75.9767,15.9339],[75.9766,15.9419],[75.9754,15.9436],[75.9758,15.9452],[75.9801,15.9496],[75.976,15.9496],[75.9766,15.9575],[75.9753,15.9787],[75.9771,15.9841],[75.9798,15.9874],[75.9877,15.9916],[75.9906,15.997],[75.994,16.0007],[75.9996,15.9999],[76.0146,15.999],[76.0178,15.9995],[76.0219,16.0046],[76.0298,16.0038],[76.0369,16.0015],[76.0448,16.0017],[76.0522,15.999],[76.0567,16.0018],[76.0578,16.0067],[76.0802,16.0069],[76.0815,16.0053]]]}},{"type":"Feature","properties":{"district":"Mandya"},"geometry":{"type":"Polygon","coordinates":[[[76.6784,13.0361],[76.6883,13.0284],[76.6963,13.0325],[76.7051,13.0306],[76.7187,13.0321],[76.7388,13.0278],[76.7559,13.0278],[76.7767,13.0201],[76.7766,13.0158],[76.778,13.0111],[76.7809,13.0048],[76.7878,13.0064],[76.7996,13.0027],[76.8035,13.0051],[76.8051,13.0035],[76.8085,12.9955],[76.8146,12.9937],[76.8207,12.9932],[76.8281,12.9831],[76.8452,12.9702],[76.8456,12.9683],[76.8447,12.9665],[76.8327,12.9644],[76.8336,12.9419],[76.8323,12.9372],[76.8409,12.9363],[76.8414,12.9335],[76.8441,12.9307],[76.8516,12.9269],[76.8555,12.9216],[76.8572,12.9206],[76.8752,12.9262],[76.8815,12.9261],[76.883,12.9241],[76.8877,12.9126],[76.8863,12.9103],[76.8817,12.9108],[76.8738,12.9129],[76.8682,12.9126],[76.8603,12.9092],[76.8582,12.9069],[76.8565,12.9038],[76.8575,12.8995],[76.8619,12.8921],[76.8649,12.8898],[76.8696,12.8893],[76.8779,12.8909],[76.8807,12.8907],[76.8849,12.8821],[76.8857,12.8748],[76.8857,12.86],[76.8845,12.8461],[76.887,12.8433],[76.8893,12.8425],[76.8958,12.8289],[76.8966,12.8228],[76.8993,12.8186],[76.9079,12.8129],[76.9099,12.8109],[76.9144,12.8015],[76.9178,12.797],[76.925,12.7923],[76.9274,12.7948],[76.9342,12.7967],[76.9405,12.7935],[76.944,12.7933],[76.947,12.7947],[76.9514,12.7956],[76.9636,12.7951],[76.9665,12.785],[76.9726,12.7854],[76.974,12.7836],[76.9805,12.7799],[76.9831,12.7775],[76.9894,12.7683],[76.9924,12.7672],[77.0033,12.7734],[77.0009,12.7611],[77.0028,12.7564],[77.0103,12.7543],[77.0181,12.7538],[77.019,12.7576],[77.0229,12.7584],[77.0278,12.7606],[77.0317,12.7639],[77.0354,12.7688],[77.0376,12.7686],[77.0365,12.7647],[77.0438,12.7399],[77.0462,12.739],[77.0567,12.7469],[77.0613,12.7473],[77.0665,12.7406],[77.0694,12.738],[77.0732,12.7384],[77.0775,12.7324],[77.074,12.7259],[77.0729,12.7164],[77.0707,12.7116],[77.0698,12.7049],[77.0675,12.7004],[77.0659,12.6934],[77.0652,12.6846],[77.0666,12.6747],[77.0686,12.6706],[77.0757,12.6682],[77.0845,12.6666],[77.0903,12.6671],[77.0919,12.6591],[77.0921,12.633],[77.0937,12.6209],[77.0959,12.6204],[77.0972,12.617],[77.1082,12.6201],[77.1158,12.6148],[77.1158,12.6117],[77.1036,12.6074],[77.1003,12.5933],[77.1025,12.5883],[77.1058,12.5872],[77.1105,12.5716],[77.1219,12.5598],[77.1206,12.5583],[77.1217,12.5521],[77.1206,12.5436],[77.1139,12.5456],[77.1066,12.5451],[77.1074,12.5403],[77.1065,12.5345],[77.1121,12.5311],[77.1169,12.522],[77.118,12.512],[77.122,12.5098],[77.1229,12.4983],[77.1245,12.4929],[77.1181,12.4803],[77.1156,12.477],[77.1177,12.4725],[77.1216,12.4711],[77.1248,12.4686],[77.1262,12.462],[77.1286,12.4596],[77.1324,12.4542],[77.139,12.4536],[77.1479,12.4619],[77.1496,12.4666],[77.1578,12.467],[77.1579,12.4741],[77.1604,12.4754],[77.166,12.4743],[77.1696,12.4703],[77.1794,12.4736],[77.1857,12.474],[77.1867,12.4752],[77.187,12.4752],[77.1903,12.4749],[77.1919,12.4799],[77.1958,12.4798],[77.1976,12.476],[77.2014,12.4766],[77.2054,12.4778],[77.2085,12.4824],[77.2139,12.4826],[77.2151,12.4875],[77.2161,12.4915],[77.2306,12.4909],[77.2315,12.4842],[77.2303,12.4791],[77.226,12.4779],[77.2185,12.4797],[77.2173,12.474],[77.2176,12.4669],[77.2192,12.4665],[77.2224,12.4737],[77.2259,12.4735],[77.2258,12.4696],[77.2275,12.467],[77.2252,12.4658],[77.2255,12.4637],[77.2281,12.4625],[77.2292,12.461],[77.2347,12.4607],[77.236,12.4583],[77.2468,12.4609],[77.2481,12.4568],[77.2502,12.4537],[77.2554,12.4537],[77.2576,12.455],[77.2604,12.4567],[77.2643,12.4367],[77.2661,12.4309],[77.2619,12.4263],[77.2667,12.4219],[77.2716,12.4199],[77.2755,12.4196],[77.2767,12.4134],[77.2734,12.4116],[77.2736,12.4098],[77.2747,12.3989],[77.2726,12.398],[77.2727,12.3959],[77.2753,12.3954],[77.2781,12.3835],[77.2851,12.3823],[77.3052,12.3815],[77.3089,12.3764],[77.3117,12.3711],[77.3192,12.3571],[77.3242,12.3446],[77.3158,12.3176],[77.3139,12.3082],[77.3138,12.3058],[77.3133,12.2986],[77.3051,12.2954],[77.2989,12.2913],[77.2936,12.2897],[77.2896,12.2914],[77.2868,12.2927],[77.2838,12.295],[77.2781,12.297],[77.2705,12.2997],[77.2627,12.3042],[77.2545,12.3038],[77.2464,12.3018],[77.2405,12.2987],[77.2251,12.3009],[77.2164,12.2963],[77.2092,12.2963],[77.2058,12.2996],[77.184,12.2996],[77.157,12.3009],[77.1592,12.294],[77.1595,12.2848],[77.159,12.2815],[77.1567,12.2661],[77.1598,12.2582],[77.1608,12.2513],[77.1558,12.2481],[77.143,12.248],[77.137,12.2425],[77.1355,12.2408],[77.1294,12.2408],[77.1248,12.2408],[77.1126,12.2356],[77.104,12.2342],[77.1023,12.2334],[77.0997,12.2251],[77.098,12.2122],[77.0894,12.2107],[77.0795,12.2106],[77.075,12.2174],[77.0721,12.2155],[77.0709,12.2195],[77.0717,12.2269],[77.0663,12.2289],[77.061,12.2282],[77.0599,12.2264],[77.0561,12.2258],[77.0496,12.23],[77.0415,12.2297],[77.0391,12.2255],[77.0346,12.2268],[77.0265,12.2255],[77.0242,12.2295],[77.0162,12.2345],[76.9996,12.2367],[76.9911,12.2358],[76.984,12.2449],[76.9818,12.249],[76.9813,12.2532],[76.9822,12.2642],[76.9839,12.2733],[76.9832,12.2789],[76.9807,12.2794],[76.9787,12.2782],[76.9752,12.2784],[76.9712,12.2804],[76.9646,12.2818],[76.9659,12.2918],[76.9679,12.2982],[76.9703,12.2978],[76.9738,12.295],[76.9811,12.2928],[76.9847,12.2933],[76.9895,12.301],[76.989,12.3031],[76.984,12.3047],[76.9807,12.3066],[76.9773,12.3112],[76.978,12.3181],[76.9769,12.3208],[76.9724,12.3184],[76.9701,12.3187],[76.9694,12.3214],[76.9707,12.3266],[76.9709,12.3389],[76.9705,12.3416],[76.9689,12.3446],[76.9616,12.3441],[76.9562,12.3447],[76.9517,12.3467],[76.9469,12.3473],[76.9468,12.3361],[76.9492,12.3292],[76.9491,12.3251],[76.9475,12.3202],[76.94,12.3229],[76.9226,12.3162],[76.9166,12.3147],[76.9157,12.3169],[76.9178,12.3223],[76.9197,12.3305],[76.9187,12.3356],[76.9157,12.3428],[76.9237,12.3453],[76.9311,12.3463],[76.9311,12.3569],[76.9302,12.3607],[76.932,12.3681],[76.928,12.3805],[76.9286,12.3939],[76.9191,12.4054],[76.9188,12.4217],[76.9119,12.4339],[76.8998,12.4307],[76.8969,12.4275],[76.8964,12.4225],[76.8982,12.4147],[76.8941,12.413],[76.8888,12.4008],[76.877,12.3961],[76.8734,12.3931],[76.8571,12.39],[76.8547,12.3963],[76.8529,12.3985],[76.8479,12.4001],[76.8388,12.394],[76.8344,12.3936],[76.8281,12.3948],[76.8259,12.3926],[76.8288,12.3876],[76.8288,12.3801],[76.828,12.3766],[76.8235,12.3791],[76.813,12.3781],[76.8104,12.3787],[76.8073,12.361],[76.8039,12.3524],[76.7978,12.359],[76.7966,12.3521],[76.7978,12.3473],[76.7908,12.3463],[76.7873,12.3431],[76.7856,12.3404],[76.7808,12.3385],[76.777,12.3396],[76.7742,12.3429],[76.7713,12.3435],[76.7701,12.3431],[76.7685,12.3442],[76.7635,12.3427],[76.7607,12.3401],[76.7573,12.334],[76.7557,12.3276],[76.7562,12.3217],[76.7581,12.3125],[76.7578,12.3079],[76.756,12.3005],[76.7523,12.2955],[76.7502,12.2944],[76.7472,12.2951],[76.7449,12.2945],[76.7412,12.2985],[76.7358,12.31],[76.7253,12.312],[76.7264,12.3219],[76.7241,12.3334],[76.7166,12.3418],[76.713,12.3443],[76.7121,12.3477],[76.7012,12.3442],[76.6932,12.3429],[76.6869,12.3489],[76.6821,12.3565],[76.6767,12.3565],[76.674,12.3595],[76.6744,12.3652],[76.6776,12.3713],[76.6769,12.3787],[76.6789,12.3831],[76.6759,12.3819],[76.6614,12.3822],[76.658,12.3789],[76.6466,12.3874],[76.6437,12.3884],[76.6378,12.3851],[76.6351,12.3822],[76.6336,12.3749],[76.6317,12.3734],[76.6232,12.3702],[76.6179,12.3605],[76.6138,12.3594],[76.6095,12.36],[76.5928,12.358],[76.5894,12.3561],[76.5794,12.3455],[76.5735,12.3418],[76.5664,12.3417],[76.5617,12.342],[76.558,12.3449],[76.5556,12.3498],[76.555,12.3553],[76.5581,12.366],[76.559,12.3715],[76.5541,12.3768],[76.5525,12.3813],[76.5504,12.3841],[76.5506,12.3879],[76.5519,12.3905],[76.5575,12.3918],[76.5592,12.3965],[76.5613,12.4176],[76.5478,12.4247],[76.538,12.432],[76.534,12.4311],[76.5286,12.4311],[76.5226,12.4352],[76.5115,12.4405],[76.5062,12.4445],[76.4999,12.4438],[76.4941,12.4444],[76.4919,12.4547],[76.476,12.4645],[76.46,12.4685],[76.4516,12.4718],[76.4464,12.4766],[76.4449,12.4806],[76.444,12.491],[76.4467,12.4966],[76.4466,12.501],[76.4446,12.5019],[76.4388,12.5011],[76.435,12.5051],[76.4328,12.5108],[76.4278,12.5201],[76.4181,12.5291],[76.4211,12.5334],[76.4205,12.5375],[76.4127,12.5399],[76.4074,12.5492],[76.3908,12.5448],[76.386,12.5461],[76.3855,12.5536],[76.3887,12.5596],[76.3905,12.5652],[76.3751,12.5682],[76.371,12.5774],[76.3689,12.5885],[76.367,12.5939],[76.3667,12.5992],[76.3601,12.6036],[76.3597,12.6077],[76.3607,12.6134],[76.3606,12.6221],[76.3566,12.627],[76.3494,12.6313],[76.3486,12.636],[76.3494,12.6444],[76.3453,12.6454],[76.3394,12.6496],[76.3422,12.6589],[76.3487,12.6655],[76.3498,12.6676],[76.3508,12.6705],[76.3511,12.6762],[76.357,12.6829],[76.3596,12.6964],[76.3598,12.7005],[76.3593,12.7038],[76.3575,12.705],[76.3522,12.7057],[76.3472,12.7091],[76.3426,12.7134],[76.3391,12.7257],[76.3394,12.728],[76.3416,12.7293],[76.3434,12.7323],[76.3418,12.7366],[76.3489,12.7381],[76.3514,12.7378],[76.3534,12.7422],[76.3522,12.746],[76.3432,12.7516],[76.3401,12.7593],[76.3417,12.7618],[76.3471,12.7648],[76.3461,12.77],[76.3464,12.7795],[76.3449,12.7803],[76.3355,12.7794],[76.3322,12.7816],[76.3292,12.7862],[76.3272,12.7915],[76.3262,12.8004],[76.3282,12.8043],[76.3333,12.8064],[76.3467,12.8031],[76.3524,12.8025],[76.3678,12.8034],[76.3667,12.8113],[76.3652,12.8141],[76.3655,12.82],[76.3677,12.8225],[76.3726,12.8215],[76.381,12.8264],[76.3846,12.8322],[76.3848,12.8392],[76.3902,12.8398],[76.3942,12.8413],[76.4061,12.8394],[76.4072,12.8432],[76.4043,12.86],[76.4069,12.8597],[76.4115,12.8569],[76.4142,12.853],[76.4209,12.8502],[76.4239,12.8452],[76.4237,12.8413],[76.4185,12.8382],[76.4222,12.8188],[76.4339,12.8176],[76.4402,12.8159],[76.4469,12.8048],[76.4528,12.8023],[76.454,12.7965],[76.46,12.7975],[76.4646,12.7956],[76.464,12.7884],[76.4557,12.7833],[76.4517,12.7786],[76.4523,12.7736],[76.4569,12.7709],[76.4719,12.7657],[76.4737,12.7707],[76.4761,12.7746],[76.481,12.7778],[76.4852,12.7785],[76.4876,12.7758],[76.493,12.7625],[76.4956,12.7653],[76.4949,12.7704],[76.4931,12.775],[76.4883,12.7808],[76.4906,12.7936],[76.4933,12.7981],[76.4883,12.7993],[76.4871,12.8014],[76.4903,12.8039],[76.4933,12.8078],[76.4964,12.8147],[76.4993,12.8166],[76.5069,12.8165],[76.5107,12.8181],[76.5127,12.8213],[76.5145,12.8304],[76.5166,12.8347],[76.5194,12.8356],[76.5271,12.8364],[76.5331,12.8359],[76.5566,12.8391],[76.5664,12.8391],[76.5707,12.8412],[76.5726,12.8496],[76.5717,12.8566],[76.5734,12.8626],[76.5765,12.8657],[76.5903,12.8736],[76.5902,12.8763],[76.5857,12.8841],[76.591,12.8932],[76.5952,12.8956],[76.5907,12.9107],[76.5905,12.9136],[76.5926,12.9164],[76.5968,12.9174],[76.5993,12.9302],[76.6097,12.9313],[76.6125,12.9365],[76.6136,12.941],[76.6135,12.9444],[76.6067,12.9534],[76.6062,12.957],[76.6069,12.9588],[76.6143,12.9594],[76.6208,12.9623],[76.6228,12.9656],[76.6262,12.9652],[76.6266,12.9704],[76.629,12.9779],[76.626,12.9937],[76.6258,12.999],[76.6289,12.9979],[76.6346,13.0007],[76.6406,12.9983],[76.6467,12.9998],[76.6499,13.0045],[76.6619,13.0341],[76.6678,13.0472],[76.6784,13.0361]]]}},{"type":"Feature","properties":{"district":"Mysore"},"geometry":{"type":"Polygon","coordinates":[[[76.3601,12.6036],[76.3667,12.5992],[76.367,12.5939],[76.3689,12.5885],[76.371,12.5774],[76.3751,12.5682],[76.3905,12.5652],[76.3887,12.5596],[76.3855,12.5536],[76.386,12.5461],[76.3908,12.5448],[76.4074,12.5492],[76.4127,12.5399],[76.4205,12.5375],[76.4211,12.5334],[76.4181,12.5291],[76.4278,12.5201],[76.4328,12.5108],[76.435,12.5051],[76.4388,12.5011],[76.4446,12.5019],[76.4466,12.501],[76.4467,12.4966],[76.444,12.491],[76.4449,12.4806],[76.4464,12.4766],[76.4516,12.4718],[76.46,12.4685],[76.476,12.4645],[76.4919,12.4547],[76.4941,12.4444],[76.4999,12.4438],[76.5062,12.4445],[76.5115,12.4405],[76.5226,12.4352],[76.5286,12.4311],[76.534,12.4311],[76.538,12.432],[76.5478,12.4247],[76.5613,12.4176],[76.5592,12.3965],[76.5575,12.3918],[76.5519,12.3905],[76.5506,12.3879],[76.5504,12.3841],[76.5525,12.3813],[76.5541,12.3768],[76.559,12.3715],[76.5581,12.366],[76.555,12.3553],[76.5556,12.3498],[76.558,12.3449],[76.5617,12.342],[76.5664,12.3417],[76.5735,12.3418],[76.5794,12.3455],[76.5894,12.3561],[76.5928,12.358],[76.6095,12.36],[76.6138,12.3594],[76.6179,12.3605],[76.6232,12.3702],[76.6317,12.3734],[76.6336,12.3749],[76.6351,12.3822],[76.6378,12.3851],[76.6437,12.3884],[76.6466,12.3874],[76.658,12.3789],[76.6614,12.3822],[76.6759,12.3819],[76.6789,12.3831],[76.6769,12.3787],[76.6776,12.3713],[76.6744,12.3652],[76.674,12.3595],[76.6767,12.3565],[76.6821,12.3565],[76.6869,12.3489],[76.6932,12.3429],[76.7012,12.3442],[76.7121,12.3477],[76.713,12.3443],[76.7166,12.3418],[76.7241,12.3334],[76.7264,12.3219],[76.7253,12.312],[76.7358,12.31],[76.7412,12.2985],[76.7449,12.2945],[76.7472,12.2951],[76.7502,12.2944],[76.7523,12.2955],[76.756,12.3005],[76.7578,12.3079],[76.7581,12.3125],[76.7562,12.3217],[76.7557,12.3276],[76.7573,12.334],[76.7607,12.3401],[76.7635,12.3427],[76.7685,12.3442],[76.7701,12.3431],[76.7713,12.3435],[76.7742,12.3429],[76.777,12.3396],[76.7808,12.3385],[76.7856,12.3404],[76.7873,12.3431],[76.7908,12.3463],[76.7978,12.3473],[76.7966,12.3521],[76.7978,12.359],[76.8039,12.3524],[76.8073,12.361],[76.8104,12.3787],[76.813,12.3781],[76.8235,12.3791],[76.828,12.3766],[76.8288,12.3801],[76.8288,12.3876],[76.8259,12.3926],[76.8281,12.3948],[76.8344,12.3936],[76.8388,12.394],[76.8479,12.4001],[76.8529,12.3985],[76.8547,12.3963],[76.8571,12.39],[76.8734,12.3931],[76.877,12.3961],[76.8888,12.4008],[76.8941,12.413],[76.8982,12.4147],[76.8964,12.4225],[76.8969,12.4275],[76.8998,12.4307],[76.9119,12.4339],[76.9188,12.4217],[76.9191,12.4054],[76.9286,12.3939],[76.928,12.3805],[76.932,12.3681],[76.9302,12.3607],[76.9311,12.3569],[76.9311,12.3463],[76.9237,12.3453],[76.9157,12.3428],[76.9187,12.3356],[76.9197,12.3305],[76.9178,12.3223],[76.9157,12.3169],[76.9166,12.3147],[76.9226,12.3162],[76.94,12.3229],[76.9475,12.3202],[76.9491,12.3251],[76.9492,12.3292],[76.9468,12.3361],[76.9469,12.3473],[76.9517,12.3467],[76.9562,12.3447],[76.9616,12.3441],[76.9689,12.3446],[76.9705,12.3416],[76.9709,12.3389],[76.9707,12.3266],[76.9694,12.3214],[76.9701,12.3187],[76.9724,12.3184],[76.9769,12.3208],[76.978,12.3181],[76.9773,12.3112],[76.9807,12.3066],[76.984,12.3047],[76.989,12.3031],[76.9895,12.301],[76.9847,12.2933],[76.9811,12.2928],[76.9738,12.295],[76.9703,12.2978],[76.9679,12.2982],[76.9659,12.2918],[76.9646,12.2818],[76.9712,12.2804],[76.9752,12.2784],[76.9787,12.2782],[76.9807,12.2794],[76.9832,12.2789],[76.9839,12.2733],[76.9822,12.2642],[76.9813,12.2532],[76.9818,12.249],[76.984,12.2449],[76.9911,12.2358],[76.9996,12.2367],[77.0162,12.2345],[77.0242,12.2295],[77.0265,12.2255],[77.0346,12.2268],[77.0391,12.2255],[77.0415,12.2297],[77.0496,12.23],[77.0561,12.2258],[77.0599,12.2264],[77.061,12.2282],[77.0663,12.2289],[77.0717,12.2269],[77.0709,12.2195],[77.0721,12.2155],[77.075,12.2174],[77.0795,12.2106],[77.0894,12.2107],[77.098,12.2122],[77.0997,12.2251],[77.1023,12.2334],[77.104,12.2342],[77.1165,12.2311],[77.1171,12.2271],[77.1258,12.2192],[77.1227,12.2065],[77.1246,12.2005],[77.1227,12.1967],[77.1213,12.1962],[77.1193,12.1956],[77.1067,12.1848],[77.0997,12.1814],[77.0901,12.1817],[77.081,12.1819],[77.0733,12.1804],[77.0671,12.1762],[77.0573,12.165],[77.0502,12.1629],[77.0373,12.1608],[77.0355,12.1469],[77.0313,12.1397],[77.0329,12.1356],[77.0357,12.1354],[77.0372,12.1314],[77.0357,12.1242],[77.0334,12.1209],[77.0304,12.1224],[77.0285,12.1292],[77.0269,12.1324],[77.0213,12.1306],[77.011,12.1272],[77.0057,12.1315],[77.006,12.1332],[77.0063,12.1352],[77.0036,12.1368],[77.0079,12.1408],[77.0033,12.1436],[77.0053,12.1561],[76.9982,12.1521],[76.9961,12.1524],[76.9955,12.1582],[76.991,12.1584],[76.9894,12.167],[76.9892,12.1683],[76.9871,12.1686],[76.9851,12.1677],[76.9836,12.1651],[76.982,12.1621],[76.9817,12.1577],[76.981,12.1555],[76.9806,12.1539],[76.9809,12.1401],[76.9803,12.136],[76.978,12.1325],[76.9683,12.1257],[76.968,12.1177],[76.9666,12.1132],[76.9649,12.1127],[76.96,12.1144],[76.9603,12.1109],[76.964,12.1075],[76.9596,12.1031],[76.9462,12.0934],[76.9384,12.0902],[76.9353,12.0901],[76.9324,12.0911],[76.9248,12.096],[76.915,12.1059],[76.908,12.1051],[76.9026,12.1053],[76.8974,12.1054],[76.8959,12.1138],[76.8922,12.1142],[76.8848,12.1122],[76.8814,12.1196],[76.8795,12.1196],[76.8735,12.1225],[76.8695,12.1259],[76.8643,12.1329],[76.8617,12.1406],[76.8621,12.1562],[76.8612,12.1612],[76.8545,12.1724],[76.8492,12.1771],[76.8477,12.1742],[76.8445,12.1704],[76.8457,12.1611],[76.8395,12.1583],[76.8455,12.1516],[76.8348,12.1484],[76.8348,12.1432],[76.8326,12.1364],[76.8264,12.1292],[76.825,12.1263],[76.8246,12.1231],[76.8253,12.1207],[76.8369,12.1124],[76.8387,12.1069],[76.84,12.1102],[76.8566,12.1105],[76.8664,12.108],[76.868,12.1056],[76.8697,12.1003],[76.8749,12.0763],[76.8719,12.0718],[76.867,12.0676],[76.8635,12.0614],[76.8634,12.057],[76.8521,12.0555],[76.8488,12.0525],[76.8606,12.0518],[76.8631,12.0486],[76.8838,12.0507],[76.884,12.0398],[76.8889,12.0408],[76.8923,12.0372],[76.8989,12.0347],[76.9028,12.0319],[76.9027,12.0284],[76.9072,12.0251],[76.9075,12.0209],[76.9101,12.0189],[76.9154,12.018],[76.9306,12.0188],[76.9298,12.0075],[76.9259,12.0046],[76.9172,12.0037],[76.9032,11.9942],[76.901,11.9924],[76.8961,11.9879],[76.8902,11.9873],[76.8803,11.9891],[76.8781,11.9925],[76.8759,12.0049],[76.8762,12.0067],[76.8656,11.9979],[76.8565,11.9993],[76.8572,11.9953],[76.8552,11.9926],[76.8521,11.9888],[76.8472,11.9882],[76.8357,11.989],[76.832,11.9902],[76.8301,11.9927],[76.8275,11.9956],[76.826,11.9987],[76.8155,12.0028],[76.8139,12.0066],[76.8145,12.0105],[76.8141,12.0168],[76.8129,12.0195],[76.8101,12.0209],[76.8053,12.0216],[76.8037,12.017],[76.8001,12.0135],[76.7978,12.0101],[76.7943,12.009],[76.7904,12.0066],[76.7844,12.0015],[76.7905,11.9948],[76.7908,11.9928],[76.7913,11.9799],[76.7872,11.9775],[76.7812,11.9755],[76.7736,11.9741],[76.7641,11.9808],[76.7618,11.985],[76.7588,11.9885],[76.7449,11.9899],[76.7399,11.993],[76.7383,11.9936],[76.7371,11.9949],[76.7366,12.0033],[76.7328,12.0029],[76.7295,11.9931],[76.729,11.9922],[76.7261,11.9891],[76.7218,11.9823],[76.7174,11.9803],[76.7125,11.9802],[76.7084,11.9744],[76.6987,11.9746],[76.6972,11.9802],[76.6936,11.9814],[76.6943,11.9872],[76.6914,11.9896],[76.6896,11.9876],[76.6863,11.9896],[76.6753,11.9897],[76.6714,11.9933],[76.6688,11.9942],[76.6667,11.9972],[76.6637,11.9996],[76.6609,12.0004],[76.6542,11.9998],[76.6498,12.0015],[76.6454,11.9976],[76.6435,11.9933],[76.6386,11.9794],[76.6359,11.975],[76.6308,11.9735],[76.6138,11.9801],[76.6046,11.982],[76.5992,11.9819],[76.5908,11.9761],[76.5848,11.9766],[76.5801,11.9753],[76.5758,11.9751],[76.5705,11.9774],[76.5708,11.9692],[76.5657,11.9563],[76.5622,11.9505],[76.5576,11.9456],[76.5524,11.9383],[76.5643,11.9281],[76.5633,11.9224],[76.5642,11.9177],[76.5686,11.9139],[76.567,11.9068],[76.5631,11.8983],[76.5521,11.8888],[76.5499,11.8826],[76.5474,11.8487],[76.5382,11.8551],[76.5325,11.8601],[76.5262,11.8636],[76.5197,11.8603],[76.5062,11.8569],[76.4965,11.8528],[76.4906,11.8513],[76.4833,11.8514],[76.4815,11.8316],[76.4844,11.8137],[76.48,11.8121],[76.4623,11.8098],[76.4542,11.7833],[76.4466,11.7878],[76.4161,11.7984],[76.405,11.8041],[76.4033,11.8028],[76.4032,11.8003],[76.417,11.7933],[76.4209,11.7886],[76.4213,11.7848],[76.4164,11.7867],[76.4152,11.7825],[76.4133,11.7802],[76.4075,11.7804],[76.4097,11.7772],[76.4083,11.7703],[76.4102,11.7687],[76.4157,11.7675],[76.4133,11.7604],[76.4077,11.7533],[76.4044,11.7499],[76.3907,11.7429],[76.3838,11.745],[76.3723,11.7362],[76.356,11.7399],[76.3511,11.7344],[76.3463,11.7305],[76.3409,11.7311],[76.335,11.7306],[76.3243,11.7387],[76.3176,11.7404],[76.3105,11.7439],[76.3031,11.7696],[76.3,11.7762],[76.2947,11.7781],[76.2837,11.7849],[76.2751,11.8008],[76.272,11.8035],[76.2654,11.8004],[76.2531,11.7998],[76.2444,11.7953],[76.2321,11.7965],[76.2185,11.8],[76.2143,11.8042],[76.212,11.8143],[76.2055,11.8196],[76.2072,11.8318],[76.2051,11.8387],[76.2034,11.8491],[76.2009,11.8541],[76.1961,11.8555],[76.184,11.8638],[76.1737,11.8624],[76.1626,11.86],[76.1494,11.861],[76.139,11.8571],[76.1256,11.8448],[76.1204,11.8443],[76.1165,11.843],[76.1081,11.8512],[76.1093,11.8586],[76.1087,11.8706],[76.1074,11.8763],[76.1087,11.9281],[76.1079,11.9706],[76.1121,11.9739],[76.1173,11.975],[76.1228,11.9776],[76.127,11.9819],[76.1362,11.9939],[76.1438,11.9998],[76.146,12.0082],[76.1498,12.0126],[76.1564,12.0165],[76.1599,12.0177],[76.1656,12.0196],[76.1726,12.0203],[76.1779,12.0241],[76.1801,12.028],[76.1812,12.032],[76.1831,12.0458],[76.1805,12.0517],[76.1738,12.0622],[76.1722,12.0667],[76.1708,12.0734],[76.17,12.0832],[76.1716,12.0944],[76.1694,12.0954],[76.1674,12.0989],[76.165,12.1119],[76.163,12.1155],[76.1588,12.12],[76.1512,12.1321],[76.1452,12.1392],[76.1387,12.1502],[76.1342,12.1643],[76.1311,12.1708],[76.1304,12.179],[76.129,12.183],[76.1277,12.1863],[76.1261,12.1874],[76.1212,12.1841],[76.1171,12.1832],[76.1125,12.184],[76.101,12.1883],[76.0961,12.1923],[76.0881,12.2051],[76.0769,12.2185],[76.0683,12.2327],[76.0647,12.2371],[76.0569,12.2437],[76.0465,12.2408],[76.043,12.2418],[76.0355,12.2464],[76.0334,12.2465],[76.0323,12.2456],[76.0241,12.2454],[76.0218,12.244],[76.0179,12.2457],[76.0124,12.2536],[76.0108,12.2588],[76.0121,12.2711],[76.012,12.2762],[76.0106,12.2831],[76.0012,12.2949],[75.995,12.2996],[75.9921,12.3099],[75.9934,12.3163],[75.995,12.3191],[75.9916,12.3222],[75.9867,12.3254],[75.9783,12.3322],[75.9711,12.3337],[75.9677,12.3361],[75.957,12.3392],[75.953,12.3441],[75.9393,12.3573],[75.9345,12.3636],[75.9299,12.3718],[75.9158,12.3801],[75.9114,12.3789],[75.9111,12.3829],[75.9081,12.3874],[75.9068,12.3931],[75.9069,12.396],[75.9145,12.4055],[75.9189,12.4126],[75.9212,12.4234],[75.9262,12.4315],[75.93,12.4334],[75.9331,12.4334],[75.9349,12.4361],[75.943,12.4402],[75.952,12.4435],[75.9564,12.4437],[75.9629,12.4422],[75.9666,12.4405],[75.969,12.4405],[75.9704,12.442],[75.9687,12.4462],[75.9667,12.4559],[75.9666,12.4578],[75.9687,12.4628],[75.9628,12.4664],[75.965,12.4747],[75.9575,12.4804],[75.9572,12.482],[75.9607,12.4871],[75.9595,12.4971],[75.9623,12.5019],[75.9644,12.503],[75.9702,12.5036],[75.9723,12.5117],[75.9793,12.5145],[75.9867,12.5136],[75.9895,12.5144],[75.9932,12.5178],[75.9916,12.5225],[75.9851,12.5299],[75.984,12.5353],[75.9862,12.538],[75.9911,12.5358],[75.9943,12.5355],[75.9955,12.5365],[75.9964,12.537],[75.9975,12.5377],[75.998,12.5405],[75.9971,12.5424],[75.9955,12.5437],[75.989,12.5487],[75.9893,12.551],[75.9918,12.5527],[75.9955,12.5531],[75.9997,12.5517],[76.0067,12.5478],[76.0102,12.5473],[76.01,12.5521],[76.0162,12.5606],[76.0199,12.5642],[76.021,12.5678],[76.0304,12.5681],[76.0344,12.5662],[76.0403,12.5688],[76.0428,12.5687],[76.0437,12.5667],[76.0463,12.5502],[76.0477,12.5471],[76.0517,12.546],[76.0639,12.5484],[76.0672,12.5474],[76.069,12.5418],[76.0733,12.5379],[76.0761,12.5364],[76.0818,12.5359],[76.0869,12.5376],[76.0877,12.5369],[76.0869,12.535],[76.0842,12.5326],[76.0835,12.531],[76.0843,12.5297],[76.0958,12.5285],[76.0973,12.5262],[76.0959,12.5227],[76.0974,12.5202],[76.0997,12.5189],[76.1013,12.5166],[76.1021,12.5124],[76.104,12.5087],[76.1074,12.507],[76.1113,12.506],[76.1153,12.5086],[76.1158,12.5152],[76.1144,12.5205],[76.1271,12.5198],[76.132,12.521],[76.1331,12.5222],[76.1325,12.5282],[76.1359,12.5298],[76.1402,12.5298],[76.1393,12.5313],[76.1389,12.5343],[76.1414,12.536],[76.1483,12.5385],[76.1492,12.5406],[76.1493,12.5499],[76.1519,12.5525],[76.1528,12.5564],[76.1497,12.5581],[76.1475,12.5609],[76.1476,12.5638],[76.1548,12.5696],[76.1633,12.5726],[76.1696,12.5703],[76.1775,12.5688],[76.1881,12.5678],[76.1914,12.5694],[76.193,12.5724],[76.1896,12.5833],[76.1933,12.5941],[76.1956,12.5966],[76.2027,12.6082],[76.2073,12.6096],[76.2097,12.6087],[76.2123,12.6108],[76.2134,12.6129],[76.2126,12.6178],[76.2095,12.6204],[76.2059,12.6216],[76.2044,12.6229],[76.2071,12.6281],[76.2169,12.6361],[76.2234,12.6369],[76.237,12.6323],[76.2433,12.6279],[76.2439,12.6265],[76.2444,12.6193],[76.2471,12.6178],[76.2603,12.6135],[76.264,12.6125],[76.2628,12.6199],[76.2648,12.6228],[76.2671,12.624],[76.2725,12.6244],[76.2775,12.6237],[76.2778,12.6221],[76.2769,12.618],[76.2779,12.6116],[76.2842,12.6107],[76.2891,12.611],[76.2899,12.6132],[76.2892,12.6168],[76.2906,12.6223],[76.2953,12.6249],[76.2986,12.6211],[76.2985,12.6157],[76.3009,12.6163],[76.3018,12.6187],[76.3044,12.6184],[76.3056,12.6168],[76.3061,12.6145],[76.3043,12.6053],[76.3053,12.6036],[76.3076,12.6029],[76.3143,12.6042],[76.3172,12.6033],[76.3232,12.6045],[76.3256,12.606],[76.3262,12.6084],[76.3251,12.618],[76.3183,12.6267],[76.3351,12.6395],[76.3371,12.6479],[76.3394,12.6496],[76.3453,12.6454],[76.3494,12.6444],[76.3486,12.636],[76.3494,12.6313],[76.3566,12.627],[76.3606,12.6221],[76.3607,12.6134],[76.3597,12.6077],[76.3601,12.6036]]]}},{"type":"Feature","properties":{"district":"Raichur"},"geometry":{"type":"Polygon","coordinates":[[[77.0111,16.4975],[77.0176,16.4959],[77.0234,16.4981],[77.0355,16.5092],[77.0427,16.513],[77.0498,16.5142],[77.0555,16.514],[77.0623,16.5098],[77.0693,16.5028],[77.0755,16.498],[77.0833,16.4946],[77.0881,16.4902],[77.0931,16.4875],[77.0996,16.4854],[77.1115,16.4785],[77.1241,16.4753],[77.1418,16.4745],[77.1483,16.4719],[77.1546,16.4667],[77.1607,16.4576],[77.1621,16.4535],[77.1628,16.4468],[77.1608,16.4394],[77.1617,16.4369],[77.1675,16.4312],[77.1794,16.4258],[77.1979,16.421],[77.2199,16.4165],[77.2399,16.4127],[77.2496,16.4079],[77.2556,16.4023],[77.2639,16.3981],[77.2738,16.3999],[77.2847,16.403],[77.2946,16.3996],[77.307,16.394],[77.3327,16.3883],[77.3429,16.3797],[77.3525,16.3766],[77.3732,16.3799],[77.3881,16.3718],[77.4011,16.366],[77.4117,16.3627],[77.4222,16.3628],[77.4278,16.3651],[77.4352,16.3727],[77.4381,16.3744],[77.449,16.3758],[77.4613,16.3754],[77.4814,16.3778],[77.4945,16.3758],[77.5101,16.3702],[77.5189,16.3701],[77.5286,16.3584],[77.5352,16.3529],[77.5443,16.3498],[77.5495,16.3447],[77.5545,16.3416],[77.5718,16.336],[77.5864,16.3379],[77.5916,16.3375],[77.5844,16.328],[77.5866,16.3204],[77.5908,16.312],[77.591,16.3046],[77.5884,16.2957],[77.5923,16.2901],[77.5903,16.2869],[77.5807,16.2861],[77.5743,16.2889],[77.5693,16.2948],[77.565,16.2977],[77.5495,16.2907],[77.5432,16.2871],[77.5398,16.2826],[77.5338,16.2626],[77.5258,16.267],[77.5244,16.2698],[77.5193,16.2709],[77.5131,16.2707],[77.5012,16.2678],[77.5002,16.2607],[77.499,16.2579],[77.4876,16.2498],[77.4889,16.2418],[77.4888,16.2243],[77.4936,16.223],[77.5022,16.2248],[77.5108,16.2233],[77.5112,16.2172],[77.5088,16.2149],[77.5023,16.2157],[77.4953,16.213],[77.4937,16.2062],[77.4949,16.1954],[77.4949,16.1871],[77.4884,16.1787],[77.4836,16.1586],[77.4868,16.1531],[77.4881,16.1474],[77.4886,16.1265],[77.4867,16.1158],[77.4902,16.1162],[77.4954,16.1147],[77.5027,16.1095],[77.5094,16.1035],[77.5035,16.1015],[77.4979,16.0972],[77.4929,16.0838],[77.493,16.0796],[77.5029,16.0732],[77.4995,16.0543],[77.4962,16.0548],[77.4945,16.0498],[77.4957,16.0477],[77.4907,16.0306],[77.4921,16.0256],[77.4988,16.0172],[77.4986,16.0139],[77.5003,16.0114],[77.5017,16.0055],[77.5101,16.0023],[77.5084,15.9958],[77.5055,15.9788],[77.5055,15.9727],[77.509,15.9674],[77.5149,15.9632],[77.5159,15.9575],[77.5146,15.9434],[77.5095,15.9209],[77.4973,15.9263],[77.4833,15.9281],[77.467,15.9276],[77.4525,15.9315],[77.4365,15.939],[77.4264,15.9423],[77.4219,15.9413],[77.4164,15.938],[77.4076,15.9357],[77.4,15.9355],[77.3927,15.9368],[77.3856,15.9345],[77.3762,15.9333],[77.3681,15.936],[77.3599,15.9416],[77.3536,15.9437],[77.3352,15.9433],[77.3148,15.9452],[77.3002,15.9505],[77.2918,15.95],[77.2824,15.9474],[77.2632,15.9514],[77.2581,15.954],[77.2489,15.9577],[77.2441,15.9568],[77.2361,15.9527],[77.2271,15.9516],[77.2187,15.9516],[77.203,15.9499],[77.1878,15.9507],[77.1806,15.9501],[77.1707,15.9455],[77.1571,15.9445],[77.1434,15.9406],[77.1368,15.9362],[77.1299,15.9304],[77.1207,15.9288],[77.1046,15.9245],[77.0901,15.9179],[77.0768,15.9097],[77.066,15.8993],[77.0582,15.8872],[77.0525,15.8763],[77.041,15.864],[77.0332,15.8531],[77.029,15.8449],[77.0223,15.8318],[77.0244,15.8295],[77.0127,15.8197],[77.0061,15.8136],[76.9962,15.8048],[76.9889,15.7951],[76.981,15.7884],[76.9679,15.7741],[76.9593,15.7658],[76.9549,15.7625],[76.944,15.7569],[76.9351,15.7469],[76.9241,15.7304],[76.9174,15.7136],[76.9165,15.7027],[76.915,15.6953],[76.9122,15.6902],[76.9084,15.686],[76.9034,15.6836],[76.8926,15.6803],[76.8896,15.6784],[76.8813,15.6678],[76.8701,15.6602],[76.8653,15.6546],[76.8627,15.651],[76.8567,15.6388],[76.8359,15.6252],[76.8336,15.6211],[76.8307,15.6113],[76.8309,15.6068],[76.8343,15.5978],[76.8314,15.5904],[76.8334,15.5642],[76.8323,15.5567],[76.8106,15.5422],[76.7965,15.5459],[76.788,15.5493],[76.778,15.551],[76.772,15.5528],[76.7614,15.5597],[76.757,15.5609],[76.7541,15.5645],[76.7523,15.579],[76.75,15.5841],[76.7448,15.5861],[76.7235,15.5861],[76.7131,15.5887],[76.6989,15.589],[76.6986,15.5853],[76.6875,15.5902],[76.6897,15.5952],[76.6834,15.6016],[76.6783,15.6025],[76.6777,15.622],[76.6823,15.6218],[76.6918,15.6184],[76.6896,15.6412],[76.6847,15.6409],[76.6673,15.634],[76.6693,15.6527],[76.651,15.6562],[76.6514,15.6609],[76.6239,15.6661],[76.6152,15.6648],[76.5973,15.6688],[76.5958,15.6952],[76.5853,15.6927],[76.5591,15.7013],[76.5578,15.6975],[76.5529,15.6974],[76.5424,15.6943],[76.5428,15.6988],[76.5394,15.6956],[76.5385,15.6992],[76.5351,15.699],[76.5327,15.6949],[76.5295,15.6954],[76.523,15.7039],[76.5188,15.7062],[76.5161,15.707],[76.5127,15.7042],[76.5099,15.7116],[76.4968,15.7069],[76.49,15.7013],[76.4885,15.7032],[76.4901,15.7067],[76.4812,15.71],[76.4672,15.7196],[76.4488,15.7278],[76.4419,15.7322],[76.4454,15.7367],[76.445,15.7408],[76.4428,15.7424],[76.4383,15.7441],[76.4389,15.7497],[76.4376,15.762],[76.4382,15.7801],[76.4344,15.7819],[76.4245,15.7813],[76.4214,15.7818],[76.4214,15.7852],[76.4171,15.786],[76.4116,15.7932],[76.411,15.7983],[76.415,15.8009],[76.4214,15.8016],[76.4237,15.805],[76.4251,15.8098],[76.4367,15.8186],[76.4417,15.82],[76.4425,15.8209],[76.4457,15.8277],[76.4493,15.8324],[76.4491,15.8354],[76.4504,15.8383],[76.4509,15.8417],[76.4492,15.8473],[76.436,15.8514],[76.4197,15.8613],[76.4177,15.8645],[76.4209,15.8674],[76.4257,15.8841],[76.4145,15.8905],[76.4028,15.8942],[76.4019,15.8964],[76.3932,15.8979],[76.3791,15.8974],[76.3744,15.8979],[76.3734,15.9108],[76.3556,15.9024],[76.3538,15.9],[76.3538,15.8985],[76.3557,15.8973],[76.3589,15.8972],[76.3575,15.8931],[76.3568,15.888],[76.3577,15.8746],[76.3556,15.869],[76.3553,15.8622],[76.3515,15.8616],[76.3485,15.859],[76.3375,15.8682],[76.3416,15.8752],[76.3443,15.8834],[76.3454,15.8883],[76.3443,15.8938],[76.3349,15.8976],[76.325,15.8983],[76.3166,15.8976],[76.3105,15.8903],[76.3076,15.8885],[76.2982,15.8901],[76.289,15.8879],[76.2842,15.8979],[76.2832,15.9078],[76.2843,15.9222],[76.3003,15.9242],[76.3011,15.9186],[76.3094,15.9184],[76.3113,15.9231],[76.3266,15.9274],[76.3206,15.9493],[76.3104,15.9509],[76.3008,15.9656],[76.2993,15.9752],[76.2959,15.9885],[76.296,15.9935],[76.3053,15.9942],[76.3075,15.9934],[76.311,15.994],[76.3118,15.9972],[76.312,16.0066],[76.3111,16.0114],[76.3051,16.0211],[76.3036,16.0427],[76.3064,16.0614],[76.3044,16.0636],[76.3016,16.0693],[76.2821,16.0705],[76.2597,16.07],[76.2579,16.0788],[76.26,16.0857],[76.2929,16.0841],[76.2986,16.0804],[76.304,16.0791],[76.3105,16.0788],[76.3282,16.073],[76.3332,16.087],[76.2901,16.1012],[76.2697,16.1046],[76.2666,16.0988],[76.262,16.0946],[76.2541,16.0946],[76.2537,16.1068],[76.2449,16.108],[76.2463,16.1231],[76.2343,16.127],[76.2399,16.1622],[76.2486,16.1594],[76.2569,16.1555],[76.2637,16.1511],[76.2717,16.148],[76.2803,16.1466],[76.2841,16.1488],[76.2872,16.1523],[76.2901,16.1589],[76.2927,16.1733],[76.2971,16.1791],[76.3032,16.1816],[76.3068,16.1816],[76.3111,16.1842],[76.3208,16.1855],[76.3279,16.1879],[76.3346,16.1885],[76.3452,16.1931],[76.364,16.2062],[76.3685,16.2127],[76.3957,16.2272],[76.3985,16.2326],[76.4034,16.2339],[76.4054,16.232],[76.4175,16.2443],[76.4167,16.2469],[76.434,16.2578],[76.477,16.2869],[76.4846,16.2903],[76.4935,16.2927],[76.5132,16.2961],[76.522,16.3011],[76.5446,16.3117],[76.5569,16.3201],[76.5784,16.3371],[76.5856,16.3372],[76.594,16.3359],[76.603,16.3361],[76.613,16.3395],[76.6347,16.3516],[76.6461,16.3554],[76.6686,16.3708],[76.6858,16.3782],[76.7042,16.3886],[76.7447,16.4087],[76.757,16.423],[76.7597,16.4239],[76.7829,16.4129],[76.8205,16.4203],[76.8363,16.4251],[76.8453,16.43],[76.8546,16.4411],[76.8604,16.4516],[76.8654,16.4648],[76.8627,16.4779],[76.8668,16.483],[76.8797,16.4896],[76.9095,16.4823],[76.916,16.4861],[76.9398,16.4954],[76.9671,16.5016],[76.9704,16.505],[76.9736,16.5101],[76.9744,16.5144],[76.9739,16.5179],[76.9685,16.5301],[76.9678,16.5369],[76.9694,16.5496],[76.9731,16.5548],[76.9798,16.5574],[76.9881,16.5573],[76.9969,16.5552],[77.0031,16.5486],[77.0079,16.5419],[77.008,16.5378],[77.0049,16.5229],[77.0035,16.5123],[77.0056,16.5043],[77.0111,16.4975]]]}},{"type":"Feature","properties":{"district":"Shimoga"},"geometry":{"type":"Polygon","coordinates":[[[75.1255,14.6268],[75.1321,14.6251],[75.1411,14.628],[75.1451,14.6281],[75.1465,14.616],[75.1483,14.6142],[75.1523,14.6177],[75.1564,14.6187],[75.1604,14.617],[75.1649,14.6137],[75.1672,14.6187],[75.1673,14.6235],[75.1689,14.6296],[75.1747,14.6299],[75.1836,14.6225],[75.1893,14.6194],[75.1955,14.6191],[75.202,14.6223],[75.2054,14.627],[75.2032,14.6309],[75.2032,14.6342],[75.208,14.632],[75.2135,14.6194],[75.2091,14.6111],[75.2072,14.5937],[75.1838,14.5946],[75.1865,14.5819],[75.1983,14.579],[75.1997,14.5721],[75.206,14.5707],[75.211,14.5704],[75.2252,14.5819],[75.2304,14.5799],[75.2324,14.5773],[75.232,14.5731],[75.229,14.5636],[75.23,14.559],[75.2321,14.5559],[75.2392,14.5532],[75.2437,14.5536],[75.2443,14.5592],[75.244,14.5647],[75.2473,14.5672],[75.2473,14.5728],[75.2493,14.576],[75.2595,14.5745],[75.2666,14.5756],[75.2704,14.5698],[75.2762,14.564],[75.2787,14.5601],[75.2861,14.5555],[75.2891,14.5524],[75.2935,14.5457],[75.2974,14.5381],[75.298,14.5348],[75.2957,14.5312],[75.2933,14.5279],[75.2882,14.527],[75.2828,14.5275],[75.2801,14.5289],[75.2755,14.5259],[75.2705,14.5218],[75.2711,14.5165],[75.2696,14.5127],[75.2713,14.5091],[75.2774,14.5062],[75.283,14.5081],[75.2879,14.5086],[75.2927,14.507],[75.2982,14.5076],[75.3109,14.5071],[75.3155,14.5081],[75.3215,14.5076],[75.3248,14.5052],[75.3294,14.4936],[75.3344,14.4876],[75.3438,14.4825],[75.3481,14.4792],[75.3435,14.4698],[75.3436,14.4598],[75.3477,14.4542],[75.3477,14.4509],[75.3458,14.4465],[75.3448,14.4306],[75.3592,14.4255],[75.3597,14.4314],[75.3638,14.4351],[75.3725,14.4324],[75.3776,14.4294],[75.382,14.4278],[75.3789,14.4063],[75.366,14.4073],[75.3602,14.4051],[75.3572,14.4018],[75.3497,14.3837],[75.3604,14.3784],[75.3713,14.3662],[75.377,14.366],[75.3921,14.3627],[75.3995,14.3588],[75.4064,14.3514],[75.4117,14.3474],[75.4168,14.3484],[75.4216,14.3475],[75.4285,14.345],[75.4314,14.3421],[75.4409,14.3359],[75.4544,14.3246],[75.4774,14.313],[75.4788,14.3198],[75.4789,14.3255],[75.4775,14.3323],[75.4769,14.341],[75.4803,14.3419],[75.4815,14.3364],[75.4883,14.3351],[75.49,14.3428],[75.4996,14.3394],[75.5006,14.3295],[75.5043,14.3097],[75.5027,14.3027],[75.5198,14.2969],[75.5206,14.2921],[75.5229,14.2872],[75.5315,14.2848],[75.5342,14.2814],[75.5361,14.2729],[75.5298,14.2728],[75.5292,14.2598],[75.5275,14.2495],[75.5284,14.2241],[75.5276,14.2182],[75.5284,14.2057],[75.5275,14.2002],[75.5263,14.198],[75.5199,14.1965],[75.5163,14.1991],[75.5124,14.2065],[75.5078,14.2124],[75.4788,14.2105],[75.4706,14.2046],[75.4622,14.2034],[75.4576,14.202],[75.4532,14.1997],[75.4692,14.1841],[75.4853,14.1699],[75.4608,14.1691],[75.4436,14.1576],[75.4395,14.153],[75.4306,14.1462],[75.4259,14.1438],[75.4216,14.1357],[75.4164,14.1344],[75.4014,14.1202],[75.4003,14.1132],[75.4004,14.1103],[75.4239,14.1028],[75.4353,14.1001],[75.4412,14.0976],[75.4464,14.0917],[75.4516,14.0907],[75.4617,14.0946],[75.4721,14.0969],[75.4811,14.0939],[75.4899,14.098],[75.4933,14.0982],[75.4956,14.0931],[75.5001,14.0938],[75.5082,14.0934],[75.5159,14.0921],[75.5367,14.0824],[75.5407,14.0747],[75.5453,14.0721],[75.5543,14.0719],[75.5707,14.0613],[75.5855,14.0529],[75.5942,14.0577],[75.5982,14.0563],[75.6014,14.0531],[75.6059,14.0523],[75.6116,14.0549],[75.6146,14.0627],[75.6172,14.0673],[75.6173,14.0715],[75.6265,14.0695],[75.6311,14.0692],[75.6351,14.0742],[75.6436,14.0744],[75.643,14.0707],[75.6578,14.0628],[75.6648,14.0612],[75.6698,14.0611],[75.7093,14.0685],[75.7218,14.07],[75.7305,14.0637],[75.733,14.0597],[75.7343,14.0565],[75.7323,14.0519],[75.7254,14.0497],[75.7186,14.0489],[75.7128,14.049],[75.7071,14.05],[75.7022,14.0488],[75.6929,14.0407],[75.6875,14.0312],[75.6812,14.0283],[75.6756,14.0185],[75.6719,14.0063],[75.6724,14.0009],[75.6731,13.9955],[75.6737,13.9897],[75.6796,13.9846],[75.6817,13.9736],[75.6867,13.9686],[75.6881,13.9643],[75.6962,13.9526],[75.7009,13.9463],[75.7077,13.9391],[75.7089,13.9348],[75.7083,13.9261],[75.7116,13.9195],[75.7117,13.9107],[75.7003,13.9099],[75.692,13.9064],[75.6882,13.9089],[75.6846,13.9094],[75.6743,13.9072],[75.6699,13.8912],[75.6634,13.8935],[75.6558,13.893],[75.6557,13.889],[75.6607,13.8826],[75.6548,13.8748],[75.6504,13.8633],[75.6393,13.8614],[75.6311,13.8464],[75.6191,13.8408],[75.6103,13.8391],[75.6043,13.8161],[75.6066,13.808],[75.6046,13.8006],[75.6044,13.7925],[75.601,13.7904],[75.5913,13.7909],[75.6041,13.7849],[75.6053,13.7563],[75.5945,13.7571],[75.5872,13.7536],[75.5819,13.7533],[75.5768,13.7542],[75.5724,13.752],[75.5687,13.7494],[75.5674,13.7447],[75.5634,13.737],[75.5593,13.7354],[75.5525,13.7302],[75.5449,13.7257],[75.5403,13.725],[75.5353,13.7269],[75.5312,13.7299],[75.5282,13.7339],[75.5228,13.7376],[75.5206,13.7438],[75.5171,13.7486],[75.51,13.7505],[75.5055,13.7611],[75.5026,13.76],[75.4994,13.7555],[75.4935,13.7612],[75.4911,13.7638],[75.4878,13.7618],[75.4888,13.7584],[75.4884,13.7558],[75.4673,13.7432],[75.4618,13.7385],[75.4611,13.7319],[75.459,13.7257],[75.4556,13.7202],[75.4485,13.719],[75.4375,13.7136],[75.4319,13.7116],[75.427,13.7107],[75.4235,13.7058],[75.4194,13.7026],[75.4105,13.7018],[75.4064,13.7009],[75.4029,13.6991],[75.3942,13.7039],[75.3837,13.707],[75.3837,13.7001],[75.3866,13.6991],[75.3886,13.6951],[75.3942,13.6961],[75.3965,13.6884],[75.4011,13.6813],[75.4082,13.6675],[75.4107,13.6563],[75.4146,13.6497],[75.4115,13.6429],[75.4122,13.6384],[75.4134,13.6361],[75.407,13.6277],[75.407,13.6218],[75.3976,13.6253],[75.394,13.6213],[75.3885,13.6192],[75.3893,13.614],[75.3888,13.6098],[75.379,13.6124],[75.3785,13.618],[75.3736,13.6232],[75.3657,13.6183],[75.3669,13.6092],[75.3651,13.6012],[75.3694,13.5954],[75.3559,13.5917],[75.3511,13.5842],[75.3441,13.5777],[75.3416,13.5831],[75.3296,13.5806],[75.3282,13.5859],[75.3264,13.5891],[75.321,13.588],[75.3121,13.5853],[75.3084,13.582],[75.296,13.5804],[75.2929,13.5751],[75.2891,13.5715],[75.2792,13.5631],[75.2776,13.5637],[75.2771,13.5599],[75.2695,13.5661],[75.268,13.5689],[75.2666,13.5769],[75.2647,13.5808],[75.2604,13.5781],[75.2573,13.5854],[75.2518,13.5943],[75.244,13.6013],[75.2393,13.6004],[75.2351,13.5966],[75.228,13.599],[75.223,13.5999],[75.2201,13.5982],[75.2192,13.5925],[75.2157,13.588],[75.212,13.5814],[75.2127,13.5785],[75.2192,13.5745],[75.2262,13.5662],[75.2263,13.5624],[75.224,13.5596],[75.2175,13.5571],[75.2211,13.5503],[75.225,13.5481],[75.224,13.5311],[75.2259,13.5272],[75.2243,13.5236],[75.2077,13.5221],[75.2056,13.5178],[75.2107,13.5164],[75.2083,13.5127],[75.2031,13.5084],[75.1951,13.5083],[75.1865,13.5059],[75.1827,13.5035],[75.1771,13.4975],[75.1707,13.5023],[75.1675,13.4997],[75.1612,13.494],[75.1589,13.4902],[75.1536,13.4866],[75.1474,13.4766],[75.138,13.4704],[75.1384,13.463],[75.1407,13.4591],[75.136,13.4593],[75.1281,13.4605],[75.1178,13.4554],[75.1128,13.4582],[75.1123,13.4674],[75.109,13.4714],[75.1062,13.4803],[75.1028,13.4879],[75.0989,13.4846],[75.0931,13.4901],[75.0886,13.4928],[75.0843,13.49],[75.0807,13.4921],[75.0791,13.4984],[75.0792,13.5069],[75.0776,13.5114],[75.0716,13.52],[75.0676,13.5222],[75.0637,13.5175],[75.0604,13.5186],[75.0628,13.5218],[75.0636,13.525],[75.0502,13.5367],[75.0502,13.5416],[75.0479,13.5526],[75.0441,13.554],[75.043,13.5596],[75.0389,13.5631],[75.036,13.5694],[75.037,13.5745],[75.0425,13.5795],[75.0479,13.5819],[75.0522,13.5815],[75.0559,13.5824],[75.0569,13.585],[75.0581,13.5878],[75.0603,13.5885],[75.0611,13.5887],[75.0622,13.5971],[75.0605,13.6038],[75.0575,13.6075],[75.0541,13.6087],[75.0512,13.6061],[75.0373,13.6111],[75.0362,13.6152],[75.0331,13.6171],[75.027,13.6262],[75.0241,13.6275],[75.0218,13.6285],[75.0186,13.6328],[75.0187,13.6397],[75.0148,13.6495],[75.0158,13.6587],[75.0187,13.661],[75.0231,13.6607],[75.0262,13.6619],[75.0281,13.6642],[75.0283,13.6675],[75.026,13.6705],[75.0136,13.6783],[75.0144,13.6903],[75.0166,13.6908],[75.0185,13.6924],[75.0213,13.6925],[75.0208,13.6955],[75.0031,13.708],[75.0014,13.7077],[74.9993,13.7081],[74.9932,13.7092],[74.9948,13.7166],[74.9987,13.7211],[74.9999,13.7259],[75.0001,13.7309],[75.0002,13.7344],[75.0003,13.7354],[74.9986,13.7376],[74.9973,13.7378],[74.9957,13.7379],[74.9919,13.7418],[74.9825,13.7451],[74.9746,13.7498],[74.9599,13.7535],[74.9521,13.7581],[74.9465,13.7601],[74.9429,13.7623],[74.9405,13.7699],[74.9405,13.7701],[74.9352,13.7681],[74.9352,13.7727],[74.9378,13.787],[74.9364,13.7892],[74.9351,13.7911],[74.9309,13.7952],[74.9307,13.8012],[74.9294,13.8067],[74.9269,13.8119],[74.9238,13.8184],[74.9213,13.8272],[74.9211,13.8334],[74.92,13.837],[74.9188,13.8414],[74.9186,13.8483],[74.9165,13.8536],[74.9115,13.8578],[74.9029,13.8615],[74.8962,13.8635],[74.8911,13.8642],[74.8807,13.8639],[74.88,13.8583],[74.8781,13.8568],[74.876,13.8552],[74.8701,13.856],[74.8654,13.861],[74.8636,13.8685],[74.8616,13.8768],[74.8582,13.8816],[74.8491,13.8911],[74.8389,13.8979],[74.8245,13.9052],[74.821,13.9035],[74.8168,13.9038],[74.8047,13.9071],[74.8009,13.9063],[74.7975,13.9034],[74.7945,13.9107],[74.7929,13.9115],[74.7791,13.9127],[74.7736,13.9124],[74.768,13.9121],[74.7589,13.9081],[74.7547,13.9108],[74.7489,13.912],[74.739,13.9108],[74.7292,13.906],[74.7201,13.9035],[74.7171,13.9149],[74.7143,13.9256],[74.7112,13.924],[74.7014,13.9264],[74.6962,13.9327],[74.7045,13.9363],[74.7042,13.9468],[74.7002,13.9533],[74.6917,13.9564],[74.6888,13.962],[74.6805,13.9681],[74.6781,13.9723],[74.676,13.9761],[74.6733,13.9788],[74.6711,13.981],[74.6704,13.9928],[74.6696,13.9972],[74.6729,14.0099],[74.6809,14.0347],[74.6694,14.0371],[74.6595,14.0406],[74.6611,14.0491],[74.6638,14.0583],[74.6616,14.066],[74.6563,14.0781],[74.6437,14.0941],[74.6592,14.1117],[74.6504,14.1146],[74.6476,14.1408],[74.6328,14.1431],[74.6304,14.1616],[74.6549,14.1696],[74.6702,14.1842],[74.6943,14.1673],[74.7008,14.1729],[74.7071,14.1711],[74.7152,14.1649],[74.7229,14.1561],[74.729,14.1515],[74.735,14.1515],[74.7465,14.1491],[74.7497,14.147],[74.7517,14.148],[74.7526,14.1549],[74.7322,14.1752],[74.7205,14.2307],[74.7256,14.2416],[74.7341,14.2637],[74.7435,14.26],[74.7497,14.2551],[74.7627,14.2421],[74.7651,14.2427],[74.7671,14.2409],[74.7703,14.235],[74.7788,14.2368],[74.7862,14.2347],[74.7881,14.2287],[74.7962,14.2295],[74.8074,14.2288],[74.8156,14.2311],[74.8246,14.2301],[74.8302,14.2263],[74.8369,14.2274],[74.8442,14.224],[74.8523,14.2149],[74.8595,14.2103],[74.8627,14.2126],[74.8661,14.2171],[74.8714,14.2186],[74.8733,14.2391],[74.8767,14.2401],[74.8798,14.2377],[74.8835,14.2328],[74.8803,14.2261],[74.8801,14.2212],[74.8829,14.2208],[74.8833,14.2173],[74.8808,14.2165],[74.8808,14.2135],[74.885,14.2138],[74.899,14.2186],[74.9003,14.2252],[74.9028,14.2294],[74.9076,14.23],[74.9141,14.2275],[74.9212,14.2278],[74.926,14.2305],[74.9322,14.2353],[74.9382,14.2419],[74.9402,14.246],[74.9413,14.253],[74.943,14.2577],[74.9407,14.2634],[74.9333,14.2656],[74.9319,14.2773],[74.9296,14.2786],[74.9237,14.2756],[74.9174,14.275],[74.9129,14.2857],[74.9142,14.2944],[74.9178,14.3015],[74.9204,14.3096],[74.9287,14.3183],[74.9375,14.3198],[74.9445,14.3198],[74.9528,14.3174],[74.9569,14.3174],[74.9618,14.3204],[74.9692,14.3189],[74.9741,14.317],[74.9796,14.3173],[74.9809,14.32],[74.9759,14.3202],[74.9783,14.3317],[74.9755,14.3365],[74.9707,14.3381],[74.9646,14.3413],[74.9601,14.3473],[74.9492,14.3526],[74.944,14.3584],[74.9457,14.3655],[74.9484,14.3704],[74.9554,14.3763],[74.954,14.3917],[74.9514,14.3995],[74.9412,14.4013],[74.9372,14.4048],[74.9242,14.4293],[74.9167,14.4296],[74.8888,14.4279],[74.8842,14.4336],[74.8807,14.4458],[74.8847,14.4514],[74.8901,14.4572],[74.896,14.4606],[74.9047,14.461],[74.913,14.4568],[74.9242,14.458],[74.9233,14.4624],[74.92,14.4664],[74.9088,14.4702],[74.8978,14.4716],[74.8954,14.4761],[74.8961,14.4915],[74.9006,14.5031],[74.9056,14.5076],[74.908,14.5135],[74.9086,14.5261],[74.9167,14.5272],[74.9336,14.5255],[74.9414,14.5176],[74.9472,14.5246],[74.9465,14.5281],[74.9512,14.5306],[74.9556,14.5355],[74.9602,14.5474],[74.9697,14.5467],[74.9746,14.5507],[74.9815,14.5491],[74.9831,14.5321],[74.986,14.5219],[74.9857,14.5198],[74.9794,14.5203],[74.9792,14.5181],[74.9825,14.5121],[74.9891,14.5078],[74.9958,14.5006],[74.9955,14.4964],[74.9961,14.492],[74.9899,14.4836],[74.9943,14.4724],[75.0024,14.4771],[75.0105,14.4831],[75.0102,14.4879],[75.0173,14.4916],[75.0271,14.4943],[75.0449,14.4974],[75.0448,14.5125],[75.0414,14.523],[75.0473,14.5248],[75.055,14.5284],[75.0646,14.5384],[75.0586,14.5431],[75.0513,14.5411],[75.0452,14.5424],[75.0358,14.5512],[75.0288,14.5557],[75.0266,14.5607],[75.027,14.5688],[75.0294,14.5776],[75.0285,14.5959],[75.0293,14.605],[75.0331,14.6131],[75.04,14.6233],[75.045,14.6321],[75.0501,14.6355],[75.0528,14.639],[75.0535,14.6453],[75.0671,14.6473],[75.0772,14.6501],[75.0813,14.6482],[75.0875,14.6479],[75.1034,14.6451],[75.1079,14.6404],[75.1167,14.6348],[75.1255,14.6268]]]}},{"type":"Feature","properties":{"district":"Tumkur"},"geometry":{"type":"MultiPolygon","coordinates":[[[[76.9715,14.0524],[76.9497,14.0478],[76.9433,14.0472],[76.938,14.0476],[76.9337,14.0407],[76.9311,14.0227],[76.9408,14.0206],[76.9423,14.0155],[76.9447,14.0107],[76.9486,14.0068],[76.9642,14.0022],[76.9752,13.9966],[76.9776,13.9939],[76.9773,13.9939],[76.985,13.9875],[76.9944,13.9815],[76.9913,13.9758],[76.9902,13.9703],[76.989,13.9567],[76.9943,13.9534],[76.9951,13.9527],[76.9994,13.9504],[77.0081,13.9474],[77.014,13.9395],[77.0186,13.9348],[77.0358,13.9256],[77.0413,13.8974],[77.0278,13.8972],[77.0173,13.8934],[77.0166,13.8877],[77.0117,13.8714],[77.0126,13.8672],[77.0123,13.8641],[77.008,13.8629],[77.0071,13.8542],[77.006,13.8501],[76.9941,13.839],[76.9899,13.8395],[76.9863,13.8392],[76.984,13.8277],[76.9765,13.8214],[76.9716,13.8189],[76.9684,13.8144],[76.9688,13.8102],[76.98,13.8072],[76.9837,13.8042],[76.9858,13.793],[76.9848,13.7887],[76.9812,13.7858],[76.9844,13.7766],[76.9863,13.7665],[76.989,13.7602],[76.9901,13.7531],[76.9921,13.7495],[76.9917,13.7453],[76.9926,13.7426],[76.9939,13.7415],[77.0019,13.7367],[77.0114,13.7327],[77.0138,13.7475],[77.0184,13.7617],[77.0199,13.7699],[77.0264,13.7714],[77.0352,13.7693],[77.0473,13.7561],[77.0547,13.7445],[77.06,13.7389],[77.0715,13.7388],[77.0806,13.7374],[77.0793,13.746],[77.0804,13.7534],[77.0852,13.7546],[77.0858,13.7581],[77.0953,13.7609],[77.1109,13.7546],[77.1235,13.7509],[77.1341,13.753],[77.1375,13.7557],[77.1467,13.7548],[77.1582,13.7549],[77.1666,13.7547],[77.1696,13.7614],[77.1713,13.772],[77.1692,13.7756],[77.1641,13.7804],[77.1585,13.7871],[77.156,13.7933],[77.1557,13.7981],[77.1541,13.8006],[77.1563,13.8038],[77.1554,13.8074],[77.1562,13.8113],[77.1619,13.8155],[77.1622,13.8207],[77.1579,13.8255],[77.1479,13.8289],[77.1458,13.8349],[77.1405,13.8379],[77.1253,13.843],[77.1239,13.8494],[77.1302,13.8499],[77.1394,13.859],[77.1482,13.8598],[77.1625,13.857],[77.1649,13.8662],[77.1624,13.8763],[77.1617,13.8824],[77.157,13.8913],[77.1559,13.8998],[77.1596,13.9085],[77.1701,13.9163],[77.177,13.9174],[77.1816,13.9108],[77.1822,13.9013],[77.1813,13.8912],[77.1792,13.8833],[77.1796,13.8783],[77.1782,13.8714],[77.1751,13.8614],[77.1788,13.8598],[77.1927,13.8562],[77.1969,13.8595],[77.201,13.8665],[77.2026,13.8748],[77.2049,13.8812],[77.2088,13.8784],[77.2081,13.8604],[77.2115,13.8614],[77.217,13.8693],[77.2209,13.8818],[77.2219,13.8888],[77.2255,13.8955],[77.2338,13.8949],[77.2401,13.8941],[77.2416,13.8889],[77.2388,13.8815],[77.2393,13.8736],[77.2407,13.8659],[77.2437,13.8603],[77.253,13.8561],[77.2504,13.8395],[77.256,13.8395],[77.2751,13.8428],[77.2829,13.841],[77.2855,13.846],[77.2897,13.85],[77.296,13.8536],[77.3069,13.8572],[77.3109,13.8511],[77.3162,13.8397],[77.32,13.8258],[77.3272,13.8248],[77.3347,13.8294],[77.3399,13.8348],[77.347,13.8396],[77.3522,13.8444],[77.3595,13.8457],[77.3675,13.8432],[77.3731,13.8382],[77.3729,13.8313],[77.3811,13.8313],[77.3898,13.8329],[77.3992,13.8324],[77.4039,13.8314],[77.4187,13.8335],[77.4245,13.8351],[77.4262,13.8297],[77.4247,13.8267],[77.4151,13.8154],[77.4128,13.8118],[77.4137,13.8074],[77.4082,13.8025],[77.4087,13.7993],[77.4116,13.7989],[77.4147,13.8002],[77.4193,13.7997],[77.4195,13.7958],[77.4169,13.7909],[77.4201,13.789],[77.4287,13.788],[77.4355,13.7992],[77.4406,13.8023],[77.4468,13.802],[77.4556,13.7998],[77.4575,13.7971],[77.4527,13.7913],[77.4508,13.7855],[77.4524,13.7804],[77.454,13.778],[77.4587,13.7498],[77.4621,13.7491],[77.4626,13.7436],[77.4601,13.7339],[77.4581,13.7303],[77.4581,13.723],[77.4568,13.7126],[77.4534,13.7041],[77.446,13.7006],[77.4448,13.6958],[77.4498,13.6758],[77.4424,13.6746],[77.4327,13.6742],[77.4282,13.6652],[77.4174,13.6645],[77.3948,13.665],[77.3835,13.6564],[77.3765,13.653],[77.3707,13.6375],[77.3648,13.6322],[77.3638,13.627],[77.3617,13.6217],[77.3568,13.6138],[77.3552,13.6054],[77.3555,13.5972],[77.357,13.5924],[77.3576,13.5853],[77.3636,13.5822],[77.3688,13.5807],[77.3748,13.5684],[77.3761,13.5632],[77.3759,13.5476],[77.377,13.5366],[77.3804,13.5296],[77.3833,13.5279],[77.3855,13.5246],[77.3859,13.518],[77.3837,13.5122],[77.3779,13.5075],[77.376,13.5043],[77.3794,13.4924],[77.3741,13.4844],[77.3698,13.4765],[77.3671,13.4745],[77.3656,13.472],[77.3667,13.4672],[77.3666,13.463],[77.3621,13.4619],[77.3597,13.4584],[77.3523,13.4556],[77.3466,13.4519],[77.3429,13.4451],[77.3451,13.4391],[77.3485,13.4343],[77.3563,13.4274],[77.3576,13.4179],[77.3568,13.4119],[77.3528,13.4089],[77.346,13.4107],[77.3418,13.4097],[77.336,13.3707],[77.3386,13.3678],[77.3365,13.3472],[77.3391,13.3384],[77.3374,13.3322],[77.332,13.3219],[77.3225,13.3215],[77.3054,13.3146],[77.304,13.3121],[77.304,13.307],[77.3029,13.3044],[77.3009,13.3029],[77.275,13.3021],[77.2759,13.2898],[77.2691,13.2907],[77.2645,13.299],[77.2639,13.3026],[77.2488,13.301],[77.2463,13.2954],[77.2389,13.2947],[77.2367,13.2949],[77.2351,13.2997],[77.2235,13.3032],[77.2158,13.287],[77.2143,13.2763],[77.2157,13.2607],[77.212,13.2554],[77.2019,13.2543],[77.1916,13.2591],[77.187,13.2633],[77.1817,13.2642],[77.1796,13.2477],[77.1825,13.2411],[77.1845,13.2339],[77.183,13.2305],[77.1786,13.2256],[77.1753,13.2196],[77.1826,13.2163],[77.1862,13.2132],[77.1872,13.2024],[77.191,13.1976],[77.1955,13.1852],[77.2002,13.1857],[77.2006,13.1803],[77.197,13.1762],[77.1907,13.1727],[77.1768,13.177],[77.1702,13.1775],[77.1622,13.1754],[77.1593,13.1871],[77.1494,13.1837],[77.142,13.1659],[77.1374,13.1631],[77.1325,13.1668],[77.1243,13.1569],[77.1184,13.1559],[77.1137,13.1536],[77.1128,13.1371],[77.1096,13.135],[77.1084,13.1303],[77.1106,13.1273],[77.1095,13.1215],[77.1004,13.1237],[77.101,13.1301],[77.0988,13.1334],[77.0899,13.1356],[77.0864,13.1265],[77.0791,13.1259],[77.0748,13.1243],[77.0697,13.1213],[77.0657,13.1167],[77.0649,13.106],[77.0689,13.0985],[77.0763,13.0792],[77.0739,13.0712],[77.0673,13.0625],[77.0641,13.0594],[77.0669,13.0575],[77.0695,13.0541],[77.0709,13.0499],[77.067,13.0433],[77.0655,13.0382],[77.0683,13.0295],[77.0753,13.0289],[77.0822,13.0247],[77.0881,13.0197],[77.0893,13.0171],[77.0985,13.0153],[77.1032,13.013],[77.1068,13.0087],[77.1108,13.0059],[77.11,13.0026],[77.1043,13.0006],[77.0957,12.9964],[77.0932,12.993],[77.0935,12.993],[77.0917,12.9901],[77.0995,12.9849],[77.1018,12.9867],[77.1075,12.9858],[77.1099,12.9869],[77.1129,12.9856],[77.1228,12.9862],[77.124,12.991],[77.1211,12.9926],[77.1208,12.9926],[77.119,12.9962],[77.119,12.9982],[77.1255,12.9982],[77.1289,12.9959],[77.1309,12.9926],[77.1311,12.9926],[77.1316,12.992],[77.1299,12.9878],[77.1371,12.9811],[77.1392,12.9804],[77.1355,12.976],[77.1266,12.9766],[77.1263,12.9721],[77.1246,12.9713],[77.1258,12.9662],[77.1314,12.9594],[77.1384,12.9544],[77.149,12.9507],[77.1526,12.9483],[77.1529,12.9388],[77.1518,12.9335],[77.154,12.9309],[77.1542,12.9272],[77.1561,12.9263],[77.1573,12.9241],[77.1608,12.9219],[77.1522,12.9039],[77.1425,12.9071],[77.1359,12.9076],[77.1332,12.9044],[77.1303,12.8912],[77.1281,12.8902],[77.1208,12.8934],[77.1184,12.8899],[77.1135,12.8894],[77.1072,12.8864],[77.1039,12.8831],[77.1078,12.8799],[77.1131,12.8776],[77.1254,12.8794],[77.1238,12.8749],[77.1236,12.8698],[77.1267,12.8697],[77.1271,12.8657],[77.1254,12.8504],[77.127,12.8508],[77.1282,12.8495],[77.1288,12.846],[77.1331,12.8429],[77.1425,12.8392],[77.1415,12.8308],[77.1424,12.8248],[77.149,12.8172],[77.1331,12.8007],[77.1392,12.7898],[77.1438,12.7842],[77.1414,12.7752],[77.1365,12.7723],[77.1289,12.7724],[77.1219,12.7679],[77.1128,12.7639],[77.1068,12.7673],[77.1032,12.767],[77.0998,12.7694],[77.0954,12.767],[77.0923,12.7665],[77.0897,12.7603],[77.0873,12.7569],[77.0855,12.7486],[77.0863,12.7446],[77.0812,12.7435],[77.0792,12.7467],[77.0763,12.749],[77.0742,12.7483],[77.0732,12.7384],[77.0694,12.738],[77.0665,12.7406],[77.0613,12.7473],[77.0567,12.7469],[77.0462,12.739],[77.0438,12.7399],[77.0365,12.7647],[77.0376,12.7686],[77.0354,12.7688],[77.0317,12.7639],[77.0278,12.7606],[77.0229,12.7584],[77.019,12.7576],[77.0181,12.7538],[77.0103,12.7543],[77.0028,12.7564],[77.0009,12.7611],[77.0033,12.7734],[76.9924,12.7672],[76.9894,12.7683],[76.9831,12.7775],[76.9805,12.7799],[76.974,12.7836],[76.9726,12.7854],[76.9665,12.785],[76.9636,12.7951],[76.9514,12.7956],[76.947,12.7947],[76.944,12.7933],[76.9405,12.7935],[76.9342,12.7967],[76.9274,12.7948],[76.925,12.7923],[76.9178,12.797],[76.9144,12.8015],[76.9099,12.8109],[76.9079,12.8129],[76.8993,12.8186],[76.8966,12.8228],[76.8958,12.8289],[76.8893,12.8425],[76.887,12.8433],[76.8845,12.8461],[76.8857,12.86],[76.8857,12.8748],[76.8849,12.8821],[76.8807,12.8907],[76.8779,12.8909],[76.8696,12.8893],[76.8649,12.8898],[76.8619,12.8921],[76.8575,12.8995],[76.8565,12.9038],[76.8582,12.9069],[76.8603,12.9092],[76.8682,12.9126],[76.8738,12.9129],[76.8817,12.9108],[76.8863,12.9103],[76.8877,12.9126],[76.883,12.9241],[76.8815,12.9261],[76.8752,12.9262],[76.8572,12.9206],[76.8555,12.9216],[76.8516,12.9269],[76.8441,12.9307],[76.8414,12.9335],[76.8409,12.9363],[76.8323,12.9372],[76.8336,12.9419],[76.8327,12.9644],[76.8447,12.9665],[76.8456,12.9683],[76.8452,12.9702],[76.8281,12.9831],[76.8207,12.9932],[76.8146,12.9937],[76.8085,12.9955],[76.8051,13.0035],[76.8035,13.0051],[76.7996,13.0027],[76.7878,13.0064],[76.7809,13.0048],[76.778,13.0111],[76.7766,13.0158],[76.7767,13.0201],[76.7559,13.0278],[76.7388,13.0278],[76.7187,13.0321],[76.7051,13.0306],[76.6963,13.0325],[76.6883,13.0284],[76.6784,13.0361],[76.6678,13.0472],[76.6619,13.0341],[76.6499,13.0045],[76.6467,12.9998],[76.6406,12.9983],[76.6346,13.0007],[76.6289,12.9979],[76.6258,12.999],[76.6178,12.9992],[76.6112,13.0009],[76.607,12.9993],[76.6025,13.002],[76.6013,13.0074],[76.6023,13.0232],[76.5991,13.0289],[76.5976,13.036],[76.5988,13.0409],[76.6017,13.0463],[76.6076,13.0465],[76.6128,13.0457],[76.6142,13.0504],[76.6113,13.0567],[76.606,13.0619],[76.5992,13.0662],[76.5925,13.0679],[76.5868,13.0667],[76.5822,13.0639],[76.5724,13.0658],[76.5586,13.0671],[76.5478,13.0692],[76.5277,13.0709],[76.5204,13.0689],[76.5193,13.0667],[76.518,13.0642],[76.5118,13.0621],[76.5032,13.0688],[76.5,13.0726],[76.4952,13.0783],[76.4959,13.0828],[76.4946,13.0875],[76.4942,13.0889],[76.4903,13.088],[76.4866,13.0869],[76.4788,13.0859],[76.4731,13.0836],[76.4701,13.082],[76.4675,13.0825],[76.4643,13.0842],[76.4636,13.0873],[76.4632,13.0891],[76.4638,13.0954],[76.4651,13.1074],[76.467,13.1182],[76.4694,13.1284],[76.4709,13.1345],[76.47,13.1406],[76.4627,13.1406],[76.4521,13.1394],[76.4511,13.1467],[76.4477,13.157],[76.4368,13.1656],[76.425,13.1637],[76.4264,13.1663],[76.4257,13.1724],[76.4235,13.1724],[76.4223,13.1781],[76.4161,13.1786],[76.4143,13.1784],[76.4112,13.1781],[76.4111,13.183],[76.4086,13.185],[76.4071,13.1855],[76.4053,13.186],[76.3912,13.1862],[76.3903,13.1908],[76.3853,13.191],[76.38,13.1903],[76.3734,13.1924],[76.3675,13.1925],[76.3667,13.1993],[76.3661,13.2048],[76.3713,13.207],[76.3745,13.2131],[76.3749,13.2184],[76.3754,13.225],[76.361,13.2276],[76.3578,13.2437],[76.3517,13.2443],[76.3519,13.2476],[76.3529,13.25],[76.3539,13.2524],[76.3519,13.2544],[76.3511,13.2796],[76.349,13.2841],[76.345,13.288],[76.3435,13.2956],[76.3448,13.3088],[76.3477,13.3181],[76.3426,13.3399],[76.3419,13.3539],[76.3604,13.3566],[76.3773,13.3576],[76.3781,13.3598],[76.3771,13.3617],[76.3767,13.3627],[76.3783,13.3645],[76.3829,13.3642],[76.3868,13.3736],[76.3886,13.3803],[76.3872,13.3886],[76.3934,13.3963],[76.3961,13.4141],[76.3991,13.4179],[76.4004,13.4194],[76.4012,13.423],[76.4034,13.4263],[76.4137,13.4414],[76.403,13.4528],[76.4063,13.4647],[76.4101,13.4714],[76.4065,13.4741],[76.4031,13.4815],[76.3975,13.4821],[76.3933,13.4852],[76.3931,13.4909],[76.3939,13.4966],[76.3989,13.498],[76.4045,13.4986],[76.4117,13.502],[76.4149,13.5094],[76.4224,13.5175],[76.4047,13.5188],[76.3972,13.5182],[76.3924,13.5279],[76.3846,13.5263],[76.3789,13.5284],[76.3714,13.5353],[76.3669,13.5418],[76.3598,13.5403],[76.3533,13.564],[76.3518,13.5686],[76.3499,13.5719],[76.3557,13.5763],[76.3721,13.5855],[76.3761,13.5801],[76.3793,13.5712],[76.3852,13.577],[76.3903,13.5835],[76.3947,13.5837],[76.3968,13.5869],[76.4018,13.5836],[76.4062,13.5729],[76.4117,13.5717],[76.4171,13.5727],[76.421,13.5755],[76.4267,13.5841],[76.4305,13.5872],[76.4358,13.5872],[76.4507,13.5835],[76.4521,13.5877],[76.4569,13.5907],[76.4533,13.6049],[76.4566,13.6108],[76.4672,13.614],[76.4765,13.6155],[76.4864,13.6162],[76.4964,13.6151],[76.4948,13.6201],[76.5073,13.6231],[76.5134,13.6268],[76.5153,13.633],[76.5278,13.6462],[76.5259,13.6517],[76.5252,13.6571],[76.5306,13.657],[76.535,13.6555],[76.5438,13.6666],[76.55,13.6719],[76.5594,13.6767],[76.5698,13.6794],[76.5744,13.6817],[76.5723,13.6925],[76.5694,13.699],[76.5686,13.7071],[76.5838,13.7121],[76.5927,13.7142],[76.5947,13.7171],[76.6,13.7184],[76.6085,13.7166],[76.6109,13.7192],[76.6116,13.7232],[76.6162,13.7274],[76.6186,13.7251],[76.6222,13.7259],[76.6258,13.708],[76.635,13.7079],[76.6393,13.7087],[76.6448,13.7115],[76.6553,13.7145],[76.6644,13.715],[76.6697,13.7118],[76.6692,13.6999],[76.6768,13.6877],[76.6815,13.6823],[76.6849,13.7027],[76.6855,13.7136],[76.6827,13.724],[76.6846,13.7371],[76.6929,13.753],[76.6933,13.7631],[76.707,13.776],[76.7118,13.7839],[76.7137,13.7888],[76.7203,13.7899],[76.7263,13.7805],[76.731,13.7771],[76.7586,13.773],[76.7645,13.7933],[76.7623,13.8135],[76.762,13.8293],[76.7541,13.8347],[76.7259,13.8739],[76.7199,13.8836],[76.7182,13.8887],[76.7215,13.8933],[76.7322,13.8975],[76.75,13.9011],[76.7493,13.9124],[76.7613,13.9133],[76.763,13.9168],[76.7767,13.9172],[76.8042,13.9091],[76.8096,13.9098],[76.8087,13.9286],[76.8147,13.9309],[76.8172,13.9336],[76.8183,13.942],[76.8379,13.9549],[76.8442,13.9561],[76.8437,13.972],[76.8389,13.9758],[76.8312,13.979],[76.8237,13.9832],[76.8199,13.9878],[76.8223,13.9942],[76.8225,13.9942],[76.8273,13.9983],[76.8326,14.0087],[76.8376,14.009],[76.8554,14.0056],[76.866,14.0028],[76.8705,14.0058],[76.8743,14.0104],[76.8773,14.011],[76.8871,14.0406],[76.8903,14.045],[76.8994,14.0521],[76.9053,14.0547],[76.9129,14.0542],[76.9144,14.0506],[76.9217,14.0522],[76.9238,14.0657],[76.9254,14.0698],[76.929,14.0736],[76.9463,14.0853],[76.9514,14.0854],[76.9601,14.083],[76.9681,14.0797],[76.9718,14.0757],[76.9723,14.0684],[76.975,14.0653],[76.9742,14.0577],[76.9715,14.0524]]],[[[77.1598,14.3362],[77.1642,14.3305],[77.1719,14.3302],[77.1767,14.3263],[77.1795,14.3264],[77.1964,14.3143],[77.2098,14.313],[77.2229,14.315],[77.232,14.3111],[77.2451,14.3145],[77.2513,14.3206],[77.2579,14.3257],[77.2673,14.327],[77.2733,14.3318],[77.2811,14.3311],[77.2827,14.3023],[77.2819,14.2905],[77.2796,14.2761],[77.2855,14.2747],[77.2955,14.2765],[77.3075,14.2738],[77.3206,14.2735],[77.3434,14.2705],[77.3534,14.2707],[77.3593,14.2693],[77.3583,14.2603],[77.3592,14.2436],[77.3554,14.23],[77.3643,14.2233],[77.3766,14.2167],[77.3816,14.2102],[77.3801,14.2026],[77.3838,14.1918],[77.3912,14.1909],[77.4149,14.2032],[77.4157,14.212],[77.4147,14.2171],[77.4091,14.2236],[77.4062,14.2367],[77.4048,14.2486],[77.401,14.2604],[77.3899,14.2614],[77.3843,14.2656],[77.385,14.2725],[77.3812,14.283],[77.375,14.2952],[77.3739,14.3051],[77.3788,14.3171],[77.3857,14.3249],[77.3949,14.3292],[77.4093,14.3271],[77.4207,14.322],[77.4259,14.3208],[77.4275,14.3048],[77.4423,14.3098],[77.4424,14.2909],[77.4436,14.2776],[77.4547,14.2722],[77.4684,14.2794],[77.4791,14.2837],[77.4793,14.2848],[77.4844,14.2753],[77.4921,14.2713],[77.4963,14.2718],[77.4994,14.2605],[77.4988,14.2495],[77.4963,14.2404],[77.4901,14.2276],[77.4929,14.2201],[77.4931,14.214],[77.4997,14.2045],[77.5011,14.1932],[77.5041,14.1807],[77.5094,14.177],[77.5104,14.172],[77.5068,14.1642],[77.5027,14.1571],[77.5004,14.151],[77.4885,14.1531],[77.4633,14.1642],[77.4539,14.163],[77.4235,14.1651],[77.4163,14.1693],[77.4097,14.1697],[77.3975,14.1665],[77.3897,14.1653],[77.3896,14.1535],[77.3826,14.1477],[77.3787,14.1383],[77.3767,14.1296],[77.365,14.1271],[77.3549,14.1237],[77.3477,14.1243],[77.3465,14.1179],[77.3465,14.1104],[77.3445,14.096],[77.3485,14.0993],[77.3525,14.1054],[77.3589,14.1087],[77.3733,14.1126],[77.3804,14.1166],[77.3897,14.1186],[77.3944,14.1146],[77.3964,14.1106],[77.3954,14.1034],[77.3857,14.0935],[77.3797,14.0904],[77.3724,14.0719],[77.3614,14.066],[77.3586,14.0589],[77.3501,14.0534],[77.338,14.0538],[77.3345,14.0478],[77.3313,14.0398],[77.3262,14.0229],[77.3441,14.0191],[77.3501,14.0165],[77.3623,14.016],[77.3751,14.0121],[77.3834,14.0074],[77.3799,13.9933],[77.3732,13.9817],[77.3727,13.9755],[77.3757,13.9691],[77.3865,13.974],[77.4102,13.9769],[77.4205,13.9769],[77.4266,13.9733],[77.4306,13.9688],[77.4309,13.962],[77.429,13.9564],[77.4287,13.9433],[77.4226,13.939],[77.4077,13.9361],[77.4084,13.9216],[77.4102,13.9146],[77.4225,13.912],[77.4274,13.9092],[77.4256,13.9021],[77.419,13.8949],[77.4085,13.8888],[77.3971,13.8805],[77.3963,13.8804],[77.3919,13.8799],[77.3904,13.8977],[77.3588,13.8956],[77.3483,13.8965],[77.3459,13.9033],[77.3435,13.906],[77.3426,13.9122],[77.3526,13.9285],[77.3626,13.9423],[77.362,13.9455],[77.3437,13.9509],[77.3472,13.9554],[77.3469,13.9606],[77.3534,13.9763],[77.3538,13.9823],[77.3457,13.9856],[77.3335,13.9881],[77.3303,13.9904],[77.3298,13.9934],[77.3297,13.9934],[77.3301,13.9949],[77.3241,14.0053],[77.3202,14.0093],[77.317,14.0153],[77.3165,14.0215],[77.3135,14.0248],[77.3036,14.0267],[77.298,14.023],[77.2923,14.0145],[77.2852,14.0115],[77.2785,14.0069],[77.2726,14.008],[77.2742,14.0162],[77.2715,14.0281],[77.2645,14.0265],[77.2558,14.021],[77.2426,14.0063],[77.2273,14.008],[77.2188,14.0079],[77.2077,14.0049],[77.1946,14.0029],[77.1714,14.0086],[77.1617,14.0062],[77.1628,13.9978],[77.1582,13.9935],[77.1584,13.9935],[77.1544,13.9906],[77.1473,13.9916],[77.1446,13.9935],[77.1444,13.9935],[77.1395,13.9972],[77.1343,13.9981],[77.1329,14.0042],[77.134,14.0097],[77.1278,14.0187],[77.1247,14.0347],[77.1211,14.0422],[77.1102,14.042],[77.104,14.0406],[77.0967,14.0407],[77.0908,14.0383],[77.0765,14.038],[77.0695,14.0394],[77.069,14.0472],[77.0512,14.0496],[77.0432,14.0517],[77.0349,14.0514],[77.0285,14.052],[77.0237,14.0533],[77.0202,14.0614],[77.0245,14.0772],[77.024,14.0834],[77.0147,14.0887],[77.0104,14.092],[77.0083,14.0981],[77.0166,14.1061],[77.017,14.112],[77.0164,14.1175],[77.0203,14.1223],[77.0192,14.1253],[77.0138,14.1274],[77.0149,14.1322],[77.016,14.1527],[77.0211,14.1643],[77.0213,14.1684],[77.0198,14.1727],[77.02,14.1779],[77.0163,14.1837],[77.0095,14.1875],[77.0031,14.1885],[76.9985,14.192],[77.0024,14.2046],[77.0028,14.2131],[76.9991,14.2193],[76.9967,14.2252],[77.0,14.2277],[77.0041,14.2316],[77.0125,14.2351],[77.0246,14.2367],[77.033,14.2405],[77.0406,14.2408],[77.0496,14.2395],[77.0553,14.2323],[77.0602,14.2242],[77.0676,14.2179],[77.0753,14.2093],[77.0849,14.2085],[77.0952,14.2095],[77.1051,14.2133],[77.1099,14.2215],[77.1105,14.232],[77.113,14.2399],[77.1116,14.2485],[77.1155,14.2568],[77.1069,14.2618],[77.1105,14.2749],[77.1119,14.2875],[77.1173,14.2914],[77.1258,14.3015],[77.1309,14.3138],[77.1326,14.324],[77.1319,14.3306],[77.1355,14.334],[77.1405,14.3361],[77.1464,14.3322],[77.1522,14.3377],[77.1598,14.3362]]]]}},{"type":"Feature","properties":{"district":"Udupi"},"geometry":{"type":"MultiPolygon","coordinates":[[[[74.7813,13.0993],[74.7807,13.0991],[74.7807,13.0993],[74.7813,13.0993]]],[[[74.7813,13.0993],[74.7813,13.0996],[74.7827,13.0996],[74.7813,13.0993]]],[[[74.671,13.1999],[74.671,13.1996],[74.6715,13.1996],[74.6715,13.1993],[74.6721,13.1993],[74.6721,13.199],[74.6726,13.199],[74.6726,13.1987],[74.6729,13.1987],[74.6729,13.1979],[74.6726,13.1979],[74.6726,13.1968],[74.6732,13.1968],[74.6732,13.1974],[74.6738,13.1974],[74.6738,13.1979],[74.674,13.1979],[74.674,13.1976],[74.6743,13.1976],[74.6743,13.1971],[74.6746,13.1971],[74.6746,13.1965],[74.6749,13.1965],[74.6749,13.196],[74.6751,13.196],[74.6751,13.1957],[74.6754,13.1957],[74.6754,13.1954],[74.6757,13.1954],[74.6757,13.1951],[74.676,13.1951],[74.676,13.1949],[74.6762,13.1949],[74.6762,13.1938],[74.6765,13.1938],[74.6765,13.1929],[74.6762,13.1929],[74.6762,13.1921],[74.676,13.1921],[74.676,13.1915],[74.6757,13.1915],[74.6757,13.1921],[74.6754,13.1921],[74.6754,13.1926],[74.6751,13.1926],[74.6751,13.1929],[74.6749,13.1929],[74.6749,13.1935],[74.6746,13.1935],[74.6746,13.194],[74.6743,13.194],[74.6743,13.1943],[74.674,13.1943],[74.674,13.1949],[74.6738,13.1949],[74.6738,13.1954],[74.6735,13.1954],[74.6735,13.1957],[74.6721,13.1957],[74.6721,13.1962],[74.6718,13.1962],[74.6718,13.1965],[74.6715,13.1965],[74.6715,13.1971],[74.6712,13.1971],[74.6712,13.1974],[74.671,13.1974],[74.671,13.1976],[74.6707,13.1976],[74.6707,13.1982],[74.6704,13.1982],[74.6704,13.1985],[74.6701,13.1985],[74.6701,13.199],[74.6699,13.199],[74.6699,13.1996],[74.6701,13.1996],[74.6701,13.1999],[74.671,13.1999]]],[[[74.7285,13.2829],[74.7285,13.2826],[74.7288,13.2826],[74.7288,13.2821],[74.7285,13.2821],[74.7285,13.2818],[74.7282,13.2818],[74.7282,13.2815],[74.7276,13.2815],[74.7276,13.2813],[74.7274,13.2813],[74.7274,13.2807],[74.7276,13.2807],[74.7276,13.2801],[74.7279,13.2801],[74.7279,13.2796],[74.7282,13.2796],[74.7282,13.279],[74.7279,13.279],[74.7279,13.2785],[74.7274,13.2785],[74.7274,13.2787],[74.7268,13.2787],[74.7268,13.279],[74.7265,13.279],[74.7265,13.2793],[74.726,13.2793],[74.726,13.2796],[74.7257,13.2796],[74.7257,13.2799],[74.7251,13.2799],[74.7251,13.2801],[74.7254,13.2801],[74.7254,13.2804],[74.7257,13.2804],[74.7257,13.2807],[74.726,13.2807],[74.726,13.281],[74.7262,13.281],[74.7262,13.2813],[74.7265,13.2813],[74.7265,13.2815],[74.7268,13.2815],[74.7268,13.282],[74.7268,13.2821],[74.7271,13.2821],[74.7271,13.2824],[74.7274,13.2824],[74.7274,13.2826],[74.7279,13.2826],[74.7279,13.2829],[74.7285,13.2829]]],[[[74.7004,13.2843],[74.7004,13.2835],[74.7007,13.2835],[74.7007,13.2829],[74.701,13.2829],[74.701,13.2832],[74.7012,13.2832],[74.7012,13.2793],[74.701,13.2793],[74.701,13.2787],[74.6993,13.2787],[74.6993,13.279],[74.699,13.279],[74.699,13.2796],[74.6988,13.2796],[74.6988,13.2815],[74.6996,13.2815],[74.6996,13.2821],[74.6993,13.2821],[74.6993,13.2832],[74.6996,13.2832],[74.6996,13.284],[74.6999,13.284],[74.6999,13.2843],[74.7004,13.2843]]],[[[74.7237,13.2896],[74.7237,13.2893],[74.7243,13.2893],[74.7243,13.289],[74.7249,13.289],[74.7249,13.2887],[74.7254,13.2887],[74.7254,13.2885],[74.7257,13.2885],[74.7257,13.2882],[74.7262,13.2882],[74.7262,13.2879],[74.7268,13.2879],[74.7268,13.2876],[74.7274,13.2876],[74.7274,13.2874],[74.7276,13.2874],[74.7276,13.2871],[74.728,13.2871],[74.7285,13.2871],[74.7285,13.2865],[74.7282,13.2865],[74.7282,13.286],[74.7279,13.286],[74.7276,13.286],[74.7276,13.2857],[74.7265,13.2857],[74.7265,13.2854],[74.7262,13.2854],[74.7262,13.2851],[74.7254,13.2851],[74.7254,13.2854],[74.7249,13.2854],[74.7249,13.2851],[74.7246,13.2851],[74.7246,13.2854],[74.7243,13.2854],[74.7243,13.286],[74.724,13.286],[74.724,13.2863],[74.7237,13.2863],[74.7237,13.2865],[74.7235,13.2865],[74.7235,13.2868],[74.7232,13.2868],[74.7232,13.2871],[74.7229,13.2871],[74.7229,13.2874],[74.7227,13.2874],[74.7226,13.2876],[74.7224,13.2876],[74.7224,13.2893],[74.7227,13.2893],[74.7232,13.2893],[74.7232,13.2896],[74.7237,13.2896]]],[[[74.6907,13.334],[74.6907,13.3338],[74.691,13.3338],[74.691,13.3332],[74.6913,13.3332],[74.6913,13.3329],[74.6915,13.3329],[74.6915,13.3324],[74.6918,13.3324],[74.6918,13.3321],[74.6921,13.3321],[74.6921,13.3316],[74.6921,13.3315],[74.6924,13.3315],[74.6924,13.3307],[74.6899,13.3307],[74.6899,13.3325],[74.6899,13.3338],[74.6896,13.3338],[74.6896,13.334],[74.6907,13.334]]],[[[74.689,13.341],[74.689,13.3393],[74.6893,13.3393],[74.6893,13.3388],[74.6896,13.3388],[74.6896,13.3382],[74.6899,13.3382],[74.6899,13.3372],[74.6899,13.3354],[74.689,13.3354],[74.689,13.3351],[74.6887,13.3351],[74.6876,13.3351],[74.6876,13.3357],[74.6882,13.3357],[74.6882,13.336],[74.6885,13.336],[74.6885,13.3368],[74.6879,13.3368],[74.6879,13.3371],[74.6874,13.3371],[74.6874,13.3368],[74.6857,13.3368],[74.6857,13.3371],[74.686,13.3371],[74.686,13.3374],[74.6865,13.3374],[74.6865,13.3376],[74.6868,13.3376],[74.6868,13.339],[74.6871,13.339],[74.6871,13.3404],[74.6874,13.3404],[74.6874,13.3407],[74.6876,13.3407],[74.6876,13.341],[74.689,13.341]]],[[[74.6826,13.3485],[74.6826,13.3482],[74.6829,13.3482],[74.6829,13.3476],[74.6832,13.3476],[74.6832,13.3471],[74.6835,13.3471],[74.6835,13.3465],[74.6837,13.3465],[74.6837,13.3459],[74.6837,13.3457],[74.684,13.3457],[74.684,13.3451],[74.6849,13.3451],[74.6849,13.3449],[74.6851,13.3449],[74.6851,13.3446],[74.6854,13.3446],[74.6854,13.344],[74.6857,13.344],[74.6857,13.3437],[74.686,13.3438],[74.686,13.3435],[74.6862,13.3435],[74.6862,13.3432],[74.6865,13.3432],[74.6865,13.3429],[74.6868,13.3429],[74.6868,13.3424],[74.6871,13.3424],[74.6871,13.3421],[74.6874,13.3421],[74.6874,13.3415],[74.6871,13.3415],[74.6871,13.3413],[74.6865,13.3413],[74.6865,13.341],[74.6857,13.341],[74.6857,13.3407],[74.6849,13.3407],[74.6849,13.3415],[74.6851,13.3415],[74.6851,13.3424],[74.6837,13.3424],[74.6837,13.3426],[74.6835,13.3426],[74.6835,13.3429],[74.6828,13.3429],[74.6815,13.3429],[74.6815,13.3432],[74.6818,13.3432],[74.6818,13.344],[74.6815,13.344],[74.6815,13.3443],[74.6813,13.3443],[74.6813,13.3446],[74.681,13.3446],[74.681,13.3449],[74.6824,13.3449],[74.6824,13.3451],[74.6821,13.3451],[74.6821,13.3457],[74.6818,13.3457],[74.6818,13.3474],[74.6815,13.3474],[74.6815,13.3485],[74.6826,13.3485]]],[[[74.6715,13.3832],[74.6715,13.3829],[74.6718,13.3829],[74.6718,13.3826],[74.6721,13.3826],[74.6721,13.3824],[74.6724,13.3824],[74.6724,13.3821],[74.6727,13.3821],[74.6735,13.3821],[74.6735,13.3818],[74.6736,13.3818],[74.6738,13.3818],[74.6738,13.3815],[74.6739,13.3815],[74.674,13.3815],[74.674,13.3813],[74.6743,13.3813],[74.6743,13.381],[74.6746,13.381],[74.6746,13.3807],[74.6749,13.3807],[74.6749,13.3796],[74.6749,13.3779],[74.6746,13.3779],[74.6746,13.3774],[74.6749,13.3774],[74.6749,13.3765],[74.6751,13.3765],[74.6751,13.3757],[74.6735,13.3757],[74.6735,13.376],[74.6732,13.376],[74.6732,13.3765],[74.6729,13.3765],[74.6729,13.3768],[74.6726,13.3768],[74.6726,13.3771],[74.6724,13.3771],[74.6724,13.3774],[74.6721,13.3774],[74.6721,13.3779],[74.6718,13.3779],[74.6718,13.3785],[74.6715,13.3785],[74.6715,13.379],[74.6712,13.379],[74.6712,13.3793],[74.671,13.3793],[74.671,13.3796],[74.6704,13.3796],[74.6704,13.3799],[74.6701,13.3799],[74.6701,13.3801],[74.6704,13.3801],[74.6704,13.3807],[74.6701,13.3807],[74.6701,13.381],[74.671,13.381],[74.671,13.3815],[74.6707,13.3815],[74.6707,13.3817],[74.6707,13.3821],[74.6704,13.3821],[74.6704,13.3829],[74.6707,13.3829],[74.6707,13.3832],[74.6715,13.3832]]],[[[74.7042,13.9468],[74.7045,13.9363],[74.6962,13.9327],[74.7014,13.9264],[74.7112,13.924],[74.7143,13.9256],[74.7171,13.9149],[74.7201,13.9035],[74.7292,13.906],[74.739,13.9108],[74.7489,13.912],[74.7547,13.9108],[74.7589,13.9081],[74.768,13.9121],[74.7736,13.9124],[74.7791,13.9127],[74.7929,13.9115],[74.7945,13.9107],[74.7975,13.9034],[74.8009,13.9063],[74.8047,13.9071],[74.8168,13.9038],[74.821,13.9035],[74.8245,13.9052],[74.8389,13.8979],[74.8491,13.8911],[74.8582,13.8816],[74.8616,13.8768],[74.8636,13.8685],[74.8654,13.861],[74.8701,13.856],[74.876,13.8552],[74.8781,13.8568],[74.88,13.8583],[74.8807,13.8639],[74.8911,13.8642],[74.8962,13.8635],[74.9029,13.8615],[74.9115,13.8578],[74.9165,13.8536],[74.9186,13.8483],[74.9188,13.8414],[74.92,13.837],[74.9211,13.8334],[74.9213,13.8272],[74.9238,13.8184],[74.9269,13.8119],[74.9294,13.8067],[74.9307,13.8012],[74.9309,13.7952],[74.9351,13.7911],[74.9364,13.7892],[74.9378,13.787],[74.9352,13.7727],[74.9352,13.7681],[74.9405,13.7701],[74.9405,13.7699],[74.9429,13.7623],[74.9465,13.7601],[74.9521,13.7581],[74.9599,13.7535],[74.9746,13.7498],[74.9825,13.7451],[74.9919,13.7418],[74.9957,13.7379],[74.9973,13.7378],[74.9986,13.7376],[75.0003,13.7354],[75.0002,13.7344],[75.0001,13.7309],[74.9999,13.7259],[74.9987,13.7211],[74.9948,13.7166],[74.9932,13.7092],[74.9993,13.7081],[75.0014,13.7077],[75.0031,13.708],[75.0208,13.6955],[75.0213,13.6925],[75.0185,13.6924],[75.0166,13.6908],[75.0144,13.6903],[75.0136,13.6783],[75.026,13.6705],[75.0283,13.6675],[75.0281,13.6642],[75.0262,13.6619],[75.0231,13.6607],[75.0187,13.661],[75.0158,13.6587],[75.0148,13.6495],[75.0187,13.6397],[75.0186,13.6328],[75.0218,13.6285],[75.0241,13.6275],[75.027,13.6262],[75.0331,13.6171],[75.0362,13.6152],[75.0373,13.6111],[75.0512,13.6061],[75.0541,13.6087],[75.0575,13.6075],[75.0605,13.6038],[75.0622,13.5971],[75.0611,13.5887],[75.0603,13.5885],[75.0581,13.5878],[75.0569,13.585],[75.0559,13.5824],[75.0522,13.5815],[75.0479,13.5819],[75.0425,13.5795],[75.037,13.5745],[75.036,13.5694],[75.0389,13.5631],[75.043,13.5596],[75.0441,13.554],[75.0479,13.5526],[75.0502,13.5416],[75.0502,13.5367],[75.0636,13.525],[75.0628,13.5218],[75.0604,13.5186],[75.0637,13.5175],[75.0676,13.5222],[75.0716,13.52],[75.0776,13.5114],[75.0792,13.5069],[75.0791,13.4984],[75.0807,13.4921],[75.0843,13.49],[75.0886,13.4928],[75.0931,13.4901],[75.0989,13.4846],[75.1028,13.4879],[75.1062,13.4803],[75.109,13.4714],[75.1123,13.4674],[75.1128,13.4582],[75.1178,13.4554],[75.1281,13.4605],[75.136,13.4593],[75.1407,13.4591],[75.1416,13.4572],[75.145,13.4546],[75.1466,13.4514],[75.1538,13.4506],[75.1551,13.4448],[75.1538,13.4363],[75.1515,13.4348],[75.1537,13.4297],[75.1519,13.4246],[75.1512,13.4169],[75.1462,13.4147],[75.1445,13.4061],[75.1409,13.4037],[75.1473,13.3935],[75.142,13.3845],[75.1365,13.386],[75.1327,13.3879],[75.1286,13.3834],[75.1284,13.3796],[75.1301,13.3746],[75.1275,13.365],[75.1177,13.3583],[75.1166,13.3563],[75.1133,13.3539],[75.1081,13.3566],[75.103,13.3572],[75.1001,13.3544],[75.0919,13.3581],[75.0896,13.3466],[75.0849,13.3426],[75.0807,13.3404],[75.0949,13.3157],[75.1059,13.2912],[75.1155,13.2803],[75.1206,13.2792],[75.1245,13.2834],[75.1302,13.2823],[75.1344,13.2865],[75.1388,13.2857],[75.1517,13.2647],[75.1585,13.246],[75.1668,13.2248],[75.1686,13.2083],[75.1672,13.201],[75.1687,13.2029],[75.1688,13.1955],[75.1732,13.1956],[75.1761,13.1974],[75.1835,13.1902],[75.1997,13.1741],[75.199,13.1683],[75.1909,13.1607],[75.1821,13.1565],[75.178,13.1455],[75.1753,13.1425],[75.1687,13.1391],[75.1673,13.1357],[75.1619,13.129],[75.1587,13.1314],[75.1574,13.1275],[75.1478,13.1227],[75.143,13.1287],[75.1389,13.13],[75.1347,13.1307],[75.1302,13.1303],[75.1274,13.128],[75.125,13.1239],[75.1245,13.1188],[75.1207,13.1092],[75.118,13.1046],[75.1081,13.0963],[75.1023,13.089],[75.0991,13.0867],[75.0985,13.0767],[75.0916,13.0743],[75.0894,13.0699],[75.088,13.0644],[75.0834,13.0635],[75.0826,13.0608],[75.083,13.0543],[75.0798,13.0499],[75.0802,13.046],[75.0771,13.041],[75.0684,13.0416],[75.066,13.0343],[75.0638,13.0317],[75.0624,13.0288],[75.0568,13.0279],[75.0548,13.0249],[75.0524,13.023],[75.0478,13.0162],[75.045,13.0149],[75.0396,13.0134],[75.034,13.013],[75.0307,13.0118],[75.0298,12.9992],[75.0298,12.9958],[75.0301,12.9958],[75.0301,12.9933],[75.0221,12.9921],[75.0184,12.9898],[75.0145,12.9799],[75.0035,12.9804],[75.0005,12.983],[74.9967,12.9833],[74.9902,12.9848],[74.9884,12.9873],[74.9871,12.9958],[74.9873,12.9958],[74.9874,12.9971],[74.9888,13.0],[74.9926,12.9993],[74.9968,12.9997],[74.996,13.0025],[74.998,13.0054],[74.9995,13.0084],[74.9994,13.0113],[74.9988,13.0124],[74.9965,13.0144],[74.9784,13.0229],[74.9705,13.0121],[74.9663,13.0127],[74.9654,13.0094],[74.9584,13.0114],[74.9572,13.014],[74.9523,13.0138],[74.9477,13.0118],[74.9461,13.0081],[74.9457,13.0032],[74.9416,13.0005],[74.9317,13.0016],[74.9289,13.0046],[74.9362,13.0107],[74.9341,13.0149],[74.9338,13.0193],[74.9356,13.0275],[74.9332,13.0303],[74.9287,13.0299],[74.9245,13.0322],[74.921,13.031],[74.9181,13.0339],[74.9144,13.0324],[74.9062,13.0358],[74.9083,13.0236],[74.9104,13.0206],[74.9072,13.0194],[74.8972,13.0263],[74.8971,13.0326],[74.892,13.037],[74.8868,13.0398],[74.885,13.0438],[74.8858,13.0529],[74.8899,13.0555],[74.8926,13.0588],[74.8924,13.0622],[74.8896,13.064],[74.8894,13.0655],[74.8919,13.0777],[74.8915,13.0915],[74.8868,13.0953],[74.8774,13.0912],[74.8749,13.0932],[74.8735,13.1069],[74.8697,13.116],[74.8657,13.1195],[74.8642,13.1221],[74.8555,13.1208],[74.8488,13.1247],[74.8452,13.1222],[74.8399,13.123],[74.8329,13.1224],[74.8284,13.1244],[74.8239,13.12],[74.816,13.1178],[74.813,13.1102],[74.8087,13.1098],[74.8059,13.1108],[74.8033,13.1117],[74.7966,13.1122],[74.7975,13.1078],[74.7987,13.106],[74.8004,13.1034],[74.7998,13.1009],[74.7988,13.0965],[74.7962,13.0937],[74.7925,13.0923],[74.789,13.0932],[74.7903,13.0935],[74.7916,13.0952],[74.7917,13.0984],[74.7895,13.1006],[74.7877,13.1006],[74.7862,13.0996],[74.7854,13.0996],[74.7854,13.0999],[74.7849,13.0999],[74.7849,13.1002],[74.7843,13.1002],[74.7843,13.1004],[74.7813,13.1004],[74.7813,13.1002],[74.7807,13.1002],[74.7807,13.0999],[74.7801,13.0999],[74.7801,13.0996],[74.7799,13.0996],[74.7799,13.0993],[74.7785,13.0993],[74.7785,13.0988],[74.7782,13.0988],[74.7782,13.0982],[74.7779,13.0982],[74.7779,13.0974],[74.778,13.0974],[74.7782,13.0974],[74.7782,13.0962],[74.7779,13.0962],[74.7779,13.0951],[74.7782,13.0951],[74.7782,13.0949],[74.7779,13.0949],[74.7779,13.0932],[74.7782,13.0932],[74.7782,13.0926],[74.7785,13.0926],[74.7785,13.0921],[74.779,13.0921],[74.779,13.0918],[74.7793,13.0918],[74.7793,13.091],[74.7796,13.091],[74.7796,13.0907],[74.7799,13.0907],[74.7799,13.0899],[74.7801,13.0899],[74.7801,13.0896],[74.7799,13.0896],[74.7799,13.0893],[74.7796,13.0893],[74.7796,13.0882],[74.7793,13.0882],[74.7793,13.0863],[74.779,13.0863],[74.779,13.0857],[74.7785,13.0857],[74.7785,13.0854],[74.7782,13.0854],[74.7782,13.0857],[74.7779,13.0857],[74.7779,13.086],[74.7771,13.086],[74.7771,13.0854],[74.7765,13.0854],[74.7765,13.0846],[74.7763,13.0846],[74.7763,13.0815],[74.776,13.0815],[74.776,13.0818],[74.7757,13.0818],[74.7757,13.0821],[74.7751,13.0821],[74.7751,13.0826],[74.7743,13.0826],[74.7743,13.0828],[74.7743,13.0829],[74.774,13.0829],[74.774,13.0832],[74.7735,13.0832],[74.7735,13.0838],[74.7732,13.0837],[74.7732,13.0846],[74.7729,13.0846],[74.7729,13.0854],[74.7726,13.0854],[74.7726,13.0863],[74.7724,13.0863],[74.7724,13.0874],[74.7721,13.0874],[74.7721,13.0896],[74.7718,13.0896],[74.7718,13.0901],[74.7715,13.0901],[74.7715,13.0907],[74.7712,13.0907],[74.7712,13.0918],[74.771,13.0918],[74.771,13.0924],[74.7707,13.0924],[74.7707,13.0938],[74.7704,13.0938],[74.7704,13.0943],[74.7701,13.0943],[74.7701,13.0949],[74.7699,13.0949],[74.7699,13.0954],[74.7696,13.0954],[74.7696,13.0971],[74.7693,13.0971],[74.7693,13.0993],[74.769,13.0993],[74.769,13.1004],[74.7688,13.1004],[74.7688,13.1012],[74.7685,13.1012],[74.7685,13.1015],[74.7682,13.1015],[74.7682,13.1021],[74.7685,13.1021],[74.7685,13.1032],[74.7682,13.1032],[74.7682,13.1038],[74.7679,13.1038],[74.7679,13.1051],[74.7676,13.1051],[74.7676,13.1071],[74.7674,13.1071],[74.7674,13.1082],[74.7671,13.1082],[74.7671,13.1093],[74.7668,13.1093],[74.7668,13.1107],[74.7665,13.1107],[74.7665,13.1118],[74.7663,13.1118],[74.7663,13.1132],[74.766,13.1132],[74.766,13.1143],[74.7657,13.1143],[74.7657,13.1154],[74.7654,13.1154],[74.7654,13.116],[74.7651,13.116],[74.7651,13.1168],[74.7649,13.1168],[74.7649,13.1174],[74.7646,13.1174],[74.7646,13.1196],[74.7643,13.1196],[74.7643,13.1218],[74.764,13.1218],[74.764,13.1226],[74.7637,13.1226],[74.7637,13.1237],[74.7635,13.1237],[74.7635,13.1246],[74.7632,13.1246],[74.7632,13.1254],[74.7629,13.1254],[74.7629,13.1265],[74.7626,13.1265],[74.7626,13.1274],[74.7624,13.1274],[74.7624,13.1307],[74.7621,13.1307],[74.7621,13.131],[74.7618,13.131],[74.7618,13.1313],[74.7615,13.1313],[74.7615,13.1335],[74.7613,13.1335],[74.7613,13.1343],[74.761,13.1343],[74.761,13.1349],[74.7607,13.1349],[74.7607,13.1363],[74.7604,13.1363],[74.7604,13.1388],[74.7601,13.1388],[74.7601,13.1393],[74.7599,13.1393],[74.7599,13.141],[74.7596,13.141],[74.7596,13.1421],[74.7593,13.1421],[74.7593,13.1432],[74.759,13.1432],[74.759,13.144],[74.7588,13.144],[74.7588,13.1446],[74.7585,13.1446],[74.7585,13.1471],[74.7579,13.1471],[74.7579,13.1507],[74.7576,13.1507],[74.7576,13.1515],[74.7574,13.1515],[74.7574,13.1524],[74.7571,13.1524],[74.7571,13.1525],[74.7571,13.1535],[74.757,13.1535],[74.7568,13.1535],[74.7568,13.1547],[74.7568,13.1549],[74.7565,13.1549],[74.7565,13.1557],[74.7562,13.1557],[74.7562,13.1565],[74.756,13.1565],[74.756,13.1579],[74.7557,13.1579],[74.7557,13.1588],[74.7554,13.1588],[74.7554,13.1599],[74.7551,13.1599],[74.7551,13.1607],[74.7549,13.1607],[74.7549,13.1629],[74.7546,13.1629],[74.7546,13.1638],[74.7543,13.1637],[74.7543,13.1646],[74.754,13.1646],[74.754,13.1654],[74.7537,13.1654],[74.7537,13.1663],[74.7535,13.1663],[74.7535,13.1674],[74.7532,13.1674],[74.7532,13.1682],[74.7529,13.1682],[74.7529,13.1693],[74.7526,13.1693],[74.7526,13.1699],[74.7524,13.1699],[74.7524,13.1701],[74.7521,13.1701],[74.7521,13.1724],[74.7518,13.1724],[74.7518,13.1732],[74.7515,13.1732],[74.7515,13.1743],[74.7513,13.1743],[74.7513,13.1751],[74.751,13.1751],[74.751,13.1765],[74.7504,13.1765],[74.7504,13.1768],[74.7501,13.1768],[74.7501,13.179],[74.7499,13.179],[74.7499,13.1796],[74.7496,13.1796],[74.7496,13.1799],[74.7493,13.1799],[74.7493,13.1815],[74.749,13.1815],[74.749,13.1821],[74.7487,13.1821],[74.7487,13.1826],[74.7485,13.1826],[74.7485,13.1835],[74.7485,13.1838],[74.7482,13.1838],[74.7482,13.1843],[74.7479,13.1843],[74.7479,13.1851],[74.7476,13.1851],[74.7476,13.186],[74.7474,13.186],[74.7474,13.1865],[74.7471,13.1865],[74.7471,13.1868],[74.7468,13.1868],[74.7468,13.1874],[74.7465,13.1874],[74.7465,13.1879],[74.7464,13.1879],[74.7462,13.1879],[74.7462,13.1882],[74.746,13.1882],[74.746,13.1888],[74.7457,13.1888],[74.7457,13.1896],[74.7454,13.1896],[74.7454,13.1898],[74.7454,13.1901],[74.7451,13.1901],[74.7451,13.1902],[74.7451,13.1907],[74.745,13.1907],[74.7449,13.1907],[74.7449,13.191],[74.7446,13.191],[74.7446,13.1912],[74.7443,13.1912],[74.7443,13.1918],[74.744,13.1918],[74.744,13.1929],[74.7438,13.1929],[74.7438,13.1938],[74.7435,13.1938],[74.7435,13.1949],[74.7435,13.1982],[74.7432,13.1982],[74.7432,13.2001],[74.7429,13.2001],[74.7429,13.2015],[74.7426,13.2015],[74.7426,13.2026],[74.7424,13.2026],[74.7424,13.2037],[74.7421,13.2037],[74.7421,13.2046],[74.7418,13.2046],[74.7418,13.2057],[74.7415,13.2057],[74.7415,13.2068],[74.7412,13.2068],[74.7412,13.2076],[74.741,13.2076],[74.741,13.2085],[74.7407,13.2085],[74.7407,13.209],[74.7404,13.209],[74.7404,13.2093],[74.7401,13.2093],[74.7401,13.2121],[74.7399,13.2121],[74.7399,13.2138],[74.7396,13.2138],[74.7396,13.2149],[74.7393,13.2149],[74.7393,13.2157],[74.739,13.2157],[74.739,13.2171],[74.7387,13.2171],[74.7387,13.2188],[74.7385,13.2188],[74.7385,13.2201],[74.7382,13.2201],[74.7382,13.2207],[74.7379,13.2207],[74.7379,13.2215],[74.7376,13.2215],[74.7376,13.2224],[74.7374,13.2224],[74.7374,13.2226],[74.7371,13.2226],[74.7371,13.2229],[74.7368,13.2229],[74.7368,13.2232],[74.7365,13.2232],[74.7365,13.2235],[74.7363,13.2235],[74.7363,13.2238],[74.736,13.2238],[74.736,13.224],[74.7357,13.224],[74.7357,13.2285],[74.7354,13.2285],[74.7354,13.2293],[74.7351,13.2293],[74.7351,13.2304],[74.7349,13.2304],[74.7349,13.2315],[74.7346,13.2315],[74.7346,13.2326],[74.7343,13.2326],[74.7343,13.2338],[74.734,13.2338],[74.734,13.2351],[74.7337,13.2351],[74.7337,13.2357],[74.734,13.2357],[74.734,13.2362],[74.7337,13.2362],[74.7337,13.2371],[74.7335,13.2371],[74.7335,13.2388],[74.7332,13.2388],[74.7332,13.2404],[74.7329,13.2404],[74.7329,13.2418],[74.7326,13.2418],[74.7326,13.2435],[74.7324,13.2435],[74.7324,13.2451],[74.7321,13.2451],[74.7321,13.2474],[74.7318,13.2474],[74.7318,13.2493],[74.7315,13.2493],[74.7315,13.2504],[74.7312,13.2504],[74.7312,13.2515],[74.731,13.2515],[74.731,13.2526],[74.7307,13.2526],[74.7307,13.2537],[74.7304,13.2537],[74.7304,13.2549],[74.7301,13.2549],[74.7301,13.2563],[74.7299,13.2563],[74.7299,13.2576],[74.7296,13.2576],[74.7296,13.2587],[74.7293,13.2587],[74.7293,13.2601],[74.729,13.2601],[74.729,13.2612],[74.7288,13.2612],[74.7288,13.2624],[74.7285,13.2624],[74.7285,13.2635],[74.7282,13.2635],[74.7282,13.2646],[74.7279,13.2646],[74.7279,13.2657],[74.7276,13.2657],[74.7276,13.2668],[74.7274,13.2668],[74.7274,13.2679],[74.7271,13.2679],[74.7271,13.269],[74.7268,13.269],[74.7268,13.2701],[74.7265,13.2701],[74.7265,13.2707],[74.7262,13.2707],[74.7262,13.2713],[74.726,13.2713],[74.726,13.2718],[74.7257,13.2718],[74.7257,13.2724],[74.7254,13.2724],[74.7254,13.2729],[74.7251,13.2729],[74.7251,13.2735],[74.7249,13.2735],[74.7249,13.274],[74.7246,13.274],[74.7246,13.2746],[74.7243,13.2746],[74.7243,13.2754],[74.724,13.2754],[74.724,13.2765],[74.7237,13.2765],[74.7237,13.2774],[74.7235,13.2774],[74.7235,13.2782],[74.7232,13.2782],[74.7232,13.2787],[74.7229,13.2787],[74.7229,13.2793],[74.7226,13.2793],[74.7226,13.2801],[74.7224,13.2801],[74.7224,13.2807],[74.7221,13.2807],[74.7221,13.2813],[74.7218,13.2813],[74.7218,13.2818],[74.7215,13.2818],[74.7215,13.2826],[74.7213,13.2826],[74.7213,13.2832],[74.721,13.2832],[74.721,13.284],[74.7207,13.284],[74.7207,13.2871],[74.7204,13.2871],[74.7204,13.2876],[74.7201,13.2876],[74.7201,13.2882],[74.7199,13.2882],[74.7199,13.2907],[74.7196,13.2907],[74.7196,13.2943],[74.7199,13.2943],[74.7199,13.2963],[74.7196,13.2963],[74.7196,13.2968],[74.7193,13.2968],[74.7193,13.2974],[74.719,13.2974],[74.719,13.2996],[74.7188,13.2996],[74.7188,13.3024],[74.7185,13.3024],[74.7185,13.3038],[74.7182,13.3038],[74.7182,13.3051],[74.7179,13.3051],[74.7179,13.3068],[74.7176,13.3068],[74.7176,13.3082],[74.7174,13.3082],[74.7174,13.3093],[74.7176,13.3093],[74.7176,13.3099],[74.7174,13.3099],[74.7174,13.3104],[74.7171,13.3104],[74.7171,13.311],[74.7168,13.311],[74.7168,13.3118],[74.7165,13.3118],[74.7165,13.3126],[74.7162,13.3126],[74.7162,13.3138],[74.716,13.3138],[74.716,13.3146],[74.7157,13.3146],[74.7157,13.3157],[74.7154,13.3157],[74.7154,13.3168],[74.7151,13.3168],[74.7151,13.3174],[74.7149,13.3174],[74.7149,13.3179],[74.7146,13.3179],[74.7146,13.3185],[74.7143,13.3185],[74.7143,13.319],[74.714,13.319],[74.714,13.3215],[74.7138,13.3215],[74.7138,13.3221],[74.7135,13.3221],[74.7135,13.3226],[74.7132,13.3226],[74.7132,13.3232],[74.7129,13.3232],[74.7129,13.3238],[74.7126,13.3238],[74.7126,13.3243],[74.7124,13.3243],[74.7124,13.3254],[74.7121,13.3254],[74.7121,13.3271],[74.7118,13.3271],[74.7118,13.3282],[74.7115,13.3282],[74.7115,13.329],[74.7113,13.329],[74.7113,13.3296],[74.711,13.3296],[74.711,13.3301],[74.7107,13.3301],[74.7107,13.3307],[74.7104,13.3307],[74.7104,13.3312],[74.7101,13.3312],[74.7101,13.3318],[74.7099,13.3318],[74.7099,13.3324],[74.7096,13.3324],[74.7096,13.3329],[74.7093,13.3329],[74.7093,13.3332],[74.709,13.3332],[74.709,13.3338],[74.7087,13.3338],[74.7087,13.334],[74.7085,13.334],[74.7085,13.3343],[74.7082,13.3343],[74.7082,13.3349],[74.7079,13.3349],[74.7079,13.3351],[74.7076,13.3351],[74.7076,13.3357],[74.7074,13.3357],[74.7074,13.3363],[74.7071,13.3363],[74.7071,13.3365],[74.7068,13.3365],[74.7068,13.3371],[74.7065,13.3371],[74.7065,13.3374],[74.7063,13.3374],[74.7063,13.3376],[74.706,13.3376],[74.706,13.3379],[74.7057,13.3379],[74.7057,13.3382],[74.7054,13.3382],[74.7054,13.3385],[74.7051,13.3385],[74.7051,13.3388],[74.7049,13.3388],[74.7049,13.339],[74.7047,13.339],[74.7046,13.339],[74.7046,13.3393],[74.704,13.3393],[74.704,13.3396],[74.7038,13.3396],[74.7038,13.3399],[74.7032,13.3399],[74.7032,13.3401],[74.7029,13.3401],[74.7029,13.3404],[74.7024,13.3404],[74.7024,13.3407],[74.7018,13.3407],[74.7018,13.341],[74.7015,13.341],[74.7015,13.3413],[74.701,13.3413],[74.701,13.3415],[74.7007,13.3415],[74.7007,13.3418],[74.7001,13.3418],[74.7001,13.3421],[74.6996,13.3421],[74.6996,13.3424],[74.6993,13.3424],[74.6993,13.3426],[74.6988,13.3426],[74.6988,13.3429],[74.6985,13.3429],[74.6985,13.3432],[74.6979,13.3432],[74.6979,13.3435],[74.6974,13.3435],[74.6974,13.3438],[74.6971,13.3437],[74.6971,13.344],[74.6965,13.344],[74.6965,13.3443],[74.696,13.3443],[74.696,13.3446],[74.6957,13.3446],[74.6957,13.3449],[74.6951,13.3449],[74.6951,13.3451],[74.6949,13.3451],[74.6949,13.3454],[74.6946,13.3454],[74.6946,13.3457],[74.6943,13.3457],[74.6943,13.346],[74.694,13.346],[74.694,13.3463],[74.6937,13.3463],[74.6937,13.3465],[74.6935,13.3465],[74.6935,13.3468],[74.6929,13.3468],[74.6929,13.3471],[74.6926,13.3471],[74.6926,13.3474],[74.6924,13.3474],[74.6924,13.3476],[74.6918,13.3476],[74.6918,13.3479],[74.6913,13.3479],[74.6913,13.3482],[74.691,13.3482],[74.691,13.3485],[74.6904,13.3485],[74.6904,13.349],[74.6912,13.349],[74.6912,13.3488],[74.6918,13.3488],[74.6918,13.3485],[74.6924,13.3485],[74.6924,13.3482],[74.6929,13.3482],[74.6929,13.3479],[74.6932,13.3479],[74.6932,13.3476],[74.6937,13.3476],[74.6937,13.3474],[74.6943,13.3474],[74.6943,13.3471],[74.6949,13.3471],[74.6949,13.3468],[74.6954,13.3468],[74.6954,13.3465],[74.696,13.3465],[74.696,13.3463],[74.6965,13.3463],[74.6965,13.346],[74.6968,13.346],[74.6968,13.3457],[74.6974,13.3457],[74.6974,13.3454],[74.6976,13.3454],[74.6976,13.3451],[74.6982,13.3451],[74.6982,13.3449],[74.6985,13.3449],[74.6985,13.3446],[74.699,13.3446],[74.699,13.3443],[74.6993,13.3443],[74.6993,13.344],[74.6999,13.344],[74.6999,13.3437],[74.7001,13.3438],[74.7001,13.3435],[74.7007,13.3435],[74.7007,13.3432],[74.7012,13.3432],[74.7012,13.3429],[74.7018,13.3429],[74.7018,13.3426],[74.7024,13.3426],[74.7024,13.3424],[74.7026,13.3424],[74.7026,13.3421],[74.7032,13.3421],[74.7032,13.3418],[74.7038,13.3418],[74.7038,13.3415],[74.7043,13.3415],[74.7043,13.3413],[74.7051,13.3413],[74.7051,13.3401],[74.7053,13.3401],[74.7054,13.3401],[74.7054,13.3396],[74.706,13.3396],[74.706,13.3393],[74.7061,13.3393],[74.7063,13.3393],[74.7063,13.3391],[74.7063,13.339],[74.7065,13.339],[74.7065,13.3388],[74.7071,13.3388],[74.7071,13.3385],[74.7065,13.3385],[74.7065,13.3382],[74.7068,13.3382],[74.7068,13.3379],[74.7069,13.3379],[74.7074,13.3379],[74.7074,13.3376],[74.7076,13.3376],[74.7076,13.3374],[74.7082,13.3374],[74.7082,13.3371],[74.7085,13.3371],[74.7085,13.3368],[74.709,13.3368],[74.709,13.3365],[74.7093,13.3365],[74.7093,13.3351],[74.7096,13.3351],[74.7096,13.3349],[74.7099,13.3349],[74.7099,13.3343],[74.7101,13.3343],[74.7101,13.334],[74.7104,13.334],[74.7104,13.3338],[74.7107,13.3338],[74.7107,13.3335],[74.711,13.3335],[74.711,13.3332],[74.7113,13.3332],[74.7113,13.3326],[74.7115,13.3326],[74.7115,13.3324],[74.7118,13.3324],[74.7118,13.3321],[74.7121,13.3321],[74.7121,13.3318],[74.7124,13.3318],[74.7124,13.3315],[74.7126,13.3315],[74.7126,13.331],[74.7129,13.331],[74.7129,13.3307],[74.7132,13.3307],[74.7132,13.3296],[74.7135,13.3296],[74.7135,13.3285],[74.7138,13.3285],[74.7138,13.3276],[74.714,13.3276],[74.714,13.3265],[74.7143,13.3265],[74.7143,13.3263],[74.7146,13.3263],[74.7146,13.3257],[74.7149,13.3257],[74.7149,13.3254],[74.7151,13.3254],[74.7151,13.3249],[74.7154,13.3249],[74.7154,13.3237],[74.7157,13.3238],[74.7157,13.3229],[74.716,13.3229],[74.716,13.3224],[74.7162,13.3224],[74.7162,13.3218],[74.7162,13.3213],[74.7165,13.3213],[74.7165,13.3211],[74.7165,13.3196],[74.7168,13.3196],[74.7168,13.3179],[74.7171,13.3179],[74.7171,13.3146],[74.7174,13.3146],[74.7174,13.3135],[74.7176,13.3135],[74.7176,13.3118],[74.7179,13.3118],[74.7179,13.311],[74.7182,13.311],[74.7182,13.3107],[74.7179,13.3107],[74.7179,13.3099],[74.7182,13.3099],[74.7182,13.309],[74.7185,13.309],[74.7185,13.3082],[74.7188,13.3082],[74.7188,13.3071],[74.719,13.3071],[74.719,13.306],[74.7193,13.306],[74.7193,13.3051],[74.7196,13.3051],[74.7196,13.3046],[74.7199,13.3046],[74.7199,13.3013],[74.7196,13.3013],[74.7196,13.3001],[74.7199,13.3001],[74.7199,13.2985],[74.7201,13.2985],[74.7201,13.2965],[74.7204,13.2965],[74.7204,13.2913],[74.7207,13.2913],[74.7207,13.289],[74.721,13.289],[74.721,13.2874],[74.7213,13.2874],[74.7213,13.2863],[74.7215,13.2863],[74.7215,13.2851],[74.7218,13.2851],[74.7218,13.284],[74.7221,13.284],[74.7221,13.2835],[74.7224,13.2835],[74.7224,13.2832],[74.7226,13.2832],[74.7226,13.2826],[74.7229,13.2826],[74.7229,13.2821],[74.7232,13.2821],[74.7232,13.2815],[74.7235,13.2815],[74.7235,13.2807],[74.7237,13.2807],[74.7237,13.2799],[74.724,13.2799],[74.724,13.2796],[74.7243,13.2796],[74.7243,13.279],[74.7246,13.279],[74.7246,13.2787],[74.7249,13.2787],[74.7249,13.2785],[74.7251,13.2785],[74.7251,13.2782],[74.7257,13.2782],[74.7257,13.2779],[74.726,13.2779],[74.726,13.2777],[74.7265,13.2777],[74.7265,13.2774],[74.7268,13.2774],[74.7268,13.2771],[74.7271,13.2771],[74.7271,13.2768],[74.7285,13.2768],[74.7285,13.2771],[74.729,13.2771],[74.729,13.2779],[74.7288,13.2779],[74.7288,13.279],[74.729,13.279],[74.729,13.2804],[74.7293,13.2804],[74.7293,13.2815],[74.7296,13.2815],[74.7296,13.2824],[74.7301,13.2824],[74.7301,13.2832],[74.7304,13.2832],[74.7304,13.2835],[74.7301,13.2835],[74.7301,13.2843],[74.7299,13.2843],[74.7299,13.2846],[74.7293,13.2846],[74.7293,13.2849],[74.729,13.2849],[74.729,13.2854],[74.7293,13.2854],[74.7293,13.2857],[74.7301,13.2857],[74.7301,13.286],[74.7315,13.286],[74.7315,13.2863],[74.7321,13.2863],[74.7321,13.2865],[74.7324,13.2865],[74.7324,13.2868],[74.7329,13.2868],[74.7329,13.2871],[74.7335,13.2871],[74.7335,13.2874],[74.7337,13.2874],[74.7337,13.2876],[74.734,13.2876],[74.734,13.2879],[74.7343,13.2879],[74.7343,13.2882],[74.7349,13.2882],[74.7349,13.2885],[74.7354,13.2885],[74.7354,13.2887],[74.7357,13.2887],[74.7357,13.2893],[74.736,13.2893],[74.736,13.2896],[74.7357,13.2896],[74.7357,13.2901],[74.7351,13.2901],[74.7351,13.2904],[74.7337,13.2904],[74.7337,13.2901],[74.7329,13.2901],[74.7329,13.2899],[74.7326,13.2899],[74.7326,13.2896],[74.7324,13.2896],[74.7324,13.2893],[74.7321,13.2893],[74.7321,13.2887],[74.7318,13.2887],[74.7318,13.2882],[74.7315,13.2882],[74.7315,13.2876],[74.7312,13.2876],[74.7312,13.2874],[74.7293,13.2874],[74.7293,13.2876],[74.7296,13.2876],[74.7296,13.2879],[74.7288,13.2879],[74.7288,13.2882],[74.7279,13.2882],[74.7279,13.2885],[74.7276,13.2885],[74.7274,13.2885],[74.7274,13.2887],[74.7265,13.2887],[74.7265,13.289],[74.726,13.289],[74.726,13.2893],[74.7251,13.2893],[74.7251,13.2896],[74.7246,13.2896],[74.7246,13.2899],[74.7243,13.2899],[74.7243,13.2901],[74.7237,13.2901],[74.7237,13.291],[74.7235,13.291],[74.7235,13.2918],[74.7232,13.2918],[74.7232,13.2926],[74.7229,13.2926],[74.7229,13.2935],[74.7226,13.2935],[74.7226,13.294],[74.7224,13.294],[74.7224,13.2951],[74.7225,13.2951],[74.7226,13.2951],[74.7226,13.2965],[74.7229,13.2965],[74.7229,13.2976],[74.7232,13.2976],[74.7232,13.2988],[74.7235,13.2988],[74.7235,13.299],[74.7232,13.299],[74.7232,13.2996],[74.7229,13.2996],[74.7229,13.2999],[74.7226,13.2999],[74.7226,13.3004],[74.7229,13.3004],[74.7229,13.301],[74.7232,13.301],[74.7232,13.3018],[74.7235,13.3018],[74.7235,13.3021],[74.7232,13.3021],[74.7232,13.3029],[74.7229,13.3029],[74.7229,13.3035],[74.7226,13.3035],[74.7226,13.3046],[74.7224,13.3046],[74.7224,13.3049],[74.7218,13.3049],[74.7218,13.305],[74.7218,13.3051],[74.7215,13.3051],[74.7215,13.3057],[74.7218,13.3057],[74.7221,13.3057],[74.7221,13.306],[74.7224,13.306],[74.7224,13.3063],[74.7221,13.3063],[74.7221,13.3065],[74.7224,13.3065],[74.7224,13.3074],[74.7221,13.3074],[74.7221,13.3082],[74.7218,13.3082],[74.7218,13.3088],[74.7215,13.3088],[74.7215,13.3093],[74.7213,13.3093],[74.7213,13.3101],[74.721,13.3101],[74.721,13.3124],[74.7207,13.3124],[74.7207,13.3135],[74.7204,13.3135],[74.7204,13.3146],[74.7201,13.3146],[74.7201,13.3154],[74.7199,13.3154],[74.7199,13.3157],[74.7201,13.3157],[74.7201,13.316],[74.7199,13.316],[74.7199,13.3168],[74.7196,13.3168],[74.7196,13.319],[74.7193,13.319],[74.7193,13.3201],[74.719,13.3201],[74.719,13.3204],[74.7188,13.3204],[74.7188,13.3215],[74.7185,13.3215],[74.7185,13.3221],[74.7188,13.3221],[74.7188,13.3232],[74.7185,13.3232],[74.7185,13.3238],[74.7188,13.3238],[74.7188,13.3243],[74.7185,13.3243],[74.7185,13.3246],[74.7188,13.3246],[74.7188,13.3249],[74.7185,13.3249],[74.7185,13.3254],[74.7182,13.3254],[74.7182,13.326],[74.7176,13.326],[74.7176,13.3274],[74.7174,13.3274],[74.7174,13.3276],[74.7171,13.3276],[74.7171,13.3282],[74.7168,13.3282],[74.7168,13.329],[74.7165,13.329],[74.7165,13.3296],[74.716,13.3296],[74.716,13.3299],[74.7157,13.3299],[74.7157,13.3301],[74.7151,13.3301],[74.7151,13.3307],[74.7149,13.3307],[74.7149,13.3312],[74.7146,13.3312],[74.7146,13.3321],[74.7143,13.3321],[74.7143,13.3326],[74.714,13.3326],[74.714,13.3332],[74.7143,13.3332],[74.7143,13.3346],[74.714,13.3346],[74.714,13.3349],[74.7138,13.3349],[74.7138,13.3354],[74.7135,13.3354],[74.7135,13.3357],[74.7129,13.3357],[74.7129,13.3363],[74.7126,13.3363],[74.7126,13.3365],[74.7121,13.3365],[74.7121,13.3371],[74.7118,13.3371],[74.7118,13.3376],[74.7115,13.3376],[74.7115,13.3382],[74.7113,13.3382],[74.7113,13.3404],[74.7115,13.3404],[74.7115,13.3413],[74.7113,13.3413],[74.7113,13.3418],[74.7104,13.3418],[74.7104,13.3415],[74.7099,13.3415],[74.7099,13.341],[74.7096,13.341],[74.7096,13.3404],[74.7093,13.3404],[74.7093,13.3401],[74.709,13.3401],[74.709,13.3404],[74.7087,13.3404],[74.7087,13.3407],[74.7082,13.3407],[74.7082,13.341],[74.7079,13.341],[74.7079,13.3413],[74.7074,13.3413],[74.7074,13.3415],[74.7068,13.3415],[74.7068,13.3418],[74.7063,13.3418],[74.7063,13.3421],[74.706,13.3421],[74.706,13.3426],[74.7054,13.3426],[74.7054,13.3429],[74.7051,13.3429],[74.7051,13.3432],[74.7049,13.3432],[74.7049,13.3435],[74.7046,13.3435],[74.7046,13.3438],[74.7043,13.3437],[74.7043,13.3443],[74.7032,13.3443],[74.7032,13.3446],[74.7018,13.3446],[74.7018,13.3449],[74.7007,13.3449],[74.7007,13.3451],[74.6996,13.3451],[74.6996,13.3454],[74.699,13.3454],[74.699,13.3457],[74.6985,13.3457],[74.6985,13.346],[74.6982,13.346],[74.6982,13.3463],[74.6976,13.3463],[74.6976,13.3465],[74.6971,13.3465],[74.6971,13.3468],[74.6965,13.3468],[74.6965,13.3471],[74.6963,13.3471],[74.6963,13.3474],[74.6957,13.3474],[74.6957,13.3476],[74.6951,13.3476],[74.6951,13.3479],[74.6954,13.3479],[74.6954,13.3482],[74.696,13.3482],[74.696,13.3485],[74.6963,13.3485],[74.6963,13.3488],[74.6965,13.3488],[74.6965,13.3493],[74.6968,13.3493],[74.6968,13.3496],[74.6974,13.3496],[74.6974,13.3499],[74.6976,13.3499],[74.6976,13.351],[74.6979,13.351],[74.6979,13.3526],[74.6982,13.3526],[74.6982,13.3546],[74.6979,13.3546],[74.6979,13.3565],[74.6976,13.3565],[74.6976,13.359],[74.6979,13.359],[74.6979,13.3596],[74.6982,13.3596],[74.6982,13.3599],[74.6985,13.3599],[74.6985,13.3601],[74.6988,13.3601],[74.6988,13.361],[74.6985,13.361],[74.6985,13.3621],[74.6982,13.3621],[74.6982,13.3624],[74.6979,13.3624],[74.6979,13.364],[74.6976,13.364],[74.6976,13.3674],[74.6974,13.3674],[74.6974,13.3707],[74.6971,13.3707],[74.6971,13.374],[74.6968,13.374],[74.6968,13.3746],[74.6965,13.3746],[74.6965,13.3757],[74.6963,13.3757],[74.6963,13.3768],[74.696,13.3768],[74.696,13.379],[74.6957,13.379],[74.6957,13.3829],[74.696,13.3829],[74.696,13.3871],[74.6963,13.3871],[74.6963,13.3904],[74.6965,13.3904],[74.6965,13.3929],[74.6968,13.3929],[74.6968,13.3931],[74.6968,13.3951],[74.6971,13.3951],[74.6971,13.3976],[74.6974,13.3976],[74.6974,13.4024],[74.6971,13.4024],[74.6971,13.4065],[74.6968,13.4065],[74.6968,13.4093],[74.6965,13.4093],[74.6965,13.4121],[74.6963,13.4121],[74.6963,13.4171],[74.696,13.4171],[74.696,13.4185],[74.6957,13.4185],[74.6957,13.4196],[74.6954,13.4196],[74.6954,13.421],[74.6951,13.421],[74.6951,13.4232],[74.6949,13.4232],[74.6949,13.4263],[74.6946,13.4263],[74.6946,13.4296],[74.6943,13.4296],[74.6943,13.4385],[74.694,13.4385],[74.694,13.4461],[74.694,13.4465],[74.6938,13.4465],[74.6937,13.4465],[74.6937,13.4468],[74.6937,13.4476],[74.694,13.4476],[74.694,13.4485],[74.6943,13.4485],[74.6943,13.4493],[74.6946,13.4493],[74.6946,13.4499],[74.6943,13.4499],[74.6943,13.454],[74.694,13.454],[74.694,13.4546],[74.6937,13.4546],[74.6937,13.4549],[74.6935,13.4549],[74.6935,13.4554],[74.6932,13.4554],[74.6932,13.456],[74.6929,13.456],[74.6929,13.4565],[74.6926,13.4565],[74.6926,13.4571],[74.6924,13.4571],[74.6924,13.4574],[74.6921,13.4574],[74.6921,13.4579],[74.6918,13.4579],[74.6918,13.4582],[74.6915,13.4582],[74.6915,13.4588],[74.6912,13.4588],[74.6912,13.459],[74.691,13.459],[74.691,13.4596],[74.6907,13.4596],[74.6907,13.4607],[74.6904,13.4607],[74.6904,13.4629],[74.6901,13.4629],[74.6901,13.4636],[74.6901,13.4649],[74.6899,13.4649],[74.6899,13.4671],[74.6896,13.4671],[74.6896,13.469],[74.6893,13.469],[74.6893,13.4712],[74.689,13.4712],[74.689,13.4743],[74.6888,13.4743],[74.6888,13.4788],[74.6885,13.4788],[74.6885,13.4829],[74.6882,13.4829],[74.6882,13.4863],[74.6879,13.4863],[74.6879,13.4899],[74.6876,13.4899],[74.6876,13.4926],[74.6874,13.4926],[74.6874,13.4946],[74.6871,13.4946],[74.6871,13.4968],[74.6868,13.4968],[74.6868,13.4987],[74.6865,13.4987],[74.6865,13.5007],[74.6862,13.5007],[74.6862,13.5029],[74.686,13.5029],[74.686,13.5057],[74.6857,13.5057],[74.6857,13.5093],[74.6854,13.5093],[74.6854,13.5135],[74.6851,13.5135],[74.6851,13.5171],[74.6849,13.5171],[74.6849,13.5187],[74.6846,13.5187],[74.6846,13.5204],[74.6843,13.5204],[74.6843,13.5229],[74.684,13.5229],[74.684,13.5257],[74.6837,13.5257],[74.6837,13.5285],[74.6835,13.5285],[74.6835,13.5307],[74.6832,13.5307],[74.6832,13.5318],[74.6829,13.5318],[74.6829,13.5337],[74.6826,13.5337],[74.6826,13.5365],[74.6824,13.5365],[74.6824,13.5382],[74.6824,13.5393],[74.6821,13.5393],[74.6821,13.5421],[74.6818,13.5421],[74.6818,13.5449],[74.6815,13.5449],[74.6815,13.5474],[74.6813,13.5474],[74.6813,13.549],[74.681,13.549],[74.681,13.5507],[74.6807,13.5507],[74.6807,13.5526],[74.6804,13.5526],[74.6804,13.5543],[74.6801,13.5543],[74.6801,13.556],[74.6799,13.556],[74.6799,13.5579],[74.6796,13.5579],[74.6796,13.5596],[74.6793,13.5596],[74.6793,13.5612],[74.679,13.5612],[74.679,13.5632],[74.6787,13.5632],[74.6787,13.5651],[74.6785,13.5651],[74.6785,13.5671],[74.6782,13.5671],[74.6782,13.569],[74.6779,13.569],[74.6779,13.571],[74.6776,13.571],[74.6776,13.5729],[74.6774,13.5729],[74.6774,13.5749],[74.6771,13.5749],[74.6771,13.5765],[74.6768,13.5765],[74.6768,13.5785],[74.6765,13.5785],[74.6765,13.5804],[74.6762,13.5804],[74.6762,13.5809],[74.6762,13.5824],[74.6761,13.5824],[74.676,13.5824],[74.676,13.5839],[74.6759,13.5843],[74.6757,13.5843],[74.6757,13.5863],[74.6754,13.5863],[74.6754,13.5882],[74.6751,13.5882],[74.6751,13.5899],[74.6749,13.5899],[74.6749,13.5915],[74.6746,13.5915],[74.6746,13.5929],[74.6743,13.5929],[74.6743,13.5946],[74.674,13.5946],[74.674,13.596],[74.6738,13.596],[74.6738,13.5974],[74.6735,13.5974],[74.6735,13.599],[74.6732,13.599],[74.6732,13.6004],[74.6729,13.6004],[74.6729,13.6021],[74.6726,13.6021],[74.6726,13.6035],[74.6724,13.6035],[74.6724,13.6051],[74.6721,13.6051],[74.6721,13.6062],[74.6721,13.6065],[74.6718,13.6065],[74.6718,13.6072],[74.6718,13.6082],[74.6715,13.6082],[74.6715,13.6086],[74.6715,13.6096],[74.6712,13.6096],[74.6712,13.61],[74.6712,13.6112],[74.6711,13.6112],[74.671,13.6112],[74.671,13.6126],[74.6707,13.6126],[74.6707,13.614],[74.6704,13.614],[74.6704,13.6157],[74.6701,13.6157],[74.6701,13.6171],[74.67,13.6171],[74.6699,13.6171],[74.6699,13.6176],[74.6699,13.6188],[74.6696,13.6188],[74.6696,13.6201],[74.6693,13.6201],[74.6693,13.6218],[74.669,13.6218],[74.669,13.6232],[74.6687,13.6232],[74.6687,13.6249],[74.6685,13.6249],[74.6685,13.6265],[74.6682,13.6265],[74.6682,13.628],[74.6682,13.6282],[74.6679,13.6282],[74.6679,13.6293],[74.6682,13.6293],[74.6682,13.6299],[74.6685,13.6299],[74.6685,13.6304],[74.6687,13.6304],[74.6687,13.631],[74.669,13.631],[74.669,13.6315],[74.6693,13.6315],[74.6693,13.6321],[74.6696,13.6321],[74.6696,13.6324],[74.6699,13.6324],[74.6699,13.6326],[74.6704,13.6326],[74.6704,13.6329],[74.6707,13.6329],[74.6707,13.6337],[74.6704,13.6337],[74.6704,13.6349],[74.6701,13.6349],[74.6701,13.636],[74.6699,13.636],[74.6699,13.6371],[74.6696,13.6371],[74.6696,13.6382],[74.6693,13.6382],[74.6693,13.6385],[74.6682,13.6385],[74.6682,13.6388],[74.6679,13.6387],[74.6679,13.6393],[74.6676,13.6393],[74.6676,13.6396],[74.6674,13.6396],[74.6674,13.6399],[74.6671,13.6399],[74.6671,13.6407],[74.6668,13.6407],[74.6668,13.6412],[74.6665,13.6412],[74.6665,13.6415],[74.6663,13.6415],[74.6663,13.6418],[74.6657,13.6418],[74.6657,13.6421],[74.6654,13.6421],[74.6654,13.6424],[74.6651,13.6424],[74.6651,13.6429],[74.6649,13.6429],[74.6649,13.644],[74.6646,13.644],[74.6646,13.6482],[74.6643,13.6482],[74.6643,13.649],[74.664,13.649],[74.664,13.6496],[74.6638,13.6496],[74.6638,13.6504],[74.6635,13.6504],[74.6635,13.6513],[74.6632,13.6512],[74.6632,13.6521],[74.6629,13.6521],[74.6629,13.6529],[74.6626,13.6529],[74.6626,13.6535],[74.6624,13.6535],[74.6624,13.6543],[74.6621,13.6543],[74.6621,13.6549],[74.6618,13.6549],[74.6618,13.6554],[74.6615,13.6554],[74.6615,13.6557],[74.6612,13.6557],[74.6612,13.656],[74.661,13.656],[74.661,13.6565],[74.6607,13.6565],[74.6607,13.6568],[74.6599,13.6568],[74.6599,13.6571],[74.6596,13.6571],[74.6596,13.6574],[74.6593,13.6574],[74.6593,13.6576],[74.659,13.6576],[74.659,13.6579],[74.6588,13.6579],[74.6588,13.6582],[74.6585,13.6582],[74.6585,13.6585],[74.6582,13.6585],[74.6582,13.6587],[74.6579,13.6587],[74.6579,13.659],[74.6576,13.659],[74.6576,13.6596],[74.6574,13.6596],[74.6574,13.6599],[74.6571,13.6599],[74.6571,13.6601],[74.6568,13.6601],[74.6568,13.6604],[74.6565,13.6604],[74.6565,13.6607],[74.6562,13.6607],[74.6562,13.6613],[74.656,13.6613],[74.656,13.6615],[74.6557,13.6615],[74.6557,13.6618],[74.6554,13.6618],[74.6554,13.6621],[74.6551,13.6621],[74.6551,13.6624],[74.6549,13.6624],[74.6549,13.6629],[74.6546,13.6629],[74.6546,13.6632],[74.6543,13.6632],[74.6543,13.6635],[74.654,13.6635],[74.654,13.6637],[74.6537,13.6637],[74.6537,13.664],[74.6535,13.664],[74.6535,13.6646],[74.6532,13.6646],[74.6532,13.6649],[74.6529,13.6649],[74.6529,13.6651],[74.6521,13.6651],[74.6521,13.6657],[74.6518,13.6657],[74.6518,13.666],[74.6515,13.666],[74.6515,13.6663],[74.6513,13.6663],[74.6513,13.6668],[74.651,13.6668],[74.651,13.6676],[74.6507,13.6676],[74.6507,13.6693],[74.6504,13.6693],[74.6504,13.671],[74.6501,13.671],[74.6501,13.6721],[74.6499,13.6721],[74.6499,13.6726],[74.6496,13.6726],[74.6496,13.6732],[74.6493,13.6732],[74.6493,13.6738],[74.649,13.6738],[74.649,13.6743],[74.6488,13.6743],[74.6488,13.6749],[74.6485,13.6749],[74.6485,13.6754],[74.6482,13.6754],[74.6482,13.676],[74.6479,13.676],[74.6479,13.6765],[74.6476,13.6765],[74.6476,13.6771],[74.6474,13.6771],[74.6474,13.6776],[74.6471,13.6776],[74.6471,13.6782],[74.6468,13.6782],[74.6468,13.6788],[74.6465,13.6788],[74.6465,13.6793],[74.6462,13.6793],[74.6462,13.6801],[74.646,13.6801],[74.646,13.6813],[74.6457,13.6812],[74.6457,13.6821],[74.6454,13.6821],[74.6454,13.6829],[74.6451,13.6829],[74.6451,13.684],[74.6449,13.684],[74.6449,13.6849],[74.6446,13.6849],[74.6446,13.686],[74.6443,13.686],[74.6443,13.6896],[74.644,13.6896],[74.644,13.6915],[74.644,13.6938],[74.6438,13.6938],[74.6438,13.6954],[74.6435,13.6954],[74.6435,13.6971],[74.6432,13.6971],[74.6432,13.6976],[74.6432,13.6988],[74.6429,13.6988],[74.6429,13.7004],[74.6426,13.7004],[74.6426,13.7021],[74.6424,13.7021],[74.6424,13.7038],[74.6421,13.7037],[74.6421,13.7057],[74.6418,13.7057],[74.6418,13.7074],[74.6415,13.7074],[74.6415,13.7093],[74.6413,13.7093],[74.6413,13.711],[74.641,13.711],[74.641,13.7129],[74.6407,13.7129],[74.6407,13.7146],[74.6404,13.7146],[74.6404,13.7163],[74.6401,13.7163],[74.6401,13.7171],[74.6401,13.7179],[74.6399,13.7179],[74.6399,13.7196],[74.6396,13.7196],[74.6396,13.7212],[74.6393,13.7212],[74.6393,13.7229],[74.639,13.7229],[74.639,13.7246],[74.6387,13.7246],[74.6387,13.7263],[74.6385,13.7263],[74.6385,13.7279],[74.6382,13.7279],[74.6382,13.7296],[74.6379,13.7296],[74.6379,13.7313],[74.6376,13.7313],[74.6376,13.7329],[74.6374,13.7329],[74.6374,13.7346],[74.6371,13.7346],[74.6371,13.7363],[74.6368,13.7362],[74.6368,13.7382],[74.6365,13.7382],[74.6365,13.7399],[74.6363,13.7399],[74.6363,13.7415],[74.636,13.7415],[74.636,13.7435],[74.6357,13.7435],[74.6357,13.7451],[74.6354,13.7451],[74.6354,13.7468],[74.6351,13.7468],[74.6351,13.7479],[74.6349,13.7479],[74.6349,13.7493],[74.6346,13.7493],[74.6346,13.7507],[74.6343,13.7507],[74.6343,13.7518],[74.634,13.7518],[74.634,13.7532],[74.6338,13.7532],[74.6338,13.7546],[74.6335,13.7546],[74.6335,13.7557],[74.6332,13.7557],[74.6332,13.7571],[74.6329,13.7571],[74.6329,13.7575],[74.6329,13.7585],[74.6328,13.7585],[74.6326,13.7585],[74.6326,13.7594],[74.6326,13.7596],[74.6324,13.7596],[74.6324,13.7612],[74.6324,13.7629],[74.6321,13.7629],[74.6321,13.7638],[74.6321,13.764],[74.6318,13.764],[74.6318,13.7646],[74.6315,13.7646],[74.6315,13.7651],[74.6312,13.7651],[74.6312,13.7657],[74.631,13.7657],[74.631,13.7668],[74.6307,13.7668],[74.6307,13.7685],[74.6304,13.7685],[74.6304,13.7701],[74.6301,13.7701],[74.6301,13.7718],[74.6299,13.7718],[74.6299,13.7735],[74.6296,13.7735],[74.6296,13.7751],[74.6293,13.7751],[74.6293,13.7768],[74.629,13.7768],[74.629,13.7804],[74.6288,13.7804],[74.6288,13.7807],[74.6285,13.7807],[74.6285,13.7815],[74.6282,13.7815],[74.6282,13.7832],[74.6279,13.7832],[74.6279,13.7849],[74.6276,13.7849],[74.6276,13.786],[74.6274,13.786],[74.6274,13.7868],[74.6271,13.7868],[74.6271,13.7879],[74.6268,13.7879],[74.6268,13.7888],[74.6265,13.7887],[74.6265,13.7896],[74.6263,13.7896],[74.6263,13.7904],[74.626,13.7904],[74.626,13.7915],[74.6257,13.7915],[74.6257,13.7924],[74.6254,13.7924],[74.6254,13.7932],[74.6257,13.7932],[74.6257,13.7943],[74.626,13.7943],[74.626,13.7953],[74.626,13.7954],[74.6263,13.7954],[74.6263,13.7963],[74.626,13.7963],[74.626,13.7971],[74.6257,13.7971],[74.6257,13.7965],[74.6254,13.7965],[74.6251,13.7965],[74.6251,13.7968],[74.6246,13.7968],[74.6246,13.7971],[74.6243,13.7971],[74.6243,13.7982],[74.624,13.7982],[74.624,13.7987],[74.6237,13.7987],[74.6237,13.799],[74.6235,13.799],[74.6235,13.8001],[74.6232,13.8001],[74.6232,13.8013],[74.6229,13.8012],[74.6229,13.8026],[74.6226,13.8026],[74.6226,13.804],[74.6224,13.804],[74.6224,13.8054],[74.6221,13.8054],[74.6221,13.8068],[74.6218,13.8068],[74.6218,13.8082],[74.6215,13.8082],[74.6215,13.8096],[74.6212,13.8096],[74.6212,13.811],[74.621,13.811],[74.621,13.8124],[74.6207,13.8124],[74.6207,13.8138],[74.6204,13.8138],[74.6204,13.8151],[74.6201,13.8151],[74.6201,13.8165],[74.6199,13.8165],[74.6199,13.8179],[74.6196,13.8179],[74.6196,13.8193],[74.6193,13.8193],[74.6193,13.8207],[74.619,13.8207],[74.619,13.8221],[74.6188,13.8221],[74.6188,13.8235],[74.6185,13.8235],[74.6185,13.8249],[74.6182,13.8249],[74.6182,13.8263],[74.6179,13.8263],[74.6179,13.8268],[74.6171,13.8268],[74.6171,13.8279],[74.6168,13.8279],[74.6168,13.8301],[74.6165,13.8301],[74.6165,13.8318],[74.6162,13.8318],[74.6162,13.8329],[74.616,13.8329],[74.616,13.834],[74.6157,13.834],[74.6157,13.8351],[74.6154,13.8351],[74.6154,13.836],[74.6151,13.836],[74.6151,13.8371],[74.6149,13.8371],[74.6149,13.8382],[74.6146,13.8382],[74.6146,13.839],[74.6143,13.839],[74.6143,13.8401],[74.614,13.8401],[74.614,13.8413],[74.6137,13.8413],[74.6137,13.8422],[74.6137,13.8424],[74.6135,13.8424],[74.6135,13.8432],[74.6132,13.8432],[74.6132,13.8442],[74.6132,13.8443],[74.6129,13.8443],[74.6129,13.8452],[74.6129,13.8454],[74.6126,13.8454],[74.6126,13.8461],[74.6126,13.8465],[74.6125,13.8465],[74.6124,13.8465],[74.6124,13.8471],[74.6124,13.8476],[74.6122,13.8476],[74.6121,13.8476],[74.6121,13.8481],[74.6121,13.8488],[74.6118,13.8488],[74.6118,13.8491],[74.6118,13.8499],[74.6115,13.8499],[74.6115,13.8501],[74.6115,13.851],[74.6113,13.851],[74.6113,13.8521],[74.611,13.8521],[74.611,13.8532],[74.6107,13.8532],[74.6107,13.854],[74.6104,13.854],[74.6104,13.8549],[74.6101,13.8549],[74.6101,13.8551],[74.6101,13.856],[74.6099,13.856],[74.6099,13.8568],[74.6096,13.8568],[74.6096,13.8576],[74.6093,13.8576],[74.6093,13.8588],[74.609,13.8588],[74.609,13.8596],[74.6087,13.8596],[74.6087,13.8604],[74.6085,13.8604],[74.6085,13.8613],[74.6082,13.8613],[74.6082,13.8624],[74.6079,13.8624],[74.6079,13.8632],[74.6076,13.8632],[74.6076,13.864],[74.6074,13.864],[74.6074,13.8651],[74.6071,13.8651],[74.6071,13.866],[74.6068,13.866],[74.6068,13.8665],[74.6079,13.8665],[74.6079,13.866],[74.6082,13.866],[74.6082,13.8651],[74.6085,13.8651],[74.6085,13.8643],[74.6087,13.8643],[74.6087,13.8635],[74.609,13.8635],[74.609,13.8626],[74.6093,13.8626],[74.6093,13.8621],[74.6096,13.8621],[74.6096,13.8618],[74.6099,13.8618],[74.6099,13.8613],[74.6101,13.8613],[74.6101,13.861],[74.6104,13.861],[74.6104,13.8607],[74.611,13.8607],[74.611,13.8604],[74.6113,13.8604],[74.6113,13.8601],[74.6118,13.8601],[74.6118,13.8585],[74.6121,13.8585],[74.6121,13.8551],[74.6124,13.8551],[74.6124,13.8549],[74.6126,13.8549],[74.6126,13.8546],[74.6129,13.8546],[74.6129,13.854],[74.6132,13.854],[74.6132,13.8535],[74.6135,13.8535],[74.6135,13.8532],[74.6135,13.8529],[74.6137,13.8529],[74.6137,13.8524],[74.614,13.8524],[74.614,13.8521],[74.6143,13.8521],[74.6143,13.8515],[74.6146,13.8515],[74.6146,13.8512],[74.6154,13.8512],[74.6154,13.851],[74.6162,13.851],[74.6162,13.8507],[74.6171,13.8507],[74.6174,13.8507],[74.6174,13.8505],[74.6174,13.8504],[74.6175,13.8504],[74.6185,13.8504],[74.6185,13.8501],[74.619,13.8501],[74.619,13.8499],[74.6199,13.8499],[74.6199,13.8496],[74.621,13.8496],[74.621,13.8493],[74.6218,13.8493],[74.6218,13.849],[74.6229,13.849],[74.6229,13.8488],[74.624,13.8488],[74.624,13.8485],[74.6254,13.8485],[74.6254,13.8482],[74.6265,13.8482],[74.6265,13.8479],[74.6277,13.8479],[74.6304,13.8479],[74.6304,13.8482],[74.6312,13.8482],[74.6312,13.8485],[74.6321,13.8485],[74.6321,13.8488],[74.6332,13.8488],[74.6332,13.849],[74.6329,13.849],[74.6329,13.8499],[74.6307,13.8499],[74.6307,13.8496],[74.6301,13.8496],[74.6301,13.8493],[74.6293,13.8493],[74.6293,13.849],[74.6287,13.849],[74.6287,13.8488],[74.6282,13.8488],[74.6282,13.849],[74.6279,13.849],[74.6279,13.8493],[74.6274,13.8493],[74.6249,13.8493],[74.6249,13.8496],[74.6246,13.8496],[74.6246,13.8499],[74.624,13.8499],[74.624,13.8501],[74.6237,13.8501],[74.6237,13.8504],[74.6232,13.8504],[74.6232,13.8507],[74.6229,13.8507],[74.6229,13.851],[74.6212,13.851],[74.6212,13.8507],[74.621,13.8507],[74.621,13.8504],[74.6199,13.8504],[74.6199,13.8507],[74.6193,13.8507],[74.6193,13.851],[74.6185,13.851],[74.6185,13.8515],[74.6171,13.8515],[74.6171,13.8518],[74.6158,13.8518],[74.6157,13.8518],[74.6157,13.8521],[74.6154,13.8521],[74.6154,13.8526],[74.6151,13.8526],[74.6151,13.8532],[74.6149,13.8532],[74.6149,13.8535],[74.6146,13.8535],[74.6146,13.854],[74.6143,13.854],[74.6143,13.8543],[74.614,13.8543],[74.614,13.8549],[74.6143,13.8549],[74.6143,13.8554],[74.614,13.8554],[74.614,13.8557],[74.6137,13.8557],[74.6137,13.856],[74.6135,13.856],[74.6135,13.8563],[74.6132,13.8563],[74.6132,13.8576],[74.6129,13.8576],[74.6129,13.859],[74.6135,13.859],[74.6135,13.8593],[74.6176,13.8593],[74.6176,13.8596],[74.6174,13.8596],[74.6174,13.8597],[74.6174,13.8599],[74.6161,13.8599],[74.6126,13.8599],[74.6126,13.8604],[74.6124,13.8604],[74.6124,13.861],[74.6118,13.861],[74.6118,13.8618],[74.6121,13.8618],[74.6121,13.8627],[74.6121,13.8629],[74.6118,13.8629],[74.6118,13.8635],[74.6115,13.8635],[74.6115,13.8638],[74.6113,13.8638],[74.6113,13.8643],[74.611,13.8643],[74.611,13.8645],[74.611,13.8649],[74.6107,13.8649],[74.6107,13.866],[74.6104,13.866],[74.6104,13.8674],[74.6101,13.8674],[74.6101,13.8676],[74.6099,13.8676],[74.6099,13.8679],[74.609,13.8679],[74.609,13.8682],[74.6085,13.8682],[74.6085,13.8685],[74.6076,13.8685],[74.6076,13.8688],[74.6071,13.8688],[74.6071,13.869],[74.6067,13.869],[74.606,13.869],[74.606,13.8693],[74.6057,13.8693],[74.6057,13.8696],[74.6054,13.8696],[74.6054,13.8699],[74.6051,13.8699],[74.6051,13.8701],[74.6049,13.8701],[74.6049,13.8707],[74.6046,13.8707],[74.6046,13.871],[74.6043,13.871],[74.6043,13.8712],[74.604,13.8712],[74.604,13.8721],[74.6032,13.8721],[74.6032,13.8724],[74.6026,13.8724],[74.6026,13.8726],[74.6018,13.8726],[74.6018,13.874],[74.6015,13.874],[74.6015,13.8749],[74.6012,13.8749],[74.6012,13.8757],[74.601,13.8757],[74.601,13.8765],[74.6007,13.8765],[74.6007,13.8774],[74.6004,13.8774],[74.6004,13.8779],[74.6001,13.8779],[74.6001,13.8785],[74.5999,13.8785],[74.5999,13.879],[74.5996,13.879],[74.5996,13.8796],[74.5993,13.8796],[74.5993,13.8799],[74.599,13.8799],[74.599,13.8804],[74.5987,13.8804],[74.5987,13.881],[74.5985,13.881],[74.5985,13.8815],[74.5982,13.8815],[74.5982,13.8821],[74.5979,13.8821],[74.5979,13.8824],[74.5976,13.8824],[74.5976,13.8829],[74.5974,13.8829],[74.5974,13.8835],[74.5971,13.8835],[74.5971,13.884],[74.5968,13.884],[74.5968,13.8846],[74.5965,13.8846],[74.5965,13.8851],[74.5963,13.8851],[74.5963,13.8857],[74.596,13.8857],[74.596,13.8863],[74.5957,13.8863],[74.5957,13.8868],[74.5954,13.8868],[74.5954,13.8874],[74.5951,13.8874],[74.5951,13.8879],[74.5949,13.8879],[74.5949,13.8885],[74.5946,13.8885],[74.5946,13.8901],[74.5943,13.8901],[74.5943,13.8921],[74.594,13.8921],[74.594,13.8932],[74.5938,13.8932],[74.5938,13.894],[74.5935,13.894],[74.5935,13.8951],[74.5932,13.8951],[74.5932,13.8963],[74.5929,13.8963],[74.5929,13.8977],[74.5926,13.8977],[74.5926,13.8993],[74.5924,13.8993],[74.5924,13.901],[74.5921,13.901],[74.5921,13.9026],[74.5918,13.9026],[74.5918,13.9043],[74.5915,13.9043],[74.5915,13.906],[74.5912,13.906],[74.5912,13.9071],[74.591,13.9071],[74.591,13.9076],[74.5907,13.9076],[74.5907,13.9085],[74.5904,13.9085],[74.5904,13.9093],[74.5901,13.9093],[74.5901,13.9099],[74.5899,13.9099],[74.5899,13.9107],[74.5896,13.9107],[74.5896,13.9113],[74.5893,13.9113],[74.5893,13.9121],[74.589,13.9121],[74.589,13.9126],[74.5888,13.9126],[74.5888,13.9138],[74.5885,13.9138],[74.5885,13.9143],[74.5882,13.9143],[74.5882,13.9149],[74.5879,13.9149],[74.5879,13.9157],[74.5876,13.9157],[74.5876,13.9165],[74.5874,13.9165],[74.5874,13.9174],[74.5871,13.9174],[74.5871,13.9182],[74.5868,13.9182],[74.5868,13.9188],[74.5865,13.9188],[74.5865,13.9193],[74.5863,13.9193],[74.5863,13.9199],[74.586,13.9199],[74.586,13.9204],[74.5857,13.9204],[74.5857,13.921],[74.5854,13.921],[74.5854,13.9215],[74.5851,13.9215],[74.5851,13.9221],[74.5849,13.9221],[74.5849,13.9226],[74.5846,13.9226],[74.5846,13.9232],[74.5843,13.9232],[74.5843,13.9235],[74.5861,13.9226],[74.5929,13.927],[74.598,13.9315],[74.6015,13.9407],[74.6038,13.9403],[74.6058,13.9318],[74.6112,13.938],[74.6219,13.9393],[74.6252,13.9389],[74.6287,13.9354],[74.6323,13.939],[74.6354,13.945],[74.6379,13.9449],[74.6401,13.9435],[74.6438,13.9375],[74.6477,13.9373],[74.6531,13.9398],[74.6548,13.9431],[74.6555,13.9469],[74.6525,13.9512],[74.6504,13.9562],[74.6612,13.9728],[74.6711,13.981],[74.6733,13.9788],[74.676,13.9761],[74.6781,13.9723],[74.6805,13.9681],[74.6888,13.962],[74.6917,13.9564],[74.7002,13.9533],[74.7042,13.9468]]]]}},{"type":"Feature","properties":{"district":"Uttar Kannand"},"geometry":{"type":"MultiPolygon","coordinates":[[[[74.4829,14.0112],[74.4829,14.011],[74.4832,14.011],[74.4832,14.0104],[74.4835,14.0104],[74.4835,14.0093],[74.4832,14.0093],[74.4832,14.0079],[74.4826,14.0079],[74.4826,14.0077],[74.4829,14.0076],[74.4829,14.0065],[74.4826,14.0065],[74.4826,14.0062],[74.4821,14.0062],[74.4821,14.0054],[74.4815,14.0054],[74.4815,14.0049],[74.4804,14.0049],[74.4804,14.0051],[74.4799,14.0051],[74.4799,14.0054],[74.4796,14.0054],[74.4796,14.0057],[74.4793,14.0057],[74.4793,14.0062],[74.479,14.0062],[74.479,14.0074],[74.4788,14.0074],[74.4788,14.0079],[74.4785,14.0079],[74.4785,14.0093],[74.4788,14.0093],[74.4788,14.0099],[74.479,14.0099],[74.479,14.0107],[74.4799,14.0107],[74.4799,14.011],[74.4804,14.011],[74.4804,14.0112],[74.4805,14.0112],[74.4829,14.0112]]],[[[74.3262,14.0207],[74.3262,14.0204],[74.3268,14.0204],[74.3268,14.0199],[74.3271,14.0199],[74.3271,14.0196],[74.3274,14.0196],[74.3274,14.0193],[74.3276,14.0193],[74.3276,14.019],[74.3279,14.019],[74.3279,14.0188],[74.3296,14.0188],[74.3296,14.0185],[74.3299,14.0185],[74.3299,14.0182],[74.3304,14.0182],[74.3304,14.0168],[74.3301,14.0168],[74.3301,14.0165],[74.3299,14.0165],[74.3299,14.0154],[74.3296,14.0154],[74.3296,14.0151],[74.3293,14.0151],[74.3293,14.0149],[74.329,14.0149],[74.329,14.0146],[74.3285,14.0146],[74.3285,14.0138],[74.3288,14.0138],[74.3288,14.0129],[74.3285,14.0129],[74.3285,14.0126],[74.3288,14.0126],[74.3288,14.0124],[74.3285,14.0124],[74.3285,14.0118],[74.3279,14.0118],[74.3279,14.0115],[74.3276,14.0115],[74.3276,14.0112],[74.3265,14.0112],[74.3265,14.0115],[74.326,14.0115],[74.326,14.0118],[74.3257,14.0118],[74.3257,14.0124],[74.3254,14.0124],[74.3254,14.0129],[74.3257,14.0129],[74.3257,14.0132],[74.3254,14.0132],[74.3254,14.0138],[74.3251,14.0138],[74.3251,14.0143],[74.3246,14.0143],[74.3246,14.0146],[74.3243,14.0146],[74.3243,14.0151],[74.3238,14.0151],[74.3238,14.0154],[74.3235,14.0154],[74.3235,14.0174],[74.3232,14.0174],[74.3232,14.0176],[74.3235,14.0176],[74.3235,14.0185],[74.3238,14.0185],[74.3238,14.0196],[74.324,14.0196],[74.324,14.0204],[74.3246,14.0204],[74.3246,14.0207],[74.3262,14.0207]]],[[[74.4032,14.3154],[74.4032,14.3151],[74.404,14.3151],[74.404,14.3149],[74.4043,14.3149],[74.4043,14.3146],[74.4046,14.3146],[74.4046,14.3143],[74.4049,14.3143],[74.4049,14.314],[74.4051,14.314],[74.4051,14.3132],[74.4049,14.3132],[74.4049,14.3129],[74.4046,14.3129],[74.4046,14.3126],[74.404,14.3126],[74.404,14.3129],[74.4037,14.3129],[74.4037,14.3126],[74.4029,14.3126],[74.4029,14.3124],[74.4024,14.3124],[74.4024,14.3121],[74.4001,14.3121],[74.4001,14.3124],[74.3997,14.3124],[74.3993,14.3124],[74.3993,14.3126],[74.399,14.3126],[74.399,14.3135],[74.3996,14.3135],[74.3996,14.3138],[74.4001,14.3138],[74.4004,14.3138],[74.4004,14.314],[74.4007,14.314],[74.4007,14.3143],[74.401,14.3143],[74.401,14.3149],[74.4015,14.3149],[74.4015,14.3151],[74.4016,14.3151],[74.4018,14.3152],[74.4018,14.3154],[74.4025,14.3154],[74.403,14.3154],[74.4032,14.3154]]],[[[74.3651,14.5526],[74.3651,14.5524],[74.366,14.5524],[74.366,14.5521],[74.3677,14.5521],[74.3721,14.5521],[74.3721,14.5524],[74.3729,14.5524],[74.3729,14.5521],[74.3732,14.5521],[74.3732,14.5518],[74.3735,14.5518],[74.3735,14.5515],[74.3737,14.5515],[74.3737,14.5513],[74.374,14.5513],[74.374,14.551],[74.3743,14.551],[74.3743,14.5504],[74.3746,14.5504],[74.3746,14.5501],[74.3749,14.5501],[74.3749,14.5499],[74.3751,14.5499],[74.3751,14.5496],[74.3754,14.5496],[74.3754,14.5493],[74.3757,14.5493],[74.3757,14.549],[74.376,14.549],[74.376,14.5487],[74.3763,14.5487],[74.3763,14.5468],[74.3779,14.5468],[74.3779,14.546],[74.3782,14.546],[74.3782,14.5454],[74.3771,14.5454],[74.3771,14.5451],[74.376,14.5451],[74.376,14.5449],[74.3757,14.5449],[74.3757,14.5446],[74.3751,14.5446],[74.3751,14.5443],[74.3749,14.5443],[74.3749,14.544],[74.3743,14.544],[74.3743,14.5435],[74.374,14.5435],[74.374,14.5429],[74.3743,14.5429],[74.3743,14.5426],[74.3746,14.5426],[74.3746,14.5424],[74.3749,14.5424],[74.3749,14.5421],[74.3751,14.5421],[74.3751,14.5418],[74.374,14.5418],[74.3735,14.5418],[74.3735,14.5415],[74.3712,14.5415],[74.3712,14.5418],[74.3704,14.5418],[74.3704,14.5421],[74.3679,14.5421],[74.3679,14.5418],[74.3676,14.5418],[74.3676,14.5415],[74.3674,14.5415],[74.3674,14.5412],[74.3668,14.5412],[74.3668,14.5415],[74.3665,14.5415],[74.3665,14.5418],[74.366,14.5418],[74.366,14.5421],[74.3654,14.5421],[74.3654,14.5424],[74.3651,14.5424],[74.3651,14.5426],[74.3646,14.5426],[74.3646,14.5429],[74.3643,14.5429],[74.3643,14.5432],[74.364,14.5432],[74.3637,14.5432],[74.3637,14.5438],[74.3635,14.5437],[74.3635,14.5446],[74.3632,14.5446],[74.3632,14.5449],[74.3635,14.5449],[74.3635,14.5457],[74.3637,14.5457],[74.3637,14.5465],[74.364,14.5465],[74.364,14.5493],[74.3637,14.5493],[74.3637,14.5521],[74.364,14.5521],[74.364,14.5526],[74.3651,14.5526]]],[[[74.2538,14.706],[74.2538,14.7057],[74.2543,14.7057],[74.2543,14.7054],[74.2554,14.7054],[74.2554,14.7051],[74.2551,14.7051],[74.2551,14.7049],[74.2549,14.7049],[74.2549,14.7043],[74.2551,14.7043],[74.2551,14.7038],[74.2537,14.7038],[74.2537,14.7043],[74.2535,14.7043],[74.2535,14.704],[74.2532,14.704],[74.2532,14.7038],[74.2524,14.7038],[74.2524,14.704],[74.2518,14.704],[74.2518,14.7043],[74.2515,14.7043],[74.2515,14.7049],[74.2518,14.7049],[74.2518,14.7051],[74.2521,14.7051],[74.2521,14.7054],[74.2524,14.7054],[74.2524,14.7057],[74.2526,14.7057],[74.2526,14.706],[74.2538,14.706]]],[[[74.2407,14.7113],[74.2407,14.711],[74.241,14.711],[74.241,14.7099],[74.2404,14.7099],[74.2404,14.7093],[74.2401,14.7093],[74.2401,14.709],[74.2396,14.709],[74.2396,14.7087],[74.2385,14.7087],[74.2385,14.709],[74.2379,14.709],[74.2379,14.7104],[74.2382,14.7104],[74.2382,14.7107],[74.2387,14.7107],[74.2387,14.711],[74.2396,14.711],[74.2396,14.7113],[74.2407,14.7113]]],[[[74.1554,14.7418],[74.1554,14.7415],[74.156,14.7415],[74.156,14.7413],[74.1565,14.7413],[74.1565,14.741],[74.1568,14.741],[74.1568,14.7404],[74.1571,14.7404],[74.1571,14.7401],[74.1574,14.7401],[74.1574,14.7399],[74.1576,14.7399],[74.1576,14.7396],[74.1579,14.7396],[74.1579,14.7393],[74.1582,14.7393],[74.1582,14.7388],[74.1579,14.7388],[74.1579,14.7382],[74.1576,14.7382],[74.1576,14.7379],[74.1574,14.7379],[74.1574,14.7376],[74.1565,14.7376],[74.1565,14.7379],[74.1563,14.7379],[74.1563,14.7382],[74.156,14.7382],[74.156,14.7388],[74.1557,14.7388],[74.1557,14.739],[74.1554,14.739],[74.1554,14.7393],[74.1549,14.7393],[74.1549,14.7396],[74.1543,14.7396],[74.1543,14.7399],[74.154,14.7399],[74.154,14.7401],[74.1532,14.7401],[74.1532,14.7413],[74.1535,14.7413],[74.1535,14.7415],[74.1537,14.7415],[74.1537,14.7418],[74.1554,14.7418]]],[[[74.1113,14.7615],[74.1113,14.7612],[74.1115,14.7612],[74.1115,14.7596],[74.1118,14.7596],[74.1118,14.759],[74.1121,14.759],[74.1121,14.7588],[74.1124,14.7588],[74.1124,14.7585],[74.1126,14.7585],[74.1126,14.7582],[74.1129,14.7582],[74.1129,14.7579],[74.1135,14.7579],[74.1135,14.7576],[74.1137,14.7576],[74.1137,14.7574],[74.114,14.7574],[74.114,14.7571],[74.1143,14.7571],[74.1143,14.7568],[74.1149,14.7568],[74.1149,14.7565],[74.1154,14.7565],[74.1154,14.7563],[74.1157,14.7563],[74.1157,14.7557],[74.116,14.7557],[74.116,14.7554],[74.1165,14.7554],[74.1165,14.7551],[74.1188,14.7551],[74.1188,14.7549],[74.1198,14.7549],[74.1199,14.7549],[74.1199,14.7547],[74.1199,14.7543],[74.1201,14.7543],[74.1201,14.7535],[74.1199,14.7535],[74.1199,14.7532],[74.119,14.7532],[74.119,14.7535],[74.1188,14.7535],[74.1188,14.7537],[74.1165,14.7537],[74.1146,14.7537],[74.1146,14.754],[74.114,14.754],[74.114,14.7543],[74.1135,14.7543],[74.1135,14.7546],[74.1129,14.7546],[74.1129,14.7549],[74.1126,14.7549],[74.1126,14.7551],[74.1115,14.7551],[74.1115,14.7546],[74.111,14.7546],[74.111,14.7543],[74.1107,14.7543],[74.1107,14.754],[74.1098,14.754],[74.1098,14.7549],[74.1101,14.7549],[74.1101,14.7551],[74.1104,14.7551],[74.1104,14.7565],[74.1101,14.7565],[74.1101,14.7568],[74.1099,14.7568],[74.1099,14.7571],[74.1096,14.7571],[74.1096,14.7574],[74.109,14.7574],[74.109,14.7576],[74.1087,14.7576],[74.1087,14.7588],[74.1079,14.7587],[74.1079,14.7596],[74.1082,14.7596],[74.1082,14.7599],[74.1085,14.7599],[74.1085,14.7601],[74.1087,14.7601],[74.1087,14.7604],[74.109,14.7604],[74.109,14.7607],[74.1093,14.7607],[74.1093,14.761],[74.1096,14.761],[74.1096,14.7612],[74.1101,14.7612],[74.1101,14.7615],[74.1113,14.7615]]],[[[74.0879,14.796],[74.0879,14.7957],[74.0888,14.7957],[74.0888,14.7954],[74.089,14.7954],[74.089,14.7938],[74.0874,14.7938],[74.0874,14.7943],[74.0871,14.7943],[74.0871,14.7946],[74.0868,14.7946],[74.0868,14.7949],[74.0863,14.7949],[74.0863,14.7957],[74.0865,14.7957],[74.0865,14.796],[74.0879,14.796]]],[[[74.0565,14.8171],[74.0565,14.8168],[74.0568,14.8168],[74.0568,14.8165],[74.0565,14.8165],[74.0565,14.8162],[74.0563,14.8162],[74.0563,14.816],[74.056,14.816],[74.056,14.8162],[74.0557,14.8162],[74.0557,14.816],[74.0546,14.816],[74.0546,14.8162],[74.0543,14.8162],[74.0543,14.8165],[74.0546,14.8165],[74.0546,14.8168],[74.0549,14.8168],[74.0549,14.8171],[74.0565,14.8171]]],[[[74.064,14.8212],[74.064,14.821],[74.0646,14.821],[74.0646,14.8207],[74.0651,14.8207],[74.0651,14.8204],[74.0654,14.8204],[74.0654,14.8201],[74.0657,14.8201],[74.0657,14.8199],[74.0654,14.8199],[74.0654,14.8196],[74.0649,14.8196],[74.0649,14.8193],[74.0629,14.8193],[74.0629,14.8196],[74.0626,14.8196],[74.0626,14.8207],[74.0629,14.8207],[74.0629,14.821],[74.0632,14.821],[74.0632,14.8212],[74.064,14.8212]]],[[[74.0593,14.8215],[74.0593,14.8212],[74.0618,14.8212],[74.0618,14.8207],[74.0621,14.8207],[74.0621,14.8204],[74.0618,14.8204],[74.0618,14.8201],[74.0615,14.8201],[74.0615,14.8199],[74.061,14.8199],[74.061,14.8196],[74.0596,14.8196],[74.0596,14.8193],[74.0582,14.8193],[74.0582,14.819],[74.0574,14.819],[74.0574,14.8196],[74.0571,14.8196],[74.0571,14.8201],[74.0574,14.8201],[74.0574,14.8204],[74.0579,14.8204],[74.0579,14.8207],[74.0582,14.8207],[74.0582,14.8212],[74.0585,14.8212],[74.0585,14.8215],[74.0593,14.8215]]],[[[74.094,14.8385],[74.094,14.8382],[74.0943,14.8382],[74.0943,14.8376],[74.0946,14.8376],[74.0946,14.8371],[74.0949,14.8371],[74.0949,14.8368],[74.094,14.8368],[74.094,14.8363],[74.0938,14.8363],[74.0938,14.836],[74.0929,14.836],[74.0929,14.8371],[74.0932,14.8371],[74.0932,14.8382],[74.0935,14.8382],[74.0935,14.8385],[74.094,14.8385]]],[[[74.0985,14.846],[74.0985,14.8457],[74.0987,14.8457],[74.0987,14.8454],[74.0993,14.8454],[74.0993,14.8451],[74.0999,14.8451],[74.0999,14.8449],[74.1004,14.8449],[74.1004,14.8446],[74.1021,14.8446],[74.1021,14.8432],[74.1019,14.8432],[74.1018,14.8432],[74.1018,14.8429],[74.1015,14.8429],[74.1015,14.8426],[74.101,14.8426],[74.101,14.8421],[74.1004,14.8421],[74.1004,14.8418],[74.0987,14.8418],[74.0987,14.8421],[74.0979,14.8421],[74.0979,14.8424],[74.0976,14.8424],[74.0976,14.8426],[74.0974,14.8426],[74.0974,14.8429],[74.0971,14.8429],[74.0971,14.8435],[74.0968,14.8435],[74.0968,14.8449],[74.0965,14.8449],[74.0965,14.846],[74.0985,14.846]]],[[[74.0971,14.8785],[74.0971,14.8779],[74.0974,14.8779],[74.0974,14.8771],[74.0968,14.8771],[74.0968,14.8768],[74.0963,14.8768],[74.0963,14.8765],[74.0957,14.8765],[74.0957,14.8763],[74.0951,14.8763],[74.0951,14.876],[74.0943,14.876],[74.0943,14.8765],[74.094,14.8765],[74.094,14.8771],[74.0943,14.8771],[74.0943,14.8776],[74.0946,14.8776],[74.0946,14.8779],[74.0951,14.8779],[74.0951,14.8782],[74.0957,14.8782],[74.0957,14.8785],[74.0971,14.8785]]],[[[74.3276,15.5152],[74.3359,15.5151],[74.3464,15.5165],[74.3682,15.4919],[74.3814,15.4796],[74.3921,15.4831],[74.4107,15.4723],[74.4173,15.4732],[74.4263,15.4596],[74.429,15.4143],[74.4322,15.3946],[74.4372,15.3957],[74.4404,15.3988],[74.4406,15.4014],[74.4449,15.4041],[74.4487,15.4027],[74.4528,15.4038],[74.4551,15.4063],[74.4587,15.4055],[74.4603,15.4],[74.4632,15.4014],[74.4649,15.4087],[74.4674,15.4108],[74.4731,15.4113],[74.4755,15.4078],[74.4757,15.4006],[74.4793,15.4005],[74.4799,15.3949],[74.4853,15.3934],[74.4918,15.3984],[74.4996,15.3987],[74.5053,15.4022],[74.5107,15.4025],[74.5206,15.4009],[74.5396,15.4167],[74.5494,15.4148],[74.5679,15.4028],[74.5726,15.4009],[74.5813,15.3893],[74.5853,15.3889],[74.593,15.3784],[74.5968,15.3775],[74.6008,15.3746],[74.6025,15.37],[74.6191,15.3562],[74.6352,15.3652],[74.6427,15.3714],[74.6411,15.3755],[74.643,15.3793],[74.6465,15.379],[74.6505,15.3824],[74.6504,15.3877],[74.6563,15.3923],[74.6588,15.3876],[74.6962,15.3966],[74.7036,15.4074],[74.7083,15.4068],[74.7116,15.4039],[74.7169,15.407],[74.7222,15.409],[74.7316,15.4087],[74.7382,15.4062],[74.7405,15.4064],[74.7468,15.4089],[74.7533,15.4105],[74.7583,15.4073],[74.7712,15.4136],[74.7755,15.4067],[74.7707,15.401],[74.7695,15.3965],[74.7743,15.3985],[74.7865,15.3913],[74.7903,15.3824],[74.7944,15.377],[74.803,15.3742],[74.825,15.3812],[74.833,15.3722],[74.8267,15.3692],[74.8258,15.3641],[74.8296,15.348],[74.8301,15.3407],[74.8385,15.3307],[74.8452,15.3327],[74.8505,15.3327],[74.8532,15.3374],[74.8588,15.3378],[74.863,15.3267],[74.8703,15.3185],[74.881,15.3122],[74.8815,15.3092],[74.8817,15.3042],[74.8797,15.2978],[74.8857,15.2953],[74.8894,15.2979],[74.8932,15.3045],[74.8984,15.2977],[74.9008,15.2984],[74.9022,15.2962],[74.9094,15.2723],[74.9124,15.2479],[74.9108,15.2446],[74.8911,15.2302],[74.8898,15.2243],[74.8853,15.2186],[74.8767,15.2102],[74.8774,15.2053],[74.877,15.2003],[74.8794,15.1956],[74.8805,15.1904],[74.8774,15.1875],[74.8694,15.1827],[74.8666,15.175],[74.8536,15.1663],[74.8522,15.1585],[74.8474,15.1557],[74.8457,15.1508],[74.839,15.1452],[74.8398,15.1416],[74.8393,15.1374],[74.8347,15.1354],[74.8324,15.1305],[74.8397,15.1252],[74.8434,15.1261],[74.8466,15.1238],[74.8481,15.1187],[74.8545,15.1202],[74.857,15.1181],[74.8549,15.1143],[74.8571,15.1104],[74.8597,15.1088],[74.861,15.1058],[74.8606,15.1033],[74.8621,15.1008],[74.8682,15.1002],[74.8733,15.0986],[74.8803,15.0988],[74.8859,15.0966],[74.8892,15.0961],[74.8929,15.0971],[74.8953,15.0952],[74.8959,15.0935],[74.8934,15.0892],[74.8845,15.0811],[74.8836,15.0695],[74.8898,15.0645],[74.8902,15.0591],[74.8935,15.0526],[74.8936,15.0451],[74.8964,15.0419],[74.9104,15.0465],[74.9128,15.0416],[74.9146,15.0347],[74.9236,15.0391],[74.9306,15.0473],[74.9349,15.0486],[74.9405,15.0475],[74.9429,15.0489],[74.9429,15.0601],[74.9436,15.0633],[74.9484,15.0614],[74.9528,15.0619],[74.9558,15.0637],[74.964,15.0619],[74.9721,15.0673],[74.9834,15.0651],[74.9865,15.0673],[74.9894,15.068],[74.9938,15.0676],[74.9996,15.0694],[75.003,15.0668],[75.0107,15.0665],[75.0145,15.0654],[75.0229,15.0669],[75.0254,15.0658],[75.0364,15.0707],[75.037,15.0724],[75.0425,15.0743],[75.0588,15.0778],[75.0597,15.072],[75.061,15.0699],[75.0653,15.0685],[75.074,15.0674],[75.0838,15.0695],[75.0834,15.0628],[75.0794,15.0545],[75.0778,15.0483],[75.078,15.0425],[75.0802,15.0356],[75.0793,15.0257],[75.0721,15.0127],[75.0777,14.9976],[75.078,14.9976],[75.078,14.9975],[75.0816,14.9709],[75.0871,14.9652],[75.089,14.9533],[75.1033,14.9519],[75.1014,14.9452],[75.1029,14.9373],[75.1083,14.9291],[75.1064,14.9263],[75.1061,14.9228],[75.0919,14.9224],[75.088,14.9212],[75.0894,14.9179],[75.0868,14.9162],[75.0816,14.9177],[75.0731,14.9149],[75.0731,14.9111],[75.076,14.8916],[75.0761,14.8737],[75.0787,14.8657],[75.0767,14.8612],[75.078,14.8535],[75.078,14.8465],[75.0736,14.8375],[75.0725,14.8328],[75.0777,14.8212],[75.0818,14.818],[75.0955,14.8144],[75.0968,14.8056],[75.0846,14.8027],[75.0743,14.8026],[75.0704,14.8037],[75.0604,14.8084],[75.0602,14.8024],[75.0617,14.7982],[75.0709,14.7936],[75.0734,14.7883],[75.0735,14.7818],[75.0709,14.7793],[75.0736,14.7765],[75.0708,14.7746],[75.0667,14.7691],[75.0579,14.7703],[75.0544,14.7666],[75.0448,14.7656],[75.0478,14.7501],[75.0504,14.7434],[75.0502,14.7396],[75.0484,14.737],[75.0488,14.7346],[75.0433,14.7323],[75.0436,14.7277],[75.0422,14.7244],[75.0402,14.7235],[75.0345,14.7232],[75.0278,14.7206],[75.0225,14.7161],[75.0205,14.7121],[75.0201,14.7084],[75.0217,14.706],[75.0347,14.7035],[75.037,14.6847],[75.0389,14.6741],[75.0343,14.669],[75.0367,14.6613],[75.0406,14.6535],[75.0444,14.6558],[75.0495,14.6482],[75.0533,14.6464],[75.0535,14.6453],[75.0528,14.639],[75.0501,14.6355],[75.045,14.6321],[75.04,14.6233],[75.0331,14.6131],[75.0293,14.605],[75.0285,14.5959],[75.0294,14.5776],[75.027,14.5688],[75.0266,14.5607],[75.0288,14.5557],[75.0358,14.5512],[75.0452,14.5424],[75.0513,14.5411],[75.0586,14.5431],[75.0646,14.5384],[75.055,14.5284],[75.0473,14.5248],[75.0414,14.523],[75.0448,14.5125],[75.0449,14.4974],[75.0271,14.4943],[75.0173,14.4916],[75.0102,14.4879],[75.0105,14.4831],[75.0024,14.4771],[74.9943,14.4724],[74.9899,14.4836],[74.9961,14.492],[74.9955,14.4964],[74.9958,14.5006],[74.9891,14.5078],[74.9825,14.5121],[74.9792,14.5181],[74.9794,14.5203],[74.9857,14.5198],[74.986,14.5219],[74.9831,14.5321],[74.9815,14.5491],[74.9746,14.5507],[74.9697,14.5467],[74.9602,14.5474],[74.9556,14.5355],[74.9512,14.5306],[74.9465,14.5281],[74.9472,14.5246],[74.9414,14.5176],[74.9336,14.5255],[74.9167,14.5272],[74.9086,14.5261],[74.908,14.5135],[74.9056,14.5076],[74.9006,14.5031],[74.8961,14.4915],[74.8954,14.4761],[74.8978,14.4716],[74.9088,14.4702],[74.92,14.4664],[74.9233,14.4624],[74.9242,14.458],[74.913,14.4568],[74.9047,14.461],[74.896,14.4606],[74.8901,14.4572],[74.8847,14.4514],[74.8807,14.4458],[74.8842,14.4336],[74.8888,14.4279],[74.9167,14.4296],[74.9242,14.4293],[74.9372,14.4048],[74.9412,14.4013],[74.9514,14.3995],[74.954,14.3917],[74.9554,14.3763],[74.9484,14.3704],[74.9457,14.3655],[74.944,14.3584],[74.9492,14.3526],[74.9601,14.3473],[74.9646,14.3413],[74.9707,14.3381],[74.9755,14.3365],[74.9783,14.3317],[74.9759,14.3202],[74.9809,14.32],[74.9796,14.3173],[74.9741,14.317],[74.9692,14.3189],[74.9618,14.3204],[74.9569,14.3174],[74.9528,14.3174],[74.9445,14.3198],[74.9375,14.3198],[74.9287,14.3183],[74.9204,14.3096],[74.9178,14.3015],[74.9142,14.2944],[74.9129,14.2857],[74.9174,14.275],[74.9237,14.2756],[74.9296,14.2786],[74.9319,14.2773],[74.9333,14.2656],[74.9407,14.2634],[74.943,14.2577],[74.9413,14.253],[74.9402,14.246],[74.9382,14.2419],[74.9322,14.2353],[74.926,14.2305],[74.9212,14.2278],[74.9141,14.2275],[74.9076,14.23],[74.9028,14.2294],[74.9003,14.2252],[74.899,14.2186],[74.885,14.2138],[74.8808,14.2135],[74.8808,14.2165],[74.8833,14.2173],[74.8829,14.2208],[74.8801,14.2212],[74.8803,14.2261],[74.8835,14.2328],[74.8798,14.2377],[74.8767,14.2401],[74.8733,14.2391],[74.8714,14.2186],[74.8661,14.2171],[74.8627,14.2126],[74.8595,14.2103],[74.8523,14.2149],[74.8442,14.224],[74.8369,14.2274],[74.8302,14.2263],[74.8246,14.2301],[74.8156,14.2311],[74.8074,14.2288],[74.7962,14.2295],[74.7881,14.2287],[74.7862,14.2347],[74.7788,14.2368],[74.7703,14.235],[74.7671,14.2409],[74.7651,14.2427],[74.7627,14.2421],[74.7497,14.2551],[74.7435,14.26],[74.7341,14.2637],[74.7256,14.2416],[74.7205,14.2307],[74.7322,14.1752],[74.7526,14.1549],[74.7517,14.148],[74.7497,14.147],[74.7465,14.1491],[74.735,14.1515],[74.729,14.1515],[74.7229,14.1561],[74.7152,14.1649],[74.7071,14.1711],[74.7008,14.1729],[74.6943,14.1673],[74.6702,14.1842],[74.6549,14.1696],[74.6304,14.1616],[74.6328,14.1431],[74.6476,14.1408],[74.6504,14.1146],[74.6592,14.1117],[74.6437,14.0941],[74.6563,14.0781],[74.6616,14.066],[74.6638,14.0583],[74.6611,14.0491],[74.6595,14.0406],[74.6694,14.0371],[74.6809,14.0347],[74.6729,14.0099],[74.6696,13.9972],[74.6704,13.9928],[74.6711,13.981],[74.6612,13.9728],[74.6504,13.9562],[74.6525,13.9512],[74.6555,13.9469],[74.6548,13.9431],[74.6531,13.9398],[74.6477,13.9373],[74.6438,13.9375],[74.6401,13.9435],[74.6379,13.9449],[74.6354,13.945],[74.6323,13.939],[74.6287,13.9354],[74.6252,13.9389],[74.6219,13.9393],[74.6112,13.938],[74.6058,13.9318],[74.6038,13.9403],[74.6015,13.9407],[74.598,13.9315],[74.5929,13.927],[74.5861,13.9226],[74.5843,13.9235],[74.584,13.9235],[74.584,13.9236],[74.584,13.924],[74.5837,13.924],[74.5837,13.9243],[74.5835,13.9243],[74.5835,13.9246],[74.5832,13.9246],[74.5832,13.9249],[74.583,13.9249],[74.5829,13.9249],[74.5829,13.9251],[74.5824,13.9251],[74.5824,13.9254],[74.5793,13.9254],[74.5793,13.9257],[74.579,13.9257],[74.579,13.9263],[74.5788,13.9263],[74.5788,13.9271],[74.5785,13.9271],[74.5785,13.9276],[74.5782,13.9276],[74.5782,13.9285],[74.5779,13.9285],[74.5779,13.929],[74.5776,13.929],[74.5776,13.9299],[74.5774,13.9299],[74.5774,13.9304],[74.5771,13.9304],[74.5771,13.9312],[74.5768,13.9312],[74.5768,13.9318],[74.5765,13.9318],[74.5765,13.9326],[74.5762,13.9326],[74.5762,13.9332],[74.576,13.9332],[74.576,13.9338],[74.5757,13.9338],[74.5757,13.9343],[74.5754,13.9343],[74.5754,13.9349],[74.5751,13.9349],[74.5751,13.9354],[74.5749,13.9354],[74.5749,13.936],[74.5746,13.936],[74.5746,13.9365],[74.5743,13.9365],[74.5743,13.9371],[74.574,13.9371],[74.574,13.9376],[74.5738,13.9376],[74.5738,13.9382],[74.5735,13.9382],[74.5735,13.9388],[74.5732,13.9388],[74.5732,13.9393],[74.5729,13.9393],[74.5729,13.9399],[74.5726,13.9399],[74.5726,13.9404],[74.5724,13.9404],[74.5724,13.941],[74.5721,13.941],[74.5721,13.9415],[74.5718,13.9415],[74.5718,13.9421],[74.5715,13.9421],[74.5715,13.9429],[74.5713,13.9429],[74.5713,13.9438],[74.571,13.9438],[74.571,13.9443],[74.5707,13.9443],[74.5707,13.9451],[74.5704,13.9451],[74.5704,13.9453],[74.5704,13.946],[74.5701,13.946],[74.5701,13.9465],[74.5699,13.9465],[74.5699,13.9468],[74.5696,13.9468],[74.5696,13.9471],[74.569,13.9471],[74.569,13.9476],[74.5685,13.9476],[74.5685,13.9479],[74.5682,13.9479],[74.5682,13.9482],[74.5679,13.9482],[74.5679,13.9485],[74.5674,13.9485],[74.5674,13.9487],[74.5668,13.9487],[74.5668,13.949],[74.566,13.949],[74.566,13.9487],[74.5657,13.9487],[74.5657,13.9485],[74.5651,13.9485],[74.5651,13.9482],[74.5649,13.9482],[74.5649,13.9479],[74.5643,13.9479],[74.5643,13.9476],[74.564,13.9476],[74.564,13.9472],[74.564,13.9471],[74.5638,13.9471],[74.5638,13.9462],[74.5635,13.9463],[74.5635,13.9457],[74.5632,13.9457],[74.5632,13.9454],[74.5615,13.9454],[74.5615,13.9457],[74.5604,13.9457],[74.5604,13.946],[74.5601,13.946],[74.5601,13.9463],[74.5604,13.9463],[74.5604,13.9465],[74.5601,13.9465],[74.5601,13.9474],[74.5599,13.9474],[74.5599,13.9482],[74.5599,13.949],[74.5596,13.949],[74.5596,13.9493],[74.5593,13.9493],[74.5593,13.9496],[74.559,13.9496],[74.559,13.9499],[74.5587,13.9499],[74.5587,13.9501],[74.5585,13.9501],[74.5585,13.9504],[74.5582,13.9504],[74.5582,13.9507],[74.5579,13.9507],[74.5579,13.951],[74.5576,13.951],[74.5576,13.9513],[74.5554,13.9513],[74.5554,13.951],[74.5543,13.951],[74.5543,13.9507],[74.5532,13.9507],[74.5532,13.9504],[74.5529,13.9504],[74.5529,13.9501],[74.5526,13.9501],[74.5526,13.95],[74.5526,13.9499],[74.5521,13.9499],[74.5521,13.9496],[74.5518,13.9496],[74.5518,13.9493],[74.5515,13.9493],[74.5515,13.949],[74.5512,13.949],[74.5512,13.9487],[74.5507,13.9487],[74.5507,13.9485],[74.5504,13.9485],[74.5504,13.9482],[74.5499,13.9482],[74.5499,13.9485],[74.5488,13.9485],[74.5488,13.9487],[74.5485,13.9488],[74.5485,13.951],[74.5482,13.951],[74.5482,13.9518],[74.5479,13.9518],[74.5479,13.9528],[74.5479,13.9529],[74.5478,13.9529],[74.5476,13.9529],[74.5476,13.9537],[74.5474,13.9537],[74.5474,13.9543],[74.5471,13.9543],[74.5471,13.9549],[74.5468,13.9549],[74.5468,13.9554],[74.5465,13.9554],[74.5465,13.956],[74.5462,13.956],[74.5462,13.9565],[74.5449,13.9565],[74.5449,13.9568],[74.5435,13.9568],[74.5435,13.9571],[74.5421,13.9571],[74.5421,13.9574],[74.5418,13.9574],[74.5418,13.9576],[74.5415,13.9576],[74.5415,13.9579],[74.5414,13.9579],[74.5413,13.9579],[74.5413,13.9588],[74.541,13.9587],[74.541,13.9596],[74.5407,13.9596],[74.5407,13.9618],[74.5407,13.9624],[74.5406,13.9624],[74.5404,13.9624],[74.5404,13.9629],[74.5399,13.9629],[74.5399,13.9635],[74.5396,13.9635],[74.5396,13.9643],[74.539,13.9643],[74.539,13.9649],[74.5387,13.9649],[74.5387,13.9651],[74.5385,13.9651],[74.5385,13.9654],[74.5379,13.9654],[74.5379,13.9657],[74.5376,13.9657],[74.5376,13.966],[74.5371,13.966],[74.5371,13.9663],[74.5368,13.9663],[74.5368,13.9665],[74.536,13.9665],[74.536,13.9668],[74.5354,13.9668],[74.5354,13.9665],[74.5349,13.9665],[74.5349,13.9663],[74.5346,13.9663],[74.5346,13.9657],[74.5343,13.9657],[74.5343,13.9651],[74.534,13.9651],[74.534,13.9646],[74.5318,13.9646],[74.5318,13.9649],[74.5315,13.9649],[74.5315,13.969],[74.5312,13.969],[74.5312,13.9699],[74.531,13.9699],[74.531,13.9701],[74.5307,13.9701],[74.5307,13.9704],[74.5304,13.9704],[74.5304,13.971],[74.5301,13.971],[74.5301,13.9713],[74.5299,13.9713],[74.5299,13.9718],[74.5296,13.9718],[74.5296,13.9721],[74.5293,13.9721],[74.5293,13.9724],[74.529,13.9724],[74.529,13.9726],[74.5287,13.9726],[74.5287,13.9729],[74.5282,13.9729],[74.5282,13.9732],[74.5274,13.9732],[74.5274,13.9735],[74.5265,13.9735],[74.5265,13.9738],[74.5254,13.9738],[74.5254,13.9743],[74.5251,13.9743],[74.5251,13.9746],[74.5249,13.9746],[74.5249,13.9751],[74.5246,13.9751],[74.5246,13.9754],[74.5243,13.9754],[74.5243,13.9757],[74.524,13.9757],[74.524,13.9763],[74.5238,13.9763],[74.5238,13.9765],[74.5235,13.9765],[74.5235,13.9776],[74.5229,13.9776],[74.5229,13.9779],[74.5226,13.9779],[74.5226,13.9785],[74.5221,13.9785],[74.5221,13.979],[74.5218,13.979],[74.5218,13.9796],[74.5215,13.9796],[74.5215,13.9799],[74.5212,13.9799],[74.5212,13.9804],[74.521,13.9804],[74.521,13.981],[74.5207,13.981],[74.5207,13.9813],[74.5204,13.9813],[74.5204,13.9818],[74.5201,13.9818],[74.5201,13.9824],[74.5199,13.9824],[74.5199,13.9826],[74.519,13.9826],[74.519,13.9829],[74.5182,13.9829],[74.5182,13.9832],[74.5179,13.9832],[74.5179,13.9835],[74.5176,13.9835],[74.5176,13.984],[74.5174,13.984],[74.5174,13.9843],[74.5171,13.9843],[74.5171,13.9846],[74.5165,13.9846],[74.5165,13.9849],[74.5163,13.9849],[74.5163,13.9851],[74.516,13.9851],[74.516,13.9854],[74.5157,13.9854],[74.5157,13.9857],[74.5151,13.9857],[74.5151,13.986],[74.5149,13.986],[74.5149,13.9862],[74.5146,13.9862],[74.5146,13.9876],[74.5143,13.9876],[74.5143,13.9901],[74.514,13.9901],[74.514,13.9918],[74.5137,13.9918],[74.5137,13.9924],[74.5135,13.9924],[74.5135,13.9929],[74.5132,13.9929],[74.5132,13.9957],[74.5129,13.9957],[74.5129,13.9963],[74.5126,13.9963],[74.5126,13.9968],[74.5124,13.9968],[74.5124,13.9971],[74.5121,13.9971],[74.5121,13.9974],[74.5118,13.9974],[74.5118,13.9979],[74.5115,13.9979],[74.5115,13.9988],[74.5113,13.9988],[74.5113,13.999],[74.511,13.999],[74.511,13.9993],[74.5099,13.9993],[74.5099,13.9999],[74.5099,14.0001],[74.5101,14.0001],[74.5101,14.001],[74.5099,14.001],[74.5099,14.0013],[74.5096,14.0013],[74.5096,14.0018],[74.5093,14.0018],[74.5093,14.0021],[74.509,14.0021],[74.509,14.0026],[74.5088,14.0026],[74.5088,14.0046],[74.509,14.0046],[74.509,14.0071],[74.5088,14.0071],[74.5088,14.0076],[74.5085,14.0076],[74.5085,14.0082],[74.5082,14.0082],[74.5082,14.009],[74.5079,14.009],[74.5079,14.0096],[74.5076,14.0096],[74.5076,14.0101],[74.5074,14.0101],[74.5074,14.011],[74.5071,14.011],[74.5071,14.0115],[74.5068,14.0115],[74.5068,14.0124],[74.5065,14.0124],[74.5065,14.0129],[74.5062,14.0129],[74.5062,14.0135],[74.506,14.0135],[74.506,14.0143],[74.5057,14.0143],[74.5057,14.0149],[74.5054,14.0149],[74.5054,14.0154],[74.5051,14.0154],[74.5051,14.016],[74.5049,14.016],[74.5049,14.0165],[74.5046,14.0165],[74.5046,14.0171],[74.5043,14.0171],[74.5043,14.0176],[74.504,14.0176],[74.504,14.0182],[74.5037,14.0182],[74.5037,14.0188],[74.5035,14.0188],[74.5035,14.0193],[74.5032,14.0193],[74.5032,14.0199],[74.5029,14.0199],[74.5029,14.0204],[74.5026,14.0204],[74.5026,14.021],[74.5024,14.021],[74.5024,14.0215],[74.5021,14.0215],[74.5021,14.0221],[74.5018,14.0221],[74.5018,14.0226],[74.5015,14.0226],[74.5015,14.0238],[74.5013,14.0238],[74.5013,14.0249],[74.5015,14.0249],[74.5015,14.0251],[74.5021,14.0251],[74.5021,14.0254],[74.5024,14.0254],[74.5024,14.0263],[74.5029,14.0263],[74.5029,14.0265],[74.5049,14.0265],[74.5049,14.0263],[74.5057,14.0263],[74.5057,14.0265],[74.506,14.0265],[74.506,14.0268],[74.5062,14.0268],[74.5062,14.0271],[74.5065,14.0271],[74.5065,14.0274],[74.5068,14.0274],[74.5068,14.0276],[74.5076,14.0276],[74.5076,14.0279],[74.511,14.0279],[74.511,14.0276],[74.5113,14.0276],[74.5113,14.0279],[74.5119,14.0279],[74.5121,14.0279],[74.5121,14.0276],[74.5135,14.0276],[74.5135,14.0274],[74.514,14.0274],[74.514,14.0271],[74.5146,14.0271],[74.5146,14.0268],[74.5151,14.0268],[74.5151,14.0265],[74.5157,14.0265],[74.5157,14.0263],[74.5176,14.0263],[74.5176,14.0268],[74.5179,14.0268],[74.5179,14.0271],[74.5176,14.0271],[74.5176,14.0274],[74.5174,14.0274],[74.5174,14.0276],[74.5168,14.0276],[74.5168,14.0279],[74.5165,14.0279],[74.5165,14.0282],[74.516,14.0282],[74.516,14.0285],[74.5157,14.0285],[74.5157,14.0288],[74.5154,14.0288],[74.5154,14.029],[74.5151,14.029],[74.5151,14.0293],[74.5146,14.0293],[74.5146,14.0296],[74.5137,14.0296],[74.5137,14.0299],[74.5135,14.0299],[74.5129,14.0299],[74.5129,14.0302],[74.5124,14.0302],[74.5124,14.0304],[74.5118,14.0304],[74.5118,14.0307],[74.5115,14.0307],[74.5115,14.031],[74.511,14.031],[74.511,14.0313],[74.5104,14.0313],[74.5104,14.0315],[74.509,14.0315],[74.509,14.0318],[74.5085,14.0318],[74.5085,14.0321],[74.5081,14.0321],[74.5079,14.0321],[74.5079,14.0324],[74.5074,14.0324],[74.5074,14.0329],[74.5071,14.0329],[74.5071,14.0332],[74.5068,14.0332],[74.5068,14.0337],[74.5065,14.0337],[74.5065,14.0343],[74.5071,14.0343],[74.5071,14.0346],[74.5074,14.0346],[74.5074,14.0354],[74.5076,14.0354],[74.5076,14.0363],[74.5079,14.0363],[74.5079,14.0371],[74.5082,14.0371],[74.5082,14.0379],[74.5085,14.0379],[74.5085,14.0382],[74.5088,14.0382],[74.5088,14.0387],[74.509,14.0387],[74.509,14.039],[74.5071,14.039],[74.5071,14.0382],[74.5068,14.0382],[74.5068,14.0376],[74.5062,14.0376],[74.5062,14.0374],[74.506,14.0374],[74.506,14.0376],[74.5057,14.0376],[74.5057,14.0382],[74.5054,14.0382],[74.5054,14.0387],[74.5051,14.0387],[74.5051,14.0393],[74.5049,14.0393],[74.5049,14.0396],[74.5049,14.0399],[74.5046,14.0399],[74.5046,14.0406],[74.5046,14.0418],[74.5043,14.0418],[74.504,14.0418],[74.504,14.0413],[74.5037,14.0413],[74.5037,14.0407],[74.5035,14.0407],[74.5035,14.039],[74.5038,14.039],[74.5038,14.0376],[74.504,14.0376],[74.504,14.0374],[74.5043,14.0374],[74.5043,14.0368],[74.5046,14.0368],[74.5046,14.0365],[74.5049,14.0365],[74.5049,14.036],[74.5046,14.036],[74.5046,14.0354],[74.5043,14.0354],[74.5043,14.034],[74.5049,14.034],[74.5049,14.0335],[74.5057,14.0335],[74.5057,14.0329],[74.506,14.0329],[74.506,14.0326],[74.5051,14.0326],[74.5051,14.0321],[74.5054,14.0321],[74.5054,14.0315],[74.5057,14.0315],[74.5057,14.0313],[74.506,14.0313],[74.506,14.0304],[74.5062,14.0304],[74.5062,14.0299],[74.5057,14.0299],[74.5057,14.0296],[74.5054,14.0296],[74.5054,14.0293],[74.5049,14.0293],[74.5049,14.029],[74.5043,14.029],[74.5043,14.0288],[74.504,14.0288],[74.504,14.0285],[74.5035,14.0285],[74.5035,14.0282],[74.5032,14.0282],[74.5032,14.0279],[74.5026,14.0279],[74.5026,14.0276],[74.5024,14.0276],[74.5024,14.0274],[74.5021,14.0274],[74.5021,14.0271],[74.5018,14.0271],[74.5018,14.0274],[74.5013,14.0274],[74.5013,14.0271],[74.501,14.0271],[74.501,14.029],[74.5007,14.029],[74.5007,14.0318],[74.501,14.0318],[74.501,14.0365],[74.5007,14.0365],[74.5007,14.0407],[74.5004,14.0407],[74.5004,14.0432],[74.5001,14.0432],[74.5001,14.0449],[74.4999,14.0449],[74.4999,14.0465],[74.4996,14.0465],[74.4996,14.0482],[74.4993,14.0482],[74.4993,14.0499],[74.499,14.0499],[74.499,14.0513],[74.4987,14.0513],[74.4987,14.0524],[74.4985,14.0524],[74.4985,14.0535],[74.4982,14.0535],[74.4982,14.0546],[74.4979,14.0546],[74.4979,14.0557],[74.4976,14.0557],[74.4976,14.0568],[74.4974,14.0568],[74.4974,14.0579],[74.4971,14.0579],[74.4971,14.059],[74.4968,14.059],[74.4968,14.0601],[74.4965,14.0601],[74.4965,14.0612],[74.4962,14.0612],[74.4962,14.0624],[74.496,14.0624],[74.496,14.0635],[74.4957,14.0635],[74.4957,14.0643],[74.4954,14.0643],[74.4954,14.0654],[74.4951,14.0654],[74.4951,14.0665],[74.4949,14.0665],[74.4949,14.0676],[74.4946,14.0676],[74.4946,14.069],[74.4943,14.069],[74.4943,14.0704],[74.494,14.0704],[74.494,14.0718],[74.4938,14.0718],[74.4938,14.0732],[74.4935,14.0732],[74.4935,14.0743],[74.4932,14.0743],[74.4932,14.0757],[74.4929,14.0757],[74.4929,14.0771],[74.4926,14.0771],[74.4926,14.0785],[74.4924,14.0785],[74.4924,14.0793],[74.4921,14.0793],[74.4921,14.0799],[74.4918,14.0799],[74.4918,14.0804],[74.4915,14.0804],[74.4915,14.081],[74.4912,14.081],[74.4912,14.0815],[74.491,14.0815],[74.491,14.0821],[74.4907,14.0821],[74.4907,14.0826],[74.4904,14.0826],[74.4904,14.0829],[74.4901,14.0829],[74.4901,14.0835],[74.4899,14.0835],[74.4899,14.084],[74.4896,14.084],[74.4896,14.0846],[74.4893,14.0846],[74.4893,14.0851],[74.489,14.0851],[74.489,14.0857],[74.4887,14.0857],[74.4887,14.0862],[74.4885,14.0862],[74.4885,14.0868],[74.4882,14.0868],[74.4882,14.0885],[74.4885,14.0885],[74.4885,14.0907],[74.4882,14.0907],[74.4882,14.0918],[74.4879,14.0918],[74.4879,14.0926],[74.4874,14.0926],[74.4874,14.0929],[74.4871,14.0929],[74.4871,14.0932],[74.4865,14.0932],[74.4865,14.0935],[74.4846,14.0935],[74.4846,14.0929],[74.4843,14.0929],[74.4843,14.0921],[74.4837,14.0921],[74.4837,14.0924],[74.4835,14.0924],[74.4835,14.0926],[74.4829,14.0926],[74.4829,14.0929],[74.4826,14.0929],[74.4826,14.0932],[74.4815,14.0932],[74.4815,14.0929],[74.4807,14.0929],[74.4807,14.0932],[74.4804,14.0932],[74.4804,14.0938],[74.4807,14.0938],[74.4807,14.0943],[74.481,14.0943],[74.481,14.0949],[74.4826,14.0949],[74.4826,14.0951],[74.4829,14.0951],[74.4829,14.0954],[74.4832,14.0954],[74.4832,14.0951],[74.4837,14.0951],[74.4837,14.0949],[74.4851,14.0949],[74.4851,14.0946],[74.486,14.0946],[74.486,14.0951],[74.4863,14.0951],[74.4863,14.096],[74.4865,14.096],[74.4865,14.0965],[74.4868,14.0965],[74.4868,14.0974],[74.4871,14.0974],[74.4871,14.0996],[74.4874,14.0996],[74.4874,14.1026],[74.4876,14.1026],[74.4876,14.1054],[74.4879,14.1054],[74.4879,14.1104],[74.4876,14.1104],[74.4876,14.1118],[74.4868,14.1118],[74.4868,14.1107],[74.4865,14.1107],[74.4865,14.1099],[74.4863,14.1099],[74.4863,14.1104],[74.486,14.1104],[74.486,14.111],[74.4857,14.111],[74.4857,14.1118],[74.4854,14.1118],[74.4854,14.1124],[74.4851,14.1124],[74.4851,14.1135],[74.4849,14.1135],[74.4849,14.1151],[74.4846,14.1151],[74.4846,14.1165],[74.4843,14.1165],[74.4843,14.1182],[74.484,14.1182],[74.484,14.1199],[74.4837,14.1199],[74.4837,14.1213],[74.4835,14.1213],[74.4835,14.1229],[74.4832,14.1229],[74.4832,14.1243],[74.4829,14.1243],[74.4829,14.126],[74.4826,14.126],[74.4826,14.1276],[74.4824,14.1276],[74.4824,14.129],[74.4821,14.129],[74.4821,14.1307],[74.4818,14.1307],[74.4818,14.1318],[74.4815,14.1318],[74.4815,14.1326],[74.4812,14.1326],[74.4812,14.1335],[74.481,14.1335],[74.481,14.1343],[74.4807,14.1343],[74.4807,14.1351],[74.4804,14.1351],[74.4804,14.1362],[74.4801,14.1363],[74.4801,14.137],[74.4801,14.1371],[74.4799,14.1371],[74.4799,14.1379],[74.4796,14.1379],[74.4796,14.1388],[74.4793,14.1388],[74.4793,14.1393],[74.479,14.1393],[74.479,14.1399],[74.4782,14.1399],[74.4782,14.1401],[74.4774,14.1401],[74.4774,14.1404],[74.4765,14.1404],[74.4765,14.1407],[74.4768,14.1407],[74.4768,14.141],[74.4771,14.141],[74.4771,14.1415],[74.4774,14.1415],[74.4774,14.1421],[74.4776,14.1421],[74.4776,14.1426],[74.4779,14.1426],[74.4779,14.1432],[74.4782,14.1432],[74.4782,14.1438],[74.4785,14.1438],[74.4785,14.1474],[74.4782,14.1474],[74.4782,14.149],[74.4779,14.149],[74.4779,14.1499],[74.4785,14.1499],[74.4785,14.1496],[74.479,14.1496],[74.479,14.1501],[74.4788,14.1501],[74.4788,14.1507],[74.4785,14.1507],[74.4785,14.1513],[74.4782,14.1513],[74.4782,14.1518],[74.4779,14.1518],[74.4779,14.1524],[74.4776,14.1524],[74.4776,14.1529],[74.4774,14.1529],[74.4774,14.1535],[74.4771,14.1535],[74.4771,14.154],[74.4768,14.154],[74.4768,14.1551],[74.4765,14.1551],[74.4765,14.1565],[74.4762,14.1565],[74.4762,14.1579],[74.476,14.1579],[74.476,14.1593],[74.4757,14.1593],[74.4757,14.1604],[74.4754,14.1604],[74.4754,14.1618],[74.4751,14.1618],[74.4751,14.1632],[74.4749,14.1632],[74.4749,14.1646],[74.4746,14.1646],[74.4746,14.1654],[74.4743,14.1654],[74.4743,14.166],[74.474,14.166],[74.474,14.1671],[74.4743,14.1671],[74.4743,14.1688],[74.474,14.1688],[74.474,14.1693],[74.4737,14.1693],[74.4737,14.1699],[74.4735,14.1699],[74.4735,14.171],[74.4732,14.171],[74.4732,14.1721],[74.4729,14.1721],[74.4729,14.1732],[74.4726,14.1732],[74.4726,14.1743],[74.4724,14.1743],[74.4724,14.1754],[74.4721,14.1754],[74.4721,14.1765],[74.4718,14.1765],[74.4718,14.1774],[74.4715,14.1774],[74.4715,14.1779],[74.4713,14.1779],[74.4713,14.1785],[74.471,14.1785],[74.471,14.1807],[74.4707,14.1807],[74.4707,14.1832],[74.471,14.1832],[74.471,14.1835],[74.4707,14.1835],[74.4707,14.1838],[74.4704,14.1838],[74.4704,14.1843],[74.4701,14.1843],[74.4701,14.1854],[74.4699,14.1854],[74.4699,14.1863],[74.4696,14.1862],[74.4696,14.1871],[74.4693,14.1871],[74.4693,14.1882],[74.469,14.1882],[74.469,14.1888],[74.4688,14.1888],[74.4688,14.189],[74.4685,14.189],[74.4685,14.1896],[74.4682,14.1896],[74.4682,14.1901],[74.4679,14.1901],[74.4679,14.191],[74.4676,14.191],[74.4676,14.1915],[74.4674,14.1915],[74.4674,14.1921],[74.4671,14.1921],[74.4671,14.1929],[74.4668,14.1929],[74.4668,14.1935],[74.4665,14.1935],[74.4665,14.1963],[74.4668,14.1963],[74.4668,14.1968],[74.4665,14.1968],[74.4665,14.1974],[74.4662,14.1974],[74.4662,14.1976],[74.466,14.1976],[74.466,14.1982],[74.4657,14.1982],[74.4657,14.1985],[74.4654,14.1985],[74.4654,14.199],[74.4651,14.199],[74.4651,14.1993],[74.4649,14.1993],[74.4649,14.1996],[74.4646,14.1996],[74.4646,14.1999],[74.464,14.1999],[74.464,14.2001],[74.4638,14.2001],[74.4638,14.2004],[74.4635,14.2004],[74.4635,14.2007],[74.4632,14.2007],[74.4632,14.201],[74.4601,14.201],[74.4601,14.2008],[74.4601,14.2007],[74.4599,14.2007],[74.4599,14.2001],[74.4596,14.2001],[74.4596,14.1999],[74.4593,14.1999],[74.4593,14.1996],[74.459,14.1996],[74.459,14.1993],[74.4587,14.1993],[74.4587,14.199],[74.4585,14.199],[74.4585,14.1987],[74.4582,14.1987],[74.4582,14.1985],[74.4579,14.1985],[74.4579,14.1987],[74.4576,14.1987],[74.4576,14.199],[74.4571,14.199],[74.4571,14.1993],[74.4568,14.1993],[74.4568,14.1996],[74.4563,14.1996],[74.4563,14.1999],[74.456,14.1999],[74.456,14.2001],[74.4549,14.2001],[74.4549,14.1999],[74.4546,14.1999],[74.4546,14.1996],[74.4543,14.1996],[74.4543,14.1993],[74.454,14.1993],[74.454,14.1999],[74.4538,14.1999],[74.4538,14.2004],[74.4535,14.2004],[74.4535,14.201],[74.4532,14.201],[74.4532,14.2015],[74.4535,14.2015],[74.4535,14.2018],[74.4538,14.2018],[74.4538,14.2024],[74.454,14.2024],[74.454,14.2026],[74.4543,14.2026],[74.4543,14.2029],[74.454,14.2029],[74.454,14.2032],[74.4538,14.2032],[74.4538,14.2035],[74.4535,14.2035],[74.4535,14.2037],[74.4532,14.2037],[74.4532,14.204],[74.4529,14.204],[74.4529,14.2043],[74.4526,14.2043],[74.4526,14.2049],[74.4524,14.2049],[74.4524,14.2054],[74.4526,14.2054],[74.4526,14.2065],[74.4529,14.2065],[74.4529,14.2074],[74.4524,14.2074],[74.4524,14.2077],[74.4515,14.2077],[74.4515,14.2079],[74.451,14.2079],[74.451,14.2082],[74.4507,14.2082],[74.4507,14.2088],[74.4504,14.2088],[74.4504,14.2099],[74.4507,14.2099],[74.4507,14.2101],[74.451,14.2101],[74.451,14.2107],[74.4507,14.2107],[74.4507,14.211],[74.4504,14.211],[74.4504,14.2115],[74.4501,14.2115],[74.4501,14.2118],[74.449,14.2118],[74.449,14.2129],[74.4493,14.2129],[74.4493,14.2135],[74.4496,14.2135],[74.4496,14.2157],[74.4493,14.2157],[74.4493,14.2165],[74.4485,14.2165],[74.4485,14.2174],[74.4488,14.2174],[74.4488,14.2182],[74.4482,14.2182],[74.4482,14.2185],[74.4479,14.2185],[74.4479,14.2188],[74.4476,14.2188],[74.4476,14.219],[74.4474,14.219],[74.4474,14.2193],[74.4471,14.2193],[74.4471,14.2196],[74.446,14.2196],[74.446,14.2199],[74.4454,14.2199],[74.4454,14.2201],[74.4446,14.2201],[74.4446,14.2204],[74.444,14.2204],[74.444,14.2224],[74.4437,14.2224],[74.4437,14.2226],[74.4435,14.2226],[74.4435,14.2229],[74.4432,14.2229],[74.4432,14.2232],[74.4429,14.2232],[74.4429,14.2235],[74.4426,14.2235],[74.4426,14.2238],[74.4418,14.2238],[74.4418,14.2249],[74.4415,14.2249],[74.4415,14.2262],[74.4421,14.2262],[74.4421,14.2265],[74.4424,14.2265],[74.4424,14.2268],[74.4426,14.2268],[74.4426,14.2271],[74.4429,14.2271],[74.4429,14.2279],[74.4426,14.2279],[74.4426,14.229],[74.4424,14.229],[74.4424,14.2299],[74.4421,14.2299],[74.4421,14.2307],[74.4418,14.2307],[74.4418,14.2315],[74.4415,14.2315],[74.4415,14.2324],[74.4413,14.2324],[74.4413,14.2332],[74.441,14.2332],[74.441,14.234],[74.4407,14.234],[74.4407,14.2349],[74.4404,14.2349],[74.4404,14.2357],[74.4401,14.2357],[74.4401,14.2365],[74.4399,14.2365],[74.4399,14.2374],[74.4396,14.2374],[74.4396,14.2382],[74.4393,14.2382],[74.4393,14.239],[74.439,14.239],[74.439,14.2399],[74.4388,14.2399],[74.4388,14.2407],[74.4385,14.2407],[74.4385,14.2413],[74.4382,14.2413],[74.4382,14.2421],[74.4379,14.2421],[74.4379,14.2429],[74.4376,14.2429],[74.4376,14.2435],[74.4374,14.2435],[74.4374,14.2443],[74.4371,14.2443],[74.4371,14.2451],[74.4368,14.2451],[74.4368,14.2457],[74.4365,14.2457],[74.4365,14.2465],[74.4362,14.2465],[74.4362,14.2476],[74.436,14.2476],[74.436,14.2488],[74.4357,14.2487],[74.4357,14.2496],[74.4354,14.2496],[74.4354,14.2507],[74.4351,14.2507],[74.4351,14.2515],[74.4349,14.2515],[74.4349,14.2526],[74.4346,14.2526],[74.4346,14.2537],[74.4343,14.2537],[74.4343,14.2546],[74.434,14.2546],[74.434,14.2554],[74.4337,14.2554],[74.4337,14.256],[74.4335,14.256],[74.4335,14.2568],[74.4332,14.2568],[74.4332,14.2576],[74.4329,14.2576],[74.4329,14.2582],[74.4326,14.2582],[74.4326,14.259],[74.4324,14.259],[74.4324,14.2601],[74.4321,14.2601],[74.4321,14.2615],[74.4318,14.2615],[74.4318,14.2621],[74.4315,14.2621],[74.4315,14.2626],[74.4313,14.2626],[74.4313,14.2632],[74.431,14.2632],[74.431,14.2638],[74.4307,14.2638],[74.4307,14.2646],[74.4304,14.2646],[74.4304,14.2651],[74.4301,14.2651],[74.4301,14.2657],[74.4299,14.2657],[74.4299,14.2663],[74.4296,14.2662],[74.4296,14.2671],[74.4293,14.2671],[74.4293,14.2682],[74.429,14.2682],[74.429,14.269],[74.4287,14.269],[74.4287,14.2699],[74.4285,14.2699],[74.4285,14.271],[74.4282,14.271],[74.4282,14.2718],[74.4279,14.2718],[74.4279,14.2726],[74.4276,14.2726],[74.4276,14.2737],[74.4274,14.2737],[74.4274,14.2746],[74.4271,14.2746],[74.4271,14.2757],[74.4268,14.2757],[74.4268,14.2765],[74.4265,14.2765],[74.4265,14.2774],[74.4262,14.2774],[74.4262,14.2785],[74.426,14.2785],[74.426,14.2793],[74.4262,14.2793],[74.4262,14.2801],[74.4265,14.2801],[74.4265,14.2812],[74.4262,14.2812],[74.4262,14.2824],[74.426,14.2824],[74.426,14.2826],[74.4257,14.2826],[74.4257,14.2829],[74.4254,14.2829],[74.4254,14.2835],[74.4251,14.2835],[74.4251,14.2837],[74.4249,14.2837],[74.4249,14.2849],[74.4246,14.2849],[74.4246,14.2863],[74.4243,14.2863],[74.4243,14.2874],[74.424,14.2874],[74.424,14.2885],[74.4238,14.2885],[74.4238,14.2896],[74.4235,14.2896],[74.4235,14.2907],[74.4238,14.2907],[74.4238,14.2918],[74.424,14.2918],[74.424,14.2926],[74.4243,14.2926],[74.4243,14.2935],[74.4246,14.2935],[74.4246,14.2946],[74.4249,14.2946],[74.4249,14.2954],[74.4246,14.2954],[74.4246,14.2965],[74.4243,14.2965],[74.4243,14.2971],[74.424,14.2971],[74.424,14.2976],[74.4238,14.2976],[74.4238,14.2978],[74.4238,14.2982],[74.4236,14.2982],[74.4235,14.2982],[74.4235,14.2987],[74.4229,14.2988],[74.4229,14.299],[74.4221,14.299],[74.4221,14.2993],[74.4212,14.2993],[74.4212,14.2996],[74.421,14.2996],[74.421,14.3001],[74.4207,14.3001],[74.4207,14.3007],[74.4204,14.3007],[74.4204,14.3012],[74.4201,14.3012],[74.4201,14.3015],[74.4199,14.3015],[74.4199,14.3021],[74.4196,14.3021],[74.4196,14.3026],[74.4193,14.3026],[74.4193,14.3032],[74.419,14.3032],[74.419,14.3038],[74.4187,14.3038],[74.4187,14.3043],[74.4185,14.3043],[74.4185,14.3046],[74.4182,14.3046],[74.4182,14.3051],[74.4179,14.3051],[74.4179,14.3057],[74.4176,14.3057],[74.4176,14.3062],[74.4174,14.3062],[74.4174,14.3068],[74.4171,14.3068],[74.4171,14.3074],[74.4168,14.3074],[74.4168,14.3079],[74.4165,14.3079],[74.4165,14.3085],[74.4163,14.3085],[74.4163,14.3093],[74.4165,14.3093],[74.4165,14.3096],[74.4163,14.3096],[74.4163,14.3107],[74.416,14.3107],[74.416,14.3112],[74.4157,14.3112],[74.4157,14.3118],[74.4154,14.3118],[74.4154,14.3124],[74.4151,14.3124],[74.4151,14.3126],[74.4149,14.3126],[74.4149,14.3132],[74.4146,14.3132],[74.4146,14.3138],[74.4143,14.3138],[74.4143,14.3143],[74.414,14.3143],[74.414,14.3149],[74.4137,14.3149],[74.4137,14.3157],[74.4135,14.3157],[74.4135,14.3174],[74.4132,14.3174],[74.4132,14.3221],[74.4135,14.3221],[74.4135,14.3251],[74.4132,14.3251],[74.4132,14.3274],[74.4129,14.3274],[74.4129,14.3296],[74.4126,14.3296],[74.4126,14.331],[74.4124,14.331],[74.4124,14.3318],[74.4121,14.3318],[74.4121,14.3324],[74.4118,14.3324],[74.4118,14.3332],[74.4115,14.3332],[74.4115,14.334],[74.4112,14.334],[74.4112,14.3349],[74.411,14.3349],[74.411,14.3354],[74.4107,14.3354],[74.4107,14.3363],[74.4104,14.3363],[74.4104,14.3371],[74.4101,14.3371],[74.4101,14.3382],[74.4099,14.3382],[74.4099,14.3393],[74.4096,14.3393],[74.4096,14.3402],[74.4093,14.3401],[74.4093,14.3411],[74.4093,14.3413],[74.409,14.3413],[74.409,14.3424],[74.4088,14.3424],[74.4088,14.3435],[74.4085,14.3435],[74.4085,14.3449],[74.4082,14.3449],[74.4082,14.3468],[74.4079,14.3468],[74.4079,14.3488],[74.4076,14.3488],[74.4076,14.3526],[74.4074,14.3526],[74.4074,14.3537],[74.4071,14.3537],[74.4071,14.3549],[74.4068,14.3549],[74.4068,14.3554],[74.4065,14.3554],[74.4065,14.3557],[74.4063,14.3557],[74.4063,14.356],[74.406,14.356],[74.406,14.3563],[74.4054,14.3563],[74.4054,14.3565],[74.4051,14.3565],[74.4051,14.3568],[74.4049,14.3568],[74.4049,14.3571],[74.4046,14.3571],[74.4046,14.3582],[74.4051,14.3582],[74.4051,14.3585],[74.4054,14.3585],[74.4054,14.3588],[74.4057,14.3588],[74.4057,14.359],[74.406,14.359],[74.406,14.3593],[74.4063,14.3593],[74.4063,14.3607],[74.406,14.3607],[74.406,14.3612],[74.4054,14.3612],[74.4054,14.3615],[74.4051,14.3615],[74.4051,14.3621],[74.4049,14.3621],[74.4049,14.3626],[74.4046,14.3626],[74.4046,14.3638],[74.4049,14.3638],[74.4049,14.3654],[74.4057,14.3654],[74.4057,14.3651],[74.4063,14.3651],[74.4063,14.3671],[74.4057,14.3671],[74.4057,14.3668],[74.4054,14.3668],[74.4054,14.3665],[74.4051,14.3665],[74.4051,14.3663],[74.4049,14.3663],[74.4049,14.366],[74.4046,14.366],[74.4046,14.3663],[74.4043,14.3663],[74.4043,14.3665],[74.404,14.3665],[74.404,14.3668],[74.4035,14.3668],[74.4035,14.3671],[74.4032,14.3671],[74.4032,14.3674],[74.4029,14.3674],[74.4029,14.3679],[74.4026,14.3679],[74.4026,14.3685],[74.4024,14.3685],[74.4024,14.3693],[74.4026,14.3693],[74.4026,14.3701],[74.4029,14.3701],[74.4029,14.371],[74.4032,14.371],[74.4032,14.3715],[74.4051,14.3715],[74.4051,14.3721],[74.4054,14.3721],[74.4054,14.3729],[74.4051,14.3729],[74.4051,14.374],[74.4049,14.374],[74.4049,14.3749],[74.4046,14.3749],[74.4046,14.376],[74.4043,14.376],[74.4043,14.3768],[74.404,14.3768],[74.404,14.3776],[74.4037,14.3776],[74.4037,14.3785],[74.4035,14.3785],[74.4035,14.3796],[74.4032,14.3796],[74.4032,14.3804],[74.4029,14.3804],[74.4029,14.3812],[74.4026,14.3812],[74.4026,14.3824],[74.4024,14.3824],[74.4024,14.3835],[74.4021,14.3835],[74.4021,14.3846],[74.4018,14.3846],[74.4018,14.386],[74.4015,14.386],[74.4015,14.3871],[74.4013,14.3871],[74.4013,14.3885],[74.401,14.3885],[74.401,14.3896],[74.4007,14.3896],[74.4007,14.3907],[74.4004,14.3907],[74.4004,14.3918],[74.4001,14.3918],[74.4001,14.3929],[74.3999,14.3929],[74.3999,14.394],[74.3996,14.394],[74.3996,14.3949],[74.3993,14.3949],[74.3993,14.396],[74.399,14.396],[74.399,14.3968],[74.3987,14.3968],[74.3987,14.3979],[74.3985,14.3979],[74.3985,14.399],[74.3982,14.399],[74.3982,14.3999],[74.3979,14.3999],[74.3979,14.4007],[74.3976,14.4007],[74.3976,14.4018],[74.3974,14.4018],[74.3974,14.4026],[74.3971,14.4026],[74.3971,14.4035],[74.3968,14.4035],[74.3968,14.4046],[74.3965,14.4046],[74.3965,14.4054],[74.3962,14.4054],[74.3962,14.4063],[74.396,14.4063],[74.396,14.4068],[74.3957,14.4068],[74.3957,14.4076],[74.396,14.4076],[74.396,14.4088],[74.3962,14.4087],[74.3962,14.4096],[74.396,14.4096],[74.396,14.4101],[74.3957,14.4101],[74.3957,14.4107],[74.3954,14.4107],[74.3954,14.4113],[74.3951,14.4113],[74.3951,14.4118],[74.3949,14.4118],[74.3949,14.4126],[74.3946,14.4126],[74.3946,14.4132],[74.3943,14.4132],[74.3943,14.4137],[74.394,14.4137],[74.394,14.4149],[74.3938,14.4149],[74.3938,14.4163],[74.3935,14.4163],[74.3935,14.4168],[74.3932,14.4168],[74.3932,14.4176],[74.3929,14.4176],[74.3929,14.4181],[74.3926,14.4182],[74.3926,14.4188],[74.3921,14.4187],[74.3882,14.4188],[74.3882,14.4185],[74.3871,14.4185],[74.3871,14.4182],[74.3874,14.4182],[74.3874,14.4179],[74.3876,14.4179],[74.3876,14.4176],[74.3879,14.4176],[74.3879,14.4174],[74.3882,14.4174],[74.3882,14.4171],[74.3868,14.4171],[74.3868,14.4174],[74.3865,14.4174],[74.3865,14.4176],[74.386,14.4176],[74.386,14.4179],[74.3857,14.4179],[74.3857,14.4182],[74.3854,14.4182],[74.3854,14.4185],[74.384,14.4185],[74.384,14.4188],[74.3835,14.4187],[74.3835,14.4196],[74.3832,14.4196],[74.3832,14.4204],[74.3824,14.4204],[74.3824,14.4207],[74.3821,14.4207],[74.3821,14.4213],[74.3818,14.4213],[74.3818,14.4224],[74.3815,14.4224],[74.3815,14.4229],[74.3812,14.4229],[74.3812,14.4235],[74.381,14.4235],[74.381,14.424],[74.3812,14.424],[74.3812,14.4246],[74.3818,14.4246],[74.3818,14.4249],[74.3824,14.4249],[74.3824,14.4246],[74.3829,14.4246],[74.3829,14.4243],[74.384,14.4243],[74.384,14.4249],[74.3843,14.4249],[74.3843,14.4263],[74.3846,14.4263],[74.3846,14.4279],[74.3843,14.4279],[74.3843,14.4282],[74.3838,14.4282],[74.3838,14.4285],[74.3835,14.4285],[74.3835,14.4288],[74.3832,14.4288],[74.3832,14.429],[74.3826,14.429],[74.3826,14.4293],[74.3824,14.4293],[74.3824,14.4296],[74.3796,14.4296],[74.3796,14.4315],[74.3801,14.4315],[74.3801,14.4318],[74.3804,14.4318],[74.3804,14.4321],[74.381,14.4321],[74.381,14.4324],[74.3812,14.4324],[74.3812,14.4321],[74.3815,14.4321],[74.3815,14.4318],[74.3818,14.4318],[74.3818,14.4315],[74.3826,14.4315],[74.3826,14.4321],[74.3829,14.4321],[74.3829,14.4332],[74.3832,14.4332],[74.3832,14.434],[74.3829,14.434],[74.3829,14.4343],[74.3826,14.4343],[74.3826,14.4349],[74.3824,14.4349],[74.3824,14.436],[74.3821,14.436],[74.3821,14.4368],[74.3818,14.4368],[74.3818,14.4371],[74.3821,14.4371],[74.3821,14.4376],[74.3824,14.4376],[74.3824,14.4399],[74.3821,14.4399],[74.3821,14.4418],[74.3818,14.4418],[74.3818,14.4424],[74.3815,14.4424],[74.3815,14.4429],[74.3812,14.4429],[74.3812,14.4435],[74.381,14.4435],[74.381,14.444],[74.3807,14.444],[74.3807,14.4446],[74.3804,14.4446],[74.3804,14.4457],[74.3807,14.4457],[74.3807,14.4471],[74.3804,14.4471],[74.3804,14.4479],[74.3801,14.4479],[74.3801,14.4487],[74.3799,14.4487],[74.3799,14.4496],[74.3796,14.4496],[74.3796,14.4501],[74.3793,14.4501],[74.3793,14.451],[74.379,14.451],[74.379,14.4518],[74.3788,14.4518],[74.3788,14.4524],[74.3785,14.4524],[74.3785,14.4532],[74.3782,14.4532],[74.3782,14.454],[74.3779,14.454],[74.3779,14.4546],[74.3776,14.4546],[74.3776,14.4551],[74.3774,14.4551],[74.3774,14.4557],[74.3771,14.4557],[74.3771,14.4563],[74.3768,14.4563],[74.3768,14.4568],[74.3765,14.4568],[74.3765,14.4574],[74.3763,14.4573],[74.3763,14.4588],[74.376,14.4587],[74.376,14.4607],[74.3757,14.4607],[74.3757,14.4615],[74.3754,14.4615],[74.3754,14.4621],[74.3751,14.4621],[74.3751,14.4629],[74.3749,14.4629],[74.3749,14.4638],[74.3746,14.4637],[74.3746,14.4646],[74.3743,14.4646],[74.3743,14.4654],[74.374,14.4654],[74.374,14.4665],[74.3737,14.4665],[74.3737,14.4674],[74.3735,14.4674],[74.3735,14.4682],[74.3732,14.4682],[74.3732,14.469],[74.3729,14.469],[74.3729,14.4699],[74.3726,14.4699],[74.3726,14.4704],[74.3724,14.4704],[74.3724,14.471],[74.3721,14.471],[74.3721,14.4715],[74.3718,14.4715],[74.3718,14.4724],[74.3715,14.4724],[74.3715,14.4729],[74.3712,14.4729],[74.3712,14.4735],[74.371,14.4735],[74.371,14.474],[74.3707,14.474],[74.3707,14.4749],[74.3704,14.4749],[74.3704,14.4754],[74.3701,14.4754],[74.3701,14.476],[74.3699,14.476],[74.3699,14.4768],[74.3696,14.4768],[74.3696,14.4774],[74.3693,14.4774],[74.3693,14.4779],[74.369,14.4779],[74.369,14.4785],[74.3687,14.4785],[74.3687,14.4793],[74.3685,14.4793],[74.3685,14.4799],[74.3682,14.4799],[74.3682,14.4804],[74.3679,14.4804],[74.3679,14.481],[74.3676,14.481],[74.3676,14.4818],[74.3674,14.4818],[74.3674,14.4824],[74.3671,14.4824],[74.3671,14.4829],[74.3668,14.4829],[74.3668,14.4838],[74.3665,14.4838],[74.3665,14.4843],[74.3662,14.4843],[74.3662,14.4851],[74.366,14.4851],[74.366,14.4857],[74.3657,14.4857],[74.3657,14.4863],[74.3654,14.4862],[74.3654,14.4871],[74.3651,14.4871],[74.3651,14.4876],[74.3649,14.4876],[74.3649,14.4885],[74.3646,14.4885],[74.3646,14.489],[74.3643,14.489],[74.3643,14.4896],[74.364,14.4896],[74.364,14.4904],[74.3637,14.4904],[74.3637,14.491],[74.3635,14.491],[74.3635,14.4918],[74.3632,14.4918],[74.3632,14.4924],[74.3629,14.4924],[74.3629,14.4929],[74.3626,14.4929],[74.3626,14.4937],[74.3624,14.4937],[74.3624,14.4943],[74.3621,14.4943],[74.3621,14.4951],[74.3618,14.4951],[74.3618,14.496],[74.3615,14.496],[74.3615,14.4965],[74.3613,14.4965],[74.3613,14.4974],[74.361,14.4974],[74.361,14.4982],[74.3607,14.4982],[74.3607,14.499],[74.3604,14.499],[74.3604,14.4999],[74.3601,14.4999],[74.3601,14.5004],[74.3599,14.5004],[74.3599,14.5013],[74.3596,14.5013],[74.3596,14.5018],[74.3585,14.5018],[74.3585,14.5021],[74.3576,14.5021],[74.3576,14.5018],[74.3574,14.5018],[74.3574,14.5013],[74.3571,14.5013],[74.3571,14.501],[74.3554,14.501],[74.3554,14.5013],[74.3551,14.5013],[74.3551,14.5015],[74.3549,14.5015],[74.3549,14.5018],[74.3546,14.5018],[74.3546,14.5021],[74.3543,14.5021],[74.3543,14.5024],[74.354,14.5024],[74.354,14.5029],[74.3538,14.5029],[74.3538,14.5038],[74.354,14.5038],[74.354,14.5046],[74.3543,14.5046],[74.3543,14.5049],[74.354,14.5049],[74.354,14.5071],[74.3543,14.5071],[74.3543,14.5074],[74.3549,14.5074],[74.3549,14.5082],[74.3546,14.5082],[74.3546,14.5088],[74.3551,14.5088],[74.3551,14.509],[74.356,14.509],[74.356,14.5093],[74.3565,14.5093],[74.3565,14.5096],[74.3571,14.5096],[74.3571,14.5099],[74.3576,14.5099],[74.3576,14.5101],[74.3582,14.5101],[74.3582,14.5104],[74.3593,14.5104],[74.3593,14.511],[74.359,14.511],[74.359,14.5121],[74.3587,14.5121],[74.3587,14.5132],[74.3585,14.5132],[74.3585,14.5154],[74.3587,14.5154],[74.3587,14.516],[74.359,14.516],[74.359,14.5165],[74.3593,14.5165],[74.3593,14.5168],[74.3596,14.5168],[74.3596,14.5174],[74.3599,14.5174],[74.3599,14.5177],[74.3601,14.5176],[74.3601,14.5182],[74.3604,14.5182],[74.3604,14.5188],[74.3607,14.5188],[74.3607,14.519],[74.3613,14.519],[74.3613,14.5193],[74.3607,14.5193],[74.3607,14.5199],[74.361,14.5199],[74.361,14.5201],[74.3615,14.5201],[74.3615,14.5204],[74.3621,14.5204],[74.3621,14.5207],[74.3626,14.5207],[74.3626,14.521],[74.3632,14.521],[74.3632,14.5212],[74.3643,14.5212],[74.3643,14.5215],[74.3646,14.5215],[74.3646,14.5221],[74.3649,14.5221],[74.3649,14.5224],[74.3651,14.5224],[74.3651,14.5226],[74.3654,14.5226],[74.3654,14.5229],[74.366,14.5229],[74.366,14.5232],[74.3662,14.5232],[74.3662,14.5235],[74.3674,14.5235],[74.3674,14.524],[74.3676,14.524],[74.3676,14.5243],[74.3679,14.5243],[74.3679,14.5251],[74.3682,14.5251],[74.3682,14.5257],[74.3685,14.5257],[74.3685,14.5263],[74.3687,14.5263],[74.3687,14.5268],[74.369,14.5268],[74.369,14.5274],[74.3693,14.5274],[74.3693,14.5276],[74.3707,14.5276],[74.3707,14.5279],[74.3724,14.5279],[74.3724,14.5276],[74.3726,14.5276],[74.3726,14.5274],[74.3729,14.5274],[74.3729,14.5271],[74.3732,14.5271],[74.3732,14.5268],[74.3735,14.5268],[74.3735,14.5265],[74.3737,14.5265],[74.3737,14.526],[74.374,14.526],[74.374,14.5257],[74.3743,14.5257],[74.3743,14.5254],[74.3746,14.5254],[74.3746,14.5249],[74.3749,14.5249],[74.3749,14.5246],[74.3751,14.5246],[74.3751,14.5243],[74.3754,14.5243],[74.3754,14.5238],[74.3757,14.5238],[74.3757,14.5235],[74.376,14.5235],[74.376,14.5229],[74.3763,14.5229],[74.3763,14.5224],[74.3765,14.5224],[74.3765,14.5226],[74.3768,14.5226],[74.3768,14.5229],[74.3774,14.5229],[74.3774,14.5232],[74.3776,14.5232],[74.3776,14.5235],[74.3779,14.5235],[74.3779,14.5238],[74.3785,14.5238],[74.3785,14.524],[74.3787,14.524],[74.3787,14.5243],[74.3793,14.5243],[74.3793,14.5246],[74.3796,14.5246],[74.3796,14.5254],[74.3793,14.5254],[74.3793,14.526],[74.379,14.526],[74.379,14.5263],[74.3787,14.5263],[74.3787,14.5268],[74.3785,14.5268],[74.3785,14.5271],[74.3782,14.5271],[74.3782,14.5276],[74.3779,14.5276],[74.3779,14.5282],[74.3776,14.5282],[74.3776,14.5288],[74.3774,14.5288],[74.3774,14.5299],[74.3771,14.5299],[74.3771,14.531],[74.3768,14.531],[74.3768,14.5315],[74.3765,14.5315],[74.3765,14.5321],[74.3763,14.5321],[74.3763,14.5326],[74.376,14.5326],[74.376,14.5332],[74.3757,14.5332],[74.3757,14.5338],[74.3754,14.5338],[74.3754,14.5343],[74.3749,14.5343],[74.3749,14.5346],[74.3746,14.5346],[74.3746,14.5349],[74.3743,14.5349],[74.3743,14.5354],[74.3737,14.5354],[74.3737,14.5357],[74.3735,14.5357],[74.3735,14.5363],[74.3732,14.5363],[74.3732,14.5371],[74.3737,14.5371],[74.3737,14.5374],[74.3746,14.5374],[74.3746,14.5368],[74.3749,14.5368],[74.3749,14.5363],[74.3751,14.5363],[74.3751,14.5357],[74.3754,14.5357],[74.3754,14.5351],[74.3757,14.5351],[74.3757,14.5346],[74.376,14.5346],[74.376,14.534],[74.3763,14.534],[74.3763,14.5338],[74.3765,14.5338],[74.3765,14.5335],[74.3768,14.5335],[74.3768,14.5332],[74.3771,14.5332],[74.3771,14.5329],[74.3774,14.5329],[74.3774,14.5326],[74.3793,14.5326],[74.3793,14.5324],[74.3796,14.5324],[74.3796,14.5318],[74.3799,14.5318],[74.3799,14.5315],[74.3801,14.5315],[74.3801,14.5313],[74.3804,14.5313],[74.3804,14.5307],[74.3807,14.5307],[74.3807,14.5304],[74.381,14.5304],[74.381,14.5301],[74.3812,14.5301],[74.3812,14.5296],[74.3815,14.5296],[74.3815,14.5293],[74.3818,14.5293],[74.3818,14.529],[74.3821,14.529],[74.3821,14.5285],[74.3824,14.5285],[74.3824,14.5282],[74.3826,14.5282],[74.3826,14.5276],[74.3829,14.5276],[74.3829,14.5271],[74.3832,14.5271],[74.3832,14.5262],[74.3835,14.5263],[74.3835,14.5257],[74.3838,14.5257],[74.3838,14.5249],[74.384,14.5249],[74.384,14.5243],[74.3843,14.5243],[74.3843,14.5238],[74.3865,14.5238],[74.3865,14.5248],[74.3865,14.5288],[74.3871,14.5288],[74.3871,14.529],[74.3874,14.529],[74.3874,14.5293],[74.3879,14.5293],[74.3879,14.5296],[74.3893,14.5296],[74.3893,14.5293],[74.3907,14.5293],[74.3907,14.529],[74.3929,14.529],[74.3929,14.5293],[74.3935,14.5293],[74.3935,14.5304],[74.3932,14.5304],[74.3932,14.5313],[74.3907,14.5313],[74.3907,14.5315],[74.3904,14.5315],[74.3904,14.5321],[74.3901,14.5321],[74.3901,14.5326],[74.3899,14.5326],[74.3899,14.5332],[74.3896,14.5332],[74.3896,14.5338],[74.3893,14.5338],[74.3893,14.534],[74.3874,14.534],[74.3874,14.5338],[74.3871,14.5338],[74.3871,14.5332],[74.3868,14.5332],[74.3868,14.5329],[74.3865,14.5329],[74.3865,14.5324],[74.3863,14.5324],[74.3863,14.5318],[74.386,14.5318],[74.386,14.5315],[74.3857,14.5315],[74.3857,14.531],[74.3854,14.531],[74.3854,14.5307],[74.384,14.5307],[74.384,14.5313],[74.3843,14.5313],[74.3843,14.5318],[74.3846,14.5318],[74.3846,14.5324],[74.3849,14.5324],[74.3849,14.5329],[74.3851,14.5329],[74.3851,14.5335],[74.3854,14.5335],[74.3854,14.5343],[74.3851,14.5343],[74.3851,14.5351],[74.3846,14.5351],[74.3846,14.5354],[74.3843,14.5354],[74.3843,14.5357],[74.3838,14.5357],[74.3838,14.536],[74.3835,14.536],[74.3835,14.5363],[74.3832,14.5363],[74.3829,14.5363],[74.3829,14.5371],[74.383,14.5371],[74.3832,14.5371],[74.3832,14.5388],[74.3835,14.5388],[74.3835,14.5404],[74.3838,14.5404],[74.3838,14.5435],[74.3851,14.5435],[74.3851,14.5438],[74.3854,14.5438],[74.3854,14.544],[74.386,14.544],[74.386,14.5443],[74.3863,14.5443],[74.3863,14.5446],[74.3865,14.5446],[74.3865,14.5449],[74.3868,14.5449],[74.3868,14.5451],[74.3871,14.5451],[74.3871,14.5457],[74.3874,14.5457],[74.3874,14.5468],[74.3871,14.5468],[74.3871,14.5471],[74.3868,14.5471],[74.3868,14.5474],[74.3865,14.5474],[74.3865,14.5476],[74.3863,14.5476],[74.3863,14.5479],[74.386,14.5479],[74.386,14.5485],[74.3857,14.5485],[74.3857,14.5487],[74.3854,14.5487],[74.3854,14.549],[74.3851,14.549],[74.3851,14.5493],[74.3849,14.5493],[74.3849,14.5499],[74.3846,14.5499],[74.3846,14.5501],[74.3843,14.5501],[74.3843,14.5504],[74.384,14.5504],[74.384,14.5507],[74.3838,14.5507],[74.3838,14.551],[74.3835,14.551],[74.3835,14.5515],[74.3832,14.5515],[74.3832,14.5518],[74.3824,14.5518],[74.3824,14.5513],[74.3821,14.5513],[74.3821,14.551],[74.3818,14.551],[74.3818,14.5504],[74.3815,14.5504],[74.3815,14.5501],[74.3812,14.5501],[74.3812,14.5499],[74.381,14.5499],[74.381,14.5493],[74.3796,14.5493],[74.3796,14.549],[74.379,14.549],[74.379,14.5487],[74.3785,14.5487],[74.3785,14.5485],[74.3779,14.5485],[74.3779,14.549],[74.3776,14.549],[74.3776,14.5493],[74.3774,14.5493],[74.3774,14.5496],[74.3771,14.5496],[74.3771,14.5501],[74.3768,14.5501],[74.3768,14.5504],[74.3765,14.5504],[74.3765,14.5507],[74.3763,14.5507],[74.3763,14.5513],[74.376,14.5513],[74.376,14.5515],[74.3754,14.5515],[74.3754,14.5518],[74.3751,14.5518],[74.3751,14.5521],[74.3746,14.5521],[74.3746,14.5524],[74.374,14.5524],[74.374,14.5526],[74.3737,14.5526],[74.3737,14.5529],[74.3732,14.5529],[74.3732,14.5532],[74.3729,14.5532],[74.3729,14.5535],[74.3726,14.5535],[74.3726,14.5538],[74.3715,14.5538],[74.3715,14.5535],[74.3712,14.5535],[74.3712,14.5532],[74.3707,14.5532],[74.3707,14.5529],[74.3701,14.5529],[74.3701,14.5526],[74.3679,14.5526],[74.3665,14.5526],[74.3665,14.5529],[74.366,14.5529],[74.366,14.5532],[74.3654,14.5532],[74.3654,14.5535],[74.3649,14.5535],[74.3649,14.5538],[74.3646,14.5538],[74.3646,14.554],[74.3649,14.554],[74.3649,14.5546],[74.3651,14.5546],[74.3651,14.5551],[74.3654,14.5551],[74.3654,14.5554],[74.3657,14.5554],[74.3657,14.5557],[74.3662,14.5557],[74.3662,14.556],[74.3665,14.556],[74.3665,14.5562],[74.3668,14.5562],[74.3668,14.5565],[74.3671,14.5565],[74.3671,14.5568],[74.3674,14.5568],[74.3674,14.5571],[74.3676,14.5571],[74.3676,14.5574],[74.3682,14.5574],[74.3682,14.5576],[74.3685,14.5576],[74.3685,14.5579],[74.3688,14.5579],[74.3688,14.5585],[74.369,14.5585],[74.369,14.5593],[74.3693,14.5593],[74.3693,14.5601],[74.3696,14.5601],[74.3696,14.561],[74.3699,14.561],[74.3699,14.5618],[74.3701,14.5618],[74.3701,14.5624],[74.3704,14.5624],[74.3704,14.5626],[74.371,14.5626],[74.371,14.5629],[74.3712,14.5629],[74.3712,14.5632],[74.3715,14.5632],[74.3715,14.5635],[74.3718,14.5635],[74.3718,14.5638],[74.3724,14.5638],[74.3724,14.564],[74.3726,14.564],[74.3726,14.5643],[74.3735,14.5643],[74.3735,14.564],[74.374,14.564],[74.374,14.5638],[74.3749,14.5638],[74.3749,14.5635],[74.376,14.5635],[74.376,14.5638],[74.3763,14.5638],[74.3763,14.5643],[74.3757,14.5643],[74.3757,14.5646],[74.3751,14.5646],[74.3751,14.5649],[74.3746,14.5649],[74.3746,14.5651],[74.3749,14.5651],[74.3749,14.5657],[74.3751,14.5657],[74.3751,14.5665],[74.3754,14.5665],[74.3754,14.5676],[74.3757,14.5676],[74.3757,14.5682],[74.376,14.5682],[74.376,14.5687],[74.3763,14.5687],[74.3763,14.571],[74.3776,14.571],[74.3776,14.5724],[74.3774,14.5724],[74.3774,14.5726],[74.3771,14.5726],[74.3771,14.5729],[74.3765,14.5729],[74.3765,14.5732],[74.3763,14.5732],[74.3763,14.5735],[74.376,14.5735],[74.376,14.5737],[74.3737,14.5737],[74.3737,14.5735],[74.3715,14.5735],[74.3715,14.5732],[74.3712,14.5732],[74.3712,14.5729],[74.371,14.5729],[74.371,14.5724],[74.3707,14.5724],[74.3707,14.5721],[74.3704,14.5721],[74.3704,14.5718],[74.3701,14.5718],[74.3701,14.5715],[74.3699,14.5715],[74.3699,14.571],[74.3696,14.571],[74.3696,14.5707],[74.3693,14.5707],[74.3693,14.5704],[74.369,14.5704],[74.369,14.5701],[74.3687,14.5701],[74.3687,14.5696],[74.3685,14.5696],[74.3685,14.5693],[74.3682,14.5693],[74.3682,14.569],[74.3674,14.569],[74.3674,14.5687],[74.3665,14.5687],[74.3665,14.5685],[74.3657,14.5685],[74.3657,14.5679],[74.366,14.5679],[74.366,14.5676],[74.3657,14.5676],[74.3657,14.5674],[74.3654,14.5674],[74.3654,14.5668],[74.3651,14.5668],[74.3651,14.5665],[74.3649,14.5665],[74.3649,14.5663],[74.3607,14.5663],[74.3607,14.566],[74.3604,14.566],[74.3604,14.5657],[74.3601,14.5657],[74.3601,14.5654],[74.3599,14.5654],[74.3599,14.5651],[74.3596,14.5651],[74.3596,14.5649],[74.3593,14.5649],[74.3593,14.5643],[74.359,14.5643],[74.359,14.564],[74.3587,14.564],[74.3587,14.5638],[74.3585,14.5638],[74.3585,14.5635],[74.3582,14.5635],[74.3582,14.5632],[74.3579,14.5632],[74.3579,14.5629],[74.3574,14.5629],[74.3574,14.5626],[74.3565,14.5626],[74.3565,14.5621],[74.3568,14.5621],[74.3568,14.5615],[74.3571,14.5615],[74.3571,14.561],[74.3574,14.561],[74.3574,14.5604],[74.3576,14.5604],[74.3576,14.5599],[74.3579,14.5599],[74.3579,14.5593],[74.3582,14.5593],[74.3582,14.5588],[74.3585,14.5588],[74.3585,14.5582],[74.3587,14.5582],[74.3587,14.5576],[74.359,14.5576],[74.359,14.5571],[74.3593,14.5571],[74.3593,14.5565],[74.3596,14.5565],[74.3596,14.556],[74.3599,14.556],[74.3599,14.5532],[74.3596,14.5532],[74.3596,14.5518],[74.3599,14.5518],[74.3599,14.5507],[74.3601,14.5507],[74.3601,14.5504],[74.3604,14.5504],[74.3604,14.5501],[74.3601,14.5501],[74.3601,14.5496],[74.3599,14.5496],[74.3599,14.549],[74.3596,14.549],[74.3596,14.5485],[74.3593,14.5485],[74.3593,14.5479],[74.359,14.5479],[74.359,14.5474],[74.3587,14.5474],[74.3587,14.5468],[74.3585,14.5468],[74.3585,14.5463],[74.3582,14.5463],[74.3582,14.546],[74.3576,14.546],[74.3576,14.5457],[74.3571,14.5457],[74.3571,14.5454],[74.3565,14.5454],[74.3565,14.5451],[74.356,14.5451],[74.356,14.5449],[74.3554,14.5449],[74.3554,14.5446],[74.3551,14.5446],[74.3551,14.5443],[74.3549,14.5443],[74.3549,14.5438],[74.3546,14.5438],[74.3546,14.5435],[74.3543,14.5435],[74.3543,14.5429],[74.354,14.5429],[74.354,14.5432],[74.3535,14.5432],[74.3535,14.5435],[74.3529,14.5435],[74.3529,14.5438],[74.3524,14.5438],[74.3524,14.544],[74.3518,14.544],[74.3518,14.5443],[74.3512,14.5443],[74.3512,14.5446],[74.3507,14.5446],[74.3507,14.5449],[74.3501,14.5449],[74.3501,14.5451],[74.3496,14.5451],[74.3496,14.5463],[74.3493,14.5463],[74.3493,14.5468],[74.349,14.5468],[74.349,14.5474],[74.3487,14.5474],[74.3487,14.5479],[74.3485,14.5479],[74.3485,14.5485],[74.3482,14.5485],[74.3482,14.549],[74.3479,14.549],[74.3479,14.5496],[74.3476,14.5496],[74.3476,14.5499],[74.3474,14.5499],[74.3474,14.5504],[74.3471,14.5504],[74.3471,14.551],[74.3468,14.551],[74.3468,14.5515],[74.3465,14.5515],[74.3465,14.5521],[74.3463,14.5521],[74.3463,14.5526],[74.346,14.5526],[74.346,14.5532],[74.3457,14.5532],[74.3457,14.5543],[74.3454,14.5543],[74.3454,14.5565],[74.3451,14.5565],[74.3451,14.5579],[74.3454,14.5579],[74.3454,14.5582],[74.3457,14.5582],[74.3457,14.5588],[74.346,14.5588],[74.346,14.559],[74.3463,14.559],[74.3463,14.5593],[74.3465,14.5593],[74.3465,14.5599],[74.3468,14.5599],[74.3468,14.5607],[74.3465,14.5607],[74.3465,14.561],[74.346,14.561],[74.346,14.5613],[74.3457,14.5613],[74.3457,14.5615],[74.3451,14.5615],[74.3451,14.5618],[74.3449,14.5618],[74.3449,14.5621],[74.3443,14.5621],[74.3443,14.5624],[74.344,14.5624],[74.344,14.5626],[74.3438,14.5626],[74.3438,14.5629],[74.3432,14.5629],[74.3432,14.5632],[74.3429,14.5632],[74.3429,14.5635],[74.3424,14.5635],[74.3424,14.5638],[74.3421,14.5638],[74.3421,14.5643],[74.3418,14.5643],[74.3418,14.5651],[74.3415,14.5651],[74.3415,14.566],[74.3412,14.566],[74.3412,14.5665],[74.341,14.5665],[74.341,14.5674],[74.3407,14.5674],[74.3407,14.5682],[74.3404,14.5682],[74.3404,14.5687],[74.3374,14.5687],[74.3374,14.5682],[74.3371,14.5682],[74.3371,14.5676],[74.3368,14.5676],[74.3368,14.5671],[74.3365,14.5671],[74.3365,14.5665],[74.3363,14.5665],[74.3363,14.566],[74.336,14.566],[74.336,14.5654],[74.3357,14.5654],[74.3357,14.5649],[74.3354,14.5649],[74.3354,14.5638],[74.3351,14.5638],[74.3351,14.5626],[74.3354,14.5626],[74.3354,14.5621],[74.3357,14.5621],[74.3357,14.5618],[74.336,14.5618],[74.336,14.5613],[74.3363,14.5613],[74.3363,14.5607],[74.3365,14.5607],[74.3365,14.5604],[74.3368,14.5604],[74.3368,14.5599],[74.3371,14.5599],[74.3371,14.5596],[74.3374,14.5596],[74.3374,14.559],[74.3376,14.559],[74.3376,14.5585],[74.3379,14.5585],[74.3379,14.5582],[74.3382,14.5582],[74.3382,14.5576],[74.3385,14.5576],[74.3385,14.5568],[74.3388,14.5568],[74.3388,14.5554],[74.339,14.5554],[74.339,14.5546],[74.3388,14.5546],[74.3388,14.554],[74.3385,14.554],[74.3385,14.5538],[74.3382,14.5538],[74.3382,14.5535],[74.3385,14.5535],[74.3385,14.5532],[74.3388,14.5532],[74.3388,14.5529],[74.3393,14.5529],[74.3393,14.5526],[74.3396,14.5526],[74.3396,14.5524],[74.3401,14.5524],[74.3401,14.5521],[74.3404,14.5521],[74.3404,14.5518],[74.341,14.5518],[74.341,14.5515],[74.3412,14.5515],[74.3412,14.5513],[74.3415,14.5513],[74.3415,14.551],[74.3418,14.551],[74.3418,14.5504],[74.3421,14.5504],[74.3421,14.5501],[74.3424,14.5501],[74.3424,14.5499],[74.3426,14.5499],[74.3426,14.5496],[74.3429,14.5496],[74.3429,14.5493],[74.3432,14.5493],[74.3432,14.5487],[74.3435,14.5487],[74.3435,14.5485],[74.3438,14.5485],[74.3438,14.5482],[74.344,14.5482],[74.344,14.5476],[74.3443,14.5476],[74.3443,14.5474],[74.3446,14.5474],[74.3446,14.5471],[74.3449,14.5471],[74.3449,14.5465],[74.3451,14.5465],[74.3451,14.5463],[74.3454,14.5463],[74.3454,14.546],[74.3457,14.546],[74.3457,14.5454],[74.3463,14.5454],[74.3463,14.5468],[74.3465,14.5468],[74.3465,14.5471],[74.3468,14.5471],[74.3468,14.5474],[74.3474,14.5474],[74.3474,14.5476],[74.3479,14.5476],[74.3479,14.5465],[74.3482,14.5465],[74.3482,14.5463],[74.3471,14.5463],[74.3471,14.5449],[74.3474,14.5449],[74.3474,14.544],[74.3499,14.544],[74.3499,14.5435],[74.3501,14.5435],[74.3501,14.5424],[74.3504,14.5424],[74.3504,14.5418],[74.351,14.5418],[74.351,14.5415],[74.3515,14.5415],[74.3515,14.5412],[74.3521,14.5412],[74.3521,14.541],[74.3526,14.541],[74.3526,14.5407],[74.3524,14.5407],[74.3524,14.5401],[74.3521,14.5401],[74.3521,14.5399],[74.3518,14.5399],[74.3518,14.5393],[74.3515,14.5393],[74.3515,14.5388],[74.3518,14.5388],[74.3518,14.5379],[74.3521,14.5379],[74.3521,14.5376],[74.3518,14.5376],[74.3518,14.5374],[74.3515,14.5374],[74.3515,14.5363],[74.3512,14.5363],[74.3512,14.5335],[74.3515,14.5335],[74.3515,14.5329],[74.3518,14.5329],[74.3518,14.5321],[74.3524,14.5321],[74.3524,14.5315],[74.3529,14.5315],[74.3529,14.5313],[74.3532,14.5313],[74.3532,14.5307],[74.3535,14.5307],[74.3535,14.5301],[74.3538,14.5301],[74.3538,14.5296],[74.354,14.5296],[74.354,14.529],[74.3543,14.529],[74.3543,14.5285],[74.3546,14.5285],[74.3546,14.5282],[74.3549,14.5282],[74.3549,14.5276],[74.3551,14.5276],[74.3551,14.5268],[74.3554,14.5268],[74.3554,14.5263],[74.3557,14.5263],[74.3557,14.5251],[74.356,14.5251],[74.356,14.524],[74.3562,14.524],[74.3562,14.5229],[74.356,14.5229],[74.356,14.5221],[74.3554,14.5221],[74.3554,14.5218],[74.3546,14.5218],[74.3546,14.5215],[74.354,14.5215],[74.354,14.5212],[74.3499,14.5212],[74.3499,14.5215],[74.3496,14.5215],[74.3496,14.5212],[74.3493,14.5212],[74.3493,14.5207],[74.349,14.5207],[74.349,14.5204],[74.3451,14.5204],[74.3451,14.5201],[74.3449,14.5201],[74.3449,14.5199],[74.3446,14.5199],[74.3446,14.5196],[74.3443,14.5196],[74.3443,14.5188],[74.344,14.5188],[74.344,14.5177],[74.3438,14.5177],[74.3438,14.5174],[74.3435,14.5174],[74.3435,14.5171],[74.3432,14.5171],[74.3432,14.5165],[74.3429,14.5165],[74.3429,14.516],[74.3426,14.516],[74.3426,14.5154],[74.3424,14.5154],[74.3424,14.5149],[74.3421,14.5149],[74.3421,14.5143],[74.3418,14.5143],[74.3418,14.514],[74.3412,14.514],[74.3412,14.5138],[74.3399,14.5138],[74.3399,14.514],[74.3396,14.514],[74.3396,14.5143],[74.3393,14.5143],[74.3393,14.5146],[74.339,14.5146],[74.339,14.5149],[74.3388,14.5149],[74.3388,14.5151],[74.3385,14.5151],[74.3385,14.5154],[74.3382,14.5154],[74.3382,14.5157],[74.3379,14.5157],[74.3379,14.5171],[74.3382,14.5171],[74.3382,14.5174],[74.3376,14.5174],[74.3376,14.5177],[74.3374,14.5177],[74.3374,14.5179],[74.3332,14.5179],[74.3332,14.5174],[74.3329,14.5174],[74.3329,14.5171],[74.3324,14.5171],[74.3324,14.5174],[74.3318,14.5174],[74.3318,14.5177],[74.3301,14.5177],[74.3301,14.5163],[74.3279,14.5162],[74.3276,14.5163],[74.3276,14.516],[74.3274,14.516],[74.3274,14.5157],[74.3271,14.5157],[74.3271,14.5154],[74.3268,14.5154],[74.3268,14.5151],[74.3265,14.5151],[74.3265,14.5149],[74.3262,14.5149],[74.3262,14.5146],[74.326,14.5146],[74.326,14.5149],[74.3257,14.5149],[74.3257,14.5169],[74.3257,14.5177],[74.3254,14.5177],[74.3254,14.5188],[74.3251,14.5188],[74.3251,14.5196],[74.3229,14.5196],[74.3229,14.5174],[74.3218,14.5174],[74.3218,14.5179],[74.3221,14.5179],[74.3221,14.5188],[74.3218,14.5188],[74.3218,14.5193],[74.3215,14.5193],[74.3215,14.5196],[74.3187,14.5196],[74.3187,14.519],[74.3185,14.519],[74.3185,14.5185],[74.3187,14.5185],[74.3187,14.5182],[74.319,14.5182],[74.319,14.5179],[74.3193,14.5179],[74.3193,14.5171],[74.319,14.5171],[74.319,14.5162],[74.3187,14.5163],[74.3187,14.5168],[74.3185,14.5168],[74.3185,14.5177],[74.3182,14.5176],[74.3182,14.5185],[74.3179,14.5185],[74.3179,14.519],[74.3162,14.519],[74.3162,14.5193],[74.316,14.5193],[74.316,14.5196],[74.3157,14.5196],[74.3157,14.5199],[74.3154,14.5199],[74.3154,14.5201],[74.3151,14.5201],[74.3151,14.5204],[74.3149,14.5204],[74.3149,14.5207],[74.3143,14.5207],[74.3143,14.521],[74.314,14.521],[74.314,14.5212],[74.3121,14.5212],[74.3121,14.521],[74.3104,14.521],[74.3104,14.5207],[74.3096,14.5207],[74.3096,14.5212],[74.3099,14.5212],[74.3099,14.5221],[74.3101,14.5221],[74.3101,14.5226],[74.3104,14.5226],[74.3104,14.5232],[74.3101,14.5232],[74.3101,14.5238],[74.3104,14.5238],[74.3104,14.524],[74.3107,14.524],[74.3107,14.5246],[74.311,14.5246],[74.311,14.5249],[74.3115,14.5249],[74.3115,14.5251],[74.3124,14.5251],[74.3124,14.5254],[74.3129,14.5254],[74.3129,14.5257],[74.3146,14.5257],[74.3146,14.526],[74.3149,14.526],[74.3149,14.5263],[74.3151,14.5263],[74.3151,14.5268],[74.3154,14.5268],[74.3154,14.5274],[74.3157,14.5274],[74.3157,14.5288],[74.3154,14.5288],[74.3154,14.5304],[74.3149,14.5304],[74.3149,14.5307],[74.3143,14.5307],[74.3143,14.531],[74.3132,14.531],[74.3132,14.5313],[74.3124,14.5313],[74.3124,14.5315],[74.3118,14.5315],[74.3118,14.5318],[74.3115,14.5318],[74.3115,14.5321],[74.311,14.5321],[74.311,14.5335],[74.3107,14.5335],[74.3107,14.5363],[74.3104,14.5363],[74.3104,14.5376],[74.3101,14.5376],[74.3101,14.5382],[74.3099,14.5382],[74.3099,14.5388],[74.3101,14.5388],[74.3101,14.539],[74.3104,14.539],[74.3104,14.5393],[74.3107,14.5393],[74.3107,14.5396],[74.3112,14.5396],[74.3112,14.5399],[74.3118,14.5399],[74.3118,14.5401],[74.3138,14.5401],[74.3138,14.5404],[74.314,14.5404],[74.314,14.5424],[74.3138,14.5424],[74.3138,14.5446],[74.3135,14.5446],[74.3135,14.5454],[74.3132,14.5454],[74.3132,14.5463],[74.3129,14.5463],[74.3129,14.5471],[74.3126,14.5471],[74.3126,14.5476],[74.3124,14.5476],[74.3124,14.5485],[74.3121,14.5485],[74.3121,14.5493],[74.3118,14.5493],[74.3118,14.5501],[74.3115,14.5501],[74.3115,14.551],[74.3112,14.551],[74.3112,14.5518],[74.311,14.5518],[74.311,14.5524],[74.3107,14.5524],[74.3107,14.5529],[74.3104,14.5529],[74.3104,14.5535],[74.3101,14.5535],[74.3101,14.554],[74.3099,14.554],[74.3099,14.5546],[74.3096,14.5546],[74.3096,14.5551],[74.3093,14.5551],[74.3093,14.556],[74.309,14.556],[74.309,14.5565],[74.3087,14.5565],[74.3087,14.5571],[74.3085,14.5571],[74.3085,14.5576],[74.3082,14.5576],[74.3082,14.5582],[74.3079,14.5582],[74.3079,14.5588],[74.3076,14.5588],[74.3076,14.5593],[74.3074,14.5593],[74.3074,14.5601],[74.3071,14.5601],[74.3071,14.5607],[74.3068,14.5607],[74.3068,14.5613],[74.3065,14.5613],[74.3065,14.5618],[74.3063,14.5618],[74.3063,14.5626],[74.306,14.5626],[74.306,14.5632],[74.3057,14.5632],[74.3057,14.5638],[74.3054,14.5638],[74.3054,14.5643],[74.3051,14.5643],[74.3051,14.5651],[74.3049,14.5651],[74.3049,14.5657],[74.3046,14.5657],[74.3046,14.5663],[74.3043,14.5663],[74.3043,14.5668],[74.304,14.5668],[74.304,14.5674],[74.3037,14.5674],[74.3037,14.5682],[74.3035,14.5682],[74.3035,14.5687],[74.3032,14.5687],[74.3032,14.5693],[74.3029,14.5693],[74.3029,14.5699],[74.3026,14.5699],[74.3027,14.5707],[74.3024,14.5707],[74.3024,14.5713],[74.3021,14.5712],[74.3021,14.5721],[74.3018,14.5721],[74.3018,14.5724],[74.3015,14.5724],[74.3015,14.5735],[74.3012,14.5735],[74.3012,14.5737],[74.301,14.5737],[74.301,14.5743],[74.3007,14.5743],[74.3007,14.5749],[74.3004,14.5749],[74.3004,14.5771],[74.3001,14.5771],[74.3001,14.5776],[74.2999,14.5776],[74.2999,14.5782],[74.2996,14.5782],[74.2996,14.5787],[74.2993,14.5787],[74.2993,14.5796],[74.299,14.5796],[74.299,14.5801],[74.2988,14.5801],[74.2988,14.5807],[74.2985,14.5807],[74.2985,14.5813],[74.2982,14.5813],[74.2982,14.5818],[74.2979,14.5818],[74.2979,14.5824],[74.2976,14.5824],[74.2976,14.5829],[74.2974,14.5829],[74.2974,14.5835],[74.2971,14.5835],[74.2971,14.584],[74.2968,14.584],[74.2968,14.5846],[74.2965,14.5846],[74.2965,14.5851],[74.2962,14.5851],[74.2962,14.5857],[74.296,14.5857],[74.296,14.5863],[74.2957,14.5863],[74.2957,14.5868],[74.2954,14.5868],[74.2954,14.5874],[74.2951,14.5874],[74.2951,14.5879],[74.2949,14.5879],[74.2949,14.5885],[74.2946,14.5885],[74.2946,14.589],[74.2943,14.589],[74.2943,14.5899],[74.294,14.5899],[74.294,14.5904],[74.2937,14.5904],[74.2937,14.5913],[74.2935,14.5913],[74.2935,14.5918],[74.2932,14.5918],[74.2932,14.5924],[74.2929,14.5924],[74.2929,14.5929],[74.2924,14.5929],[74.2924,14.5935],[74.2921,14.5935],[74.2921,14.594],[74.2918,14.594],[74.2918,14.5946],[74.2915,14.5946],[74.2915,14.5949],[74.2913,14.5949],[74.2913,14.5954],[74.291,14.5954],[74.291,14.596],[74.2907,14.596],[74.2907,14.5971],[74.291,14.5971],[74.291,14.5979],[74.2929,14.5979],[74.2929,14.5976],[74.2935,14.5976],[74.2935,14.5974],[74.294,14.5974],[74.294,14.5971],[74.2949,14.5971],[74.2949,14.5974],[74.2946,14.5974],[74.2946,14.6006],[74.2946,14.6015],[74.2932,14.6015],[74.2932,14.6018],[74.2918,14.6018],[74.2918,14.6021],[74.2913,14.6021],[74.2913,14.6024],[74.291,14.6024],[74.291,14.6026],[74.2904,14.6026],[74.2904,14.6029],[74.2899,14.6029],[74.2899,14.6032],[74.2896,14.6032],[74.2896,14.6035],[74.289,14.6035],[74.289,14.6038],[74.2885,14.6038],[74.2885,14.604],[74.2882,14.604],[74.2882,14.6043],[74.2876,14.6043],[74.2876,14.6046],[74.2874,14.6046],[74.2874,14.6049],[74.2868,14.6049],[74.2868,14.6051],[74.2865,14.6051],[74.2865,14.6054],[74.2862,14.6054],[74.2862,14.6057],[74.2857,14.6057],[74.2857,14.606],[74.2854,14.606],[74.2854,14.6063],[74.2849,14.6063],[74.2849,14.6065],[74.2846,14.6065],[74.2846,14.6068],[74.2843,14.6068],[74.2843,14.6071],[74.2838,14.6071],[74.2838,14.6074],[74.2835,14.6074],[74.2835,14.6076],[74.2832,14.6076],[74.2832,14.6079],[74.2826,14.6079],[74.2826,14.6082],[74.2824,14.6082],[74.2824,14.6085],[74.2821,14.6085],[74.2821,14.6088],[74.2818,14.6088],[74.2818,14.609],[74.2815,14.609],[74.2815,14.6093],[74.281,14.6093],[74.281,14.6096],[74.2807,14.6096],[74.2807,14.6099],[74.2804,14.6099],[74.2804,14.6101],[74.2801,14.6101],[74.2801,14.6104],[74.2799,14.6104],[74.2799,14.611],[74.2796,14.611],[74.2796,14.6118],[74.2793,14.6118],[74.2793,14.6129],[74.279,14.6129],[74.279,14.6138],[74.2787,14.6138],[74.2787,14.6168],[74.2785,14.6168],[74.2785,14.6174],[74.2782,14.6174],[74.2782,14.6179],[74.2779,14.6179],[74.2779,14.6188],[74.2776,14.6188],[74.2776,14.6193],[74.2774,14.6193],[74.2774,14.6201],[74.2771,14.6201],[74.2771,14.6207],[74.2768,14.6207],[74.2768,14.6212],[74.2763,14.6212],[74.2763,14.6215],[74.276,14.6215],[74.276,14.6224],[74.2757,14.6224],[74.2757,14.6229],[74.2754,14.6229],[74.2754,14.6238],[74.2751,14.6238],[74.2751,14.624],[74.2749,14.624],[74.2749,14.6243],[74.2746,14.6243],[74.2746,14.6246],[74.274,14.6246],[74.274,14.6249],[74.2738,14.6249],[74.2738,14.6265],[74.2735,14.6265],[74.2735,14.6271],[74.2726,14.6271],[74.2726,14.6268],[74.2718,14.6268],[74.2718,14.6265],[74.2715,14.6265],[74.2715,14.6263],[74.2704,14.6263],[74.2704,14.6265],[74.2699,14.6265],[74.2699,14.6268],[74.2696,14.6268],[74.2696,14.6287],[74.2699,14.6287],[74.2699,14.629],[74.2701,14.629],[74.2701,14.6296],[74.2707,14.6296],[74.2707,14.6301],[74.2704,14.6301],[74.2704,14.6307],[74.2707,14.6307],[74.2707,14.631],[74.2721,14.631],[74.2721,14.6304],[74.2723,14.6304],[74.2723,14.6301],[74.2729,14.6301],[74.2729,14.6299],[74.2732,14.6299],[74.2732,14.6296],[74.2735,14.6296],[74.2735,14.6293],[74.2738,14.6293],[74.2738,14.629],[74.2743,14.629],[74.2743,14.6287],[74.2754,14.6287],[74.2754,14.6285],[74.2763,14.6285],[74.2763,14.6282],[74.2765,14.6282],[74.2765,14.6279],[74.2771,14.6279],[74.2771,14.6276],[74.2779,14.6276],[74.2779,14.6274],[74.2785,14.6274],[74.2785,14.6271],[74.279,14.6271],[74.279,14.6268],[74.2801,14.6268],[74.2801,14.6271],[74.2812,14.6271],[74.2812,14.6274],[74.2815,14.6274],[74.2815,14.6279],[74.2818,14.6279],[74.2818,14.6285],[74.2821,14.6285],[74.2821,14.629],[74.2824,14.629],[74.2824,14.6296],[74.2826,14.6296],[74.2826,14.6301],[74.2829,14.6301],[74.2829,14.6304],[74.2832,14.6304],[74.2832,14.6307],[74.2838,14.6307],[74.2838,14.631],[74.284,14.631],[74.284,14.634],[74.2843,14.634],[74.2843,14.636],[74.2846,14.636],[74.2846,14.6382],[74.2849,14.6382],[74.2849,14.6401],[74.2846,14.6401],[74.2846,14.6424],[74.2843,14.6424],[74.2843,14.6443],[74.284,14.6443],[74.284,14.6454],[74.2838,14.6454],[74.2838,14.646],[74.2835,14.646],[74.2835,14.6465],[74.2832,14.6465],[74.2832,14.6468],[74.2826,14.6468],[74.2826,14.6474],[74.2824,14.6474],[74.2824,14.6485],[74.2821,14.6485],[74.2821,14.649],[74.279,14.649],[74.279,14.6496],[74.2793,14.6496],[74.2793,14.6499],[74.2799,14.6499],[74.2799,14.6502],[74.2801,14.6502],[74.2801,14.6504],[74.2807,14.6504],[74.2807,14.6507],[74.281,14.6507],[74.281,14.651],[74.2812,14.651],[74.2812,14.6513],[74.2815,14.6513],[74.2815,14.6515],[74.2818,14.6515],[74.2818,14.6521],[74.2821,14.6521],[74.2821,14.6524],[74.2824,14.6524],[74.2824,14.6526],[74.2821,14.6526],[74.2821,14.6532],[74.2818,14.6532],[74.2818,14.6535],[74.2815,14.6535],[74.2815,14.654],[74.2812,14.654],[74.2812,14.6546],[74.281,14.6546],[74.281,14.6549],[74.2807,14.6549],[74.2807,14.6554],[74.2804,14.6554],[74.2804,14.6557],[74.2801,14.6557],[74.2801,14.656],[74.2799,14.656],[74.2799,14.6563],[74.2796,14.6563],[74.2796,14.6565],[74.279,14.6565],[74.279,14.6563],[74.2787,14.6563],[74.2787,14.6568],[74.2785,14.6568],[74.2785,14.6576],[74.2782,14.6576],[74.2782,14.6579],[74.2779,14.6579],[74.2779,14.6582],[74.2782,14.6582],[74.2782,14.6587],[74.2785,14.6587],[74.2785,14.6593],[74.2787,14.6593],[74.2787,14.6599],[74.279,14.6599],[74.279,14.6604],[74.2796,14.6604],[74.2796,14.6607],[74.2801,14.6607],[74.2801,14.661],[74.2812,14.661],[74.2812,14.6613],[74.2815,14.6613],[74.2815,14.6618],[74.2818,14.6618],[74.2818,14.6621],[74.2821,14.6621],[74.2821,14.6626],[74.2824,14.6626],[74.2824,14.6629],[74.2829,14.6629],[74.2829,14.6635],[74.2826,14.6635],[74.2826,14.6637],[74.281,14.6637],[74.281,14.6632],[74.2809,14.6632],[74.2807,14.6632],[74.2807,14.6629],[74.2804,14.6629],[74.2804,14.6626],[74.2801,14.6626],[74.2801,14.6621],[74.2799,14.6621],[74.2799,14.6618],[74.2796,14.6618],[74.2796,14.6615],[74.279,14.6615],[74.279,14.6613],[74.2785,14.6613],[74.2785,14.661],[74.2779,14.661],[74.2779,14.6607],[74.2774,14.6607],[74.2774,14.6604],[74.2771,14.6604],[74.2771,14.6601],[74.2765,14.6601],[74.2765,14.6599],[74.2763,14.6599],[74.2763,14.6601],[74.2757,14.6601],[74.2757,14.6604],[74.2754,14.6604],[74.2754,14.6607],[74.2757,14.6607],[74.2757,14.661],[74.2763,14.661],[74.2763,14.6613],[74.2765,14.6613],[74.2765,14.6615],[74.2768,14.6615],[74.2768,14.6618],[74.2785,14.6618],[74.2785,14.6621],[74.279,14.6621],[74.279,14.6626],[74.2787,14.6626],[74.2787,14.6637],[74.2785,14.6637],[74.2785,14.6643],[74.2782,14.6643],[74.2782,14.6649],[74.2779,14.6649],[74.2779,14.6654],[74.2776,14.6654],[74.2776,14.6657],[74.2771,14.6657],[74.2771,14.666],[74.2754,14.666],[74.2754,14.6663],[74.2757,14.6663],[74.2757,14.6668],[74.276,14.6668],[74.276,14.6671],[74.2763,14.6671],[74.2763,14.6674],[74.2765,14.6674],[74.2765,14.6676],[74.2768,14.6676],[74.2768,14.6679],[74.2771,14.6679],[74.2771,14.6685],[74.2774,14.6685],[74.2774,14.6688],[74.2776,14.6688],[74.2776,14.669],[74.2774,14.669],[74.2774,14.6696],[74.2765,14.6696],[74.2765,14.6699],[74.276,14.6699],[74.276,14.6701],[74.2763,14.6701],[74.2763,14.6707],[74.2765,14.6707],[74.2765,14.6713],[74.2768,14.6713],[74.2768,14.6718],[74.2771,14.6718],[74.2771,14.6724],[74.2774,14.6724],[74.2774,14.6726],[74.2776,14.6726],[74.2776,14.6724],[74.2779,14.6724],[74.2779,14.6721],[74.2782,14.6721],[74.2782,14.6718],[74.2787,14.6718],[74.2787,14.6715],[74.279,14.6715],[74.279,14.6713],[74.2793,14.6713],[74.2793,14.671],[74.2804,14.671],[74.2804,14.6713],[74.2807,14.6713],[74.2807,14.6718],[74.281,14.6718],[74.281,14.6721],[74.2812,14.6721],[74.2812,14.6726],[74.2815,14.6726],[74.2815,14.6732],[74.2818,14.6732],[74.2818,14.6779],[74.2815,14.6779],[74.2815,14.6785],[74.2812,14.6785],[74.2812,14.679],[74.281,14.679],[74.281,14.6796],[74.2807,14.6796],[74.2807,14.6801],[74.2804,14.6801],[74.2804,14.6807],[74.2801,14.6807],[74.2801,14.6812],[74.2799,14.6812],[74.2799,14.6821],[74.2796,14.6821],[74.2796,14.6826],[74.2793,14.6826],[74.2793,14.6832],[74.279,14.6832],[74.279,14.6838],[74.2787,14.6838],[74.2787,14.6843],[74.2785,14.6843],[74.2785,14.6849],[74.2782,14.6849],[74.2782,14.6854],[74.2779,14.6854],[74.2779,14.686],[74.2776,14.686],[74.2776,14.6865],[74.2774,14.6865],[74.2774,14.6868],[74.2771,14.6868],[74.2771,14.6874],[74.2768,14.6874],[74.2768,14.6879],[74.2765,14.6879],[74.2765,14.6882],[74.2763,14.6882],[74.2763,14.6888],[74.276,14.6888],[74.276,14.6893],[74.2757,14.6893],[74.2757,14.6899],[74.2754,14.6899],[74.2754,14.6904],[74.2751,14.6904],[74.2751,14.691],[74.2749,14.691],[74.2749,14.6915],[74.2746,14.6915],[74.2746,14.6924],[74.2743,14.6924],[74.2743,14.6929],[74.274,14.6929],[74.274,14.6935],[74.2738,14.6935],[74.2738,14.694],[74.2735,14.694],[74.2735,14.6946],[74.2732,14.6946],[74.2732,14.6949],[74.2729,14.6949],[74.2729,14.6951],[74.2726,14.6951],[74.2726,14.6954],[74.2724,14.6954],[74.2724,14.696],[74.2721,14.696],[74.2721,14.6964],[74.2721,14.6965],[74.2718,14.6965],[74.2718,14.6971],[74.2715,14.6971],[74.2715,14.6976],[74.2712,14.6976],[74.2712,14.6982],[74.271,14.6982],[74.271,14.6988],[74.2707,14.6988],[74.2707,14.6996],[74.2704,14.6996],[74.2704,14.7001],[74.2701,14.7001],[74.2701,14.7007],[74.2699,14.7007],[74.2699,14.7013],[74.2696,14.7013],[74.2696,14.7018],[74.2693,14.7018],[74.2693,14.7024],[74.269,14.7024],[74.269,14.7026],[74.2688,14.7026],[74.2688,14.7029],[74.2685,14.7029],[74.2685,14.7032],[74.2682,14.7032],[74.2682,14.7035],[74.2679,14.7035],[74.2679,14.7038],[74.2676,14.7038],[74.2676,14.704],[74.2674,14.704],[74.2674,14.7043],[74.2671,14.7043],[74.2671,14.7046],[74.2668,14.7046],[74.2668,14.7049],[74.2665,14.7049],[74.2665,14.7051],[74.2637,14.7051],[74.2637,14.7049],[74.2629,14.7049],[74.2629,14.7054],[74.2626,14.7054],[74.2626,14.7057],[74.2621,14.7057],[74.2621,14.706],[74.2618,14.706],[74.2618,14.7063],[74.2613,14.7063],[74.2613,14.7065],[74.261,14.7065],[74.261,14.7071],[74.2596,14.7071],[74.2596,14.7068],[74.2588,14.7068],[74.2588,14.7065],[74.2585,14.7065],[74.2585,14.7068],[74.2576,14.7068],[74.2576,14.7065],[74.2573,14.7065],[74.2573,14.7063],[74.2571,14.7063],[74.2571,14.706],[74.2568,14.706],[74.2568,14.7065],[74.2565,14.7065],[74.2565,14.7079],[74.2585,14.7079],[74.2585,14.7087],[74.2599,14.7087],[74.2599,14.709],[74.2604,14.709],[74.2604,14.7093],[74.2607,14.7093],[74.2607,14.7096],[74.261,14.7096],[74.261,14.7099],[74.2615,14.7099],[74.2615,14.7101],[74.2618,14.7101],[74.2618,14.7104],[74.2624,14.7104],[74.2624,14.7107],[74.2626,14.7107],[74.2626,14.711],[74.2632,14.711],[74.2632,14.7113],[74.2635,14.7113],[74.2635,14.7115],[74.264,14.7115],[74.264,14.7118],[74.2646,14.7118],[74.2646,14.7121],[74.266,14.7121],[74.266,14.7124],[74.2671,14.7124],[74.2671,14.7126],[74.2674,14.7126],[74.2674,14.7132],[74.2671,14.7132],[74.2671,14.7138],[74.2668,14.7138],[74.2668,14.7143],[74.2665,14.7143],[74.2665,14.7149],[74.2663,14.7149],[74.2663,14.7151],[74.266,14.7151],[74.266,14.7154],[74.2657,14.7154],[74.2657,14.7157],[74.2649,14.7157],[74.2649,14.7143],[74.2646,14.7143],[74.2646,14.714],[74.2637,14.714],[74.2637,14.7171],[74.2635,14.7171],[74.2635,14.7176],[74.2632,14.7176],[74.2632,14.7179],[74.2629,14.7179],[74.2629,14.7185],[74.2626,14.7185],[74.2626,14.7188],[74.2624,14.7188],[74.2624,14.7193],[74.2621,14.7193],[74.2621,14.7196],[74.2618,14.7196],[74.2618,14.7201],[74.2615,14.7201],[74.2615,14.7204],[74.2613,14.7204],[74.2613,14.721],[74.261,14.721],[74.261,14.7215],[74.2607,14.7215],[74.2607,14.7221],[74.2604,14.7221],[74.2604,14.7224],[74.2601,14.7224],[74.2601,14.7229],[74.2599,14.7229],[74.2599,14.7235],[74.2596,14.7235],[74.2596,14.724],[74.2593,14.724],[74.2593,14.7243],[74.259,14.7243],[74.259,14.7249],[74.2588,14.7249],[74.2588,14.7254],[74.2585,14.7254],[74.2585,14.726],[74.2582,14.726],[74.2582,14.7263],[74.2579,14.7263],[74.2579,14.7268],[74.2576,14.7268],[74.2576,14.7271],[74.2573,14.7271],[74.2573,14.7274],[74.2571,14.7274],[74.2571,14.7279],[74.2568,14.7279],[74.2568,14.7282],[74.2565,14.7282],[74.2565,14.7287],[74.2562,14.7287],[74.2562,14.729],[74.256,14.729],[74.256,14.7296],[74.2557,14.7296],[74.2557,14.7299],[74.2554,14.7299],[74.2554,14.7301],[74.2551,14.7301],[74.2551,14.7307],[74.2549,14.7307],[74.2549,14.731],[74.2546,14.731],[74.2546,14.7315],[74.2543,14.7315],[74.2543,14.7318],[74.254,14.7318],[74.254,14.7321],[74.2537,14.7321],[74.2537,14.7324],[74.2532,14.7324],[74.2532,14.7326],[74.2529,14.7326],[74.2529,14.7329],[74.2526,14.7329],[74.2526,14.7332],[74.2524,14.7332],[74.2524,14.7335],[74.2518,14.7335],[74.2518,14.7338],[74.2515,14.7338],[74.2515,14.734],[74.2513,14.734],[74.2513,14.7343],[74.251,14.7343],[74.251,14.7346],[74.2507,14.7346],[74.2507,14.7349],[74.2501,14.7349],[74.2501,14.7351],[74.2499,14.7351],[74.2499,14.7354],[74.2496,14.7354],[74.2496,14.7392],[74.2496,14.7396],[74.2491,14.7396],[74.249,14.7396],[74.249,14.7399],[74.2487,14.7399],[74.2487,14.7401],[74.2485,14.7401],[74.2482,14.7401],[74.2482,14.7403],[74.2482,14.7404],[74.2479,14.7404],[74.2479,14.7407],[74.2474,14.7407],[74.2474,14.741],[74.2471,14.741],[74.2471,14.7413],[74.2465,14.7413],[74.2465,14.7415],[74.2462,14.7415],[74.2462,14.7418],[74.2457,14.7418],[74.2457,14.7421],[74.2454,14.7421],[74.2454,14.7424],[74.2449,14.7424],[74.2449,14.7426],[74.2446,14.7426],[74.2446,14.7429],[74.2443,14.7429],[74.2443,14.7432],[74.2438,14.7432],[74.2438,14.7435],[74.2432,14.7435],[74.2432,14.7437],[74.2429,14.7437],[74.2429,14.744],[74.2424,14.744],[74.2424,14.7443],[74.2421,14.7443],[74.2421,14.7446],[74.2415,14.7446],[74.2415,14.7449],[74.2412,14.7449],[74.2412,14.7451],[74.2407,14.7451],[74.2407,14.7454],[74.2401,14.7454],[74.2401,14.7457],[74.2396,14.7457],[74.2396,14.746],[74.2393,14.746],[74.2393,14.7463],[74.2387,14.7462],[74.2387,14.7465],[74.2382,14.7465],[74.2382,14.7468],[74.2379,14.7468],[74.2379,14.7471],[74.2374,14.7471],[74.2374,14.7474],[74.236,14.7474],[74.236,14.7476],[74.2346,14.7476],[74.2346,14.7479],[74.2326,14.7479],[74.2326,14.7476],[74.2321,14.7476],[74.2321,14.7474],[74.2312,14.7474],[74.2312,14.7471],[74.2307,14.7471],[74.2307,14.7468],[74.2299,14.7468],[74.2299,14.7465],[74.2293,14.7465],[74.2293,14.7462],[74.2288,14.7463],[74.2288,14.746],[74.2282,14.746],[74.2282,14.7457],[74.2276,14.7457],[74.2276,14.7451],[74.2274,14.7451],[74.2274,14.7446],[74.2276,14.7446],[74.2276,14.7443],[74.2274,14.7443],[74.2274,14.744],[74.2276,14.744],[74.2276,14.7432],[74.2279,14.7432],[74.2279,14.7426],[74.2282,14.7426],[74.2282,14.7424],[74.2285,14.7424],[74.2285,14.7413],[74.229,14.7413],[74.229,14.741],[74.2288,14.741],[74.2288,14.7407],[74.229,14.7407],[74.229,14.7404],[74.2288,14.7404],[74.2288,14.7393],[74.2285,14.7393],[74.2285,14.7382],[74.2288,14.7382],[74.2288,14.7376],[74.2282,14.7376],[74.2282,14.7371],[74.2262,14.7371],[74.2262,14.7368],[74.2232,14.7368],[74.2232,14.7365],[74.2229,14.7365],[74.2229,14.736],[74.2226,14.736],[74.2226,14.7354],[74.2215,14.7354],[74.2215,14.7357],[74.2213,14.7357],[74.2213,14.736],[74.2207,14.736],[74.2207,14.7362],[74.2201,14.7362],[74.2201,14.7365],[74.2196,14.7365],[74.2196,14.7368],[74.2182,14.7368],[74.2182,14.7365],[74.2176,14.7365],[74.2176,14.7362],[74.2165,14.7362],[74.2165,14.736],[74.2162,14.736],[74.2162,14.7354],[74.2157,14.7354],[74.2157,14.7351],[74.2151,14.7351],[74.2151,14.7349],[74.2149,14.7349],[74.2149,14.7346],[74.2129,14.7346],[74.2129,14.7343],[74.2126,14.7343],[74.2126,14.734],[74.2124,14.734],[74.2124,14.7338],[74.2121,14.7338],[74.2121,14.7335],[74.2118,14.7335],[74.2118,14.7332],[74.2113,14.7332],[74.2113,14.7329],[74.211,14.7329],[74.211,14.7332],[74.2104,14.7332],[74.2104,14.7335],[74.2099,14.7335],[74.2099,14.7338],[74.2096,14.7338],[74.2096,14.734],[74.2093,14.734],[74.2093,14.7349],[74.209,14.7349],[74.209,14.7368],[74.2087,14.7368],[74.2087,14.7371],[74.2085,14.7371],[74.2085,14.7374],[74.2074,14.7374],[74.2074,14.7376],[74.2071,14.7376],[74.2071,14.7374],[74.2065,14.7374],[74.2065,14.7371],[74.206,14.7371],[74.206,14.7368],[74.2057,14.7368],[74.2057,14.7365],[74.2051,14.7365],[74.2051,14.736],[74.2049,14.736],[74.2049,14.7354],[74.2043,14.7354],[74.2043,14.7351],[74.204,14.7351],[74.204,14.7349],[74.2038,14.7349],[74.2038,14.7346],[74.2035,14.7346],[74.2035,14.7329],[74.2032,14.7329],[74.2032,14.7326],[74.2035,14.7326],[74.2035,14.7324],[74.2038,14.7324],[74.2038,14.7312],[74.204,14.7312],[74.204,14.731],[74.2046,14.731],[74.2046,14.7307],[74.2051,14.7307],[74.2051,14.7301],[74.2057,14.7301],[74.2057,14.7299],[74.206,14.7299],[74.206,14.7293],[74.2063,14.7293],[74.2063,14.7274],[74.2065,14.7274],[74.2065,14.7263],[74.2068,14.7263],[74.2068,14.7251],[74.2071,14.7251],[74.2071,14.7243],[74.2074,14.7243],[74.2074,14.7238],[74.2076,14.7238],[74.2076,14.7235],[74.2074,14.7235],[74.2074,14.7232],[74.2079,14.7232],[74.2079,14.7221],[74.2082,14.7221],[74.2082,14.7215],[74.2079,14.7215],[74.2079,14.7213],[74.2082,14.7213],[74.2082,14.721],[74.2085,14.721],[74.2085,14.7199],[74.2087,14.7199],[74.2087,14.7176],[74.2085,14.7176],[74.2085,14.7174],[74.2082,14.7174],[74.2082,14.7176],[74.2079,14.7176],[74.2079,14.7174],[74.2076,14.7174],[74.2076,14.7176],[74.2065,14.7176],[74.2065,14.7179],[74.2059,14.7179],[74.2049,14.7179],[74.2049,14.7182],[74.2046,14.7182],[74.2046,14.7185],[74.204,14.7185],[74.204,14.7188],[74.2035,14.7188],[74.2035,14.7193],[74.2032,14.7193],[74.2032,14.7196],[74.2026,14.7196],[74.2026,14.7199],[74.2021,14.7199],[74.2021,14.7201],[74.2015,14.7201],[74.2015,14.7204],[74.2012,14.7204],[74.2012,14.7207],[74.2007,14.7207],[74.2007,14.7213],[74.2001,14.7213],[74.2001,14.7218],[74.1999,14.7218],[74.1999,14.7221],[74.1996,14.7221],[74.1996,14.7224],[74.1993,14.7224],[74.1993,14.7226],[74.199,14.7226],[74.199,14.7232],[74.1985,14.7232],[74.1985,14.7235],[74.1982,14.7235],[74.1982,14.724],[74.1976,14.724],[74.1976,14.7243],[74.1974,14.7243],[74.1974,14.724],[74.1971,14.724],[74.1971,14.7243],[74.1965,14.7243],[74.1965,14.7246],[74.1954,14.7246],[74.1954,14.7249],[74.194,14.7249],[74.194,14.7251],[74.1937,14.7251],[74.1937,14.7254],[74.1932,14.7254],[74.1932,14.7257],[74.1924,14.7257],[74.1924,14.7274],[74.1926,14.7274],[74.1926,14.7279],[74.1929,14.7279],[74.1929,14.7282],[74.1932,14.7282],[74.1932,14.7285],[74.1935,14.7285],[74.1935,14.7287],[74.1937,14.7287],[74.1937,14.729],[74.194,14.729],[74.194,14.7296],[74.1943,14.7296],[74.1943,14.7299],[74.1946,14.7299],[74.1946,14.7301],[74.1943,14.7301],[74.1943,14.7307],[74.194,14.7307],[74.194,14.7312],[74.1937,14.7312],[74.1937,14.7315],[74.1935,14.7315],[74.1935,14.7319],[74.1935,14.7351],[74.1929,14.7351],[74.1929,14.7357],[74.1926,14.7357],[74.1926,14.7362],[74.1924,14.7362],[74.1924,14.7365],[74.1921,14.7365],[74.1921,14.7368],[74.1918,14.7368],[74.1918,14.7371],[74.1915,14.7371],[74.1915,14.7376],[74.1913,14.7376],[74.1913,14.7379],[74.191,14.7379],[74.191,14.7382],[74.1907,14.7382],[74.1907,14.7385],[74.1904,14.7385],[74.1904,14.7388],[74.1901,14.7388],[74.1901,14.739],[74.1899,14.739],[74.1899,14.7396],[74.1896,14.7396],[74.1896,14.7399],[74.1893,14.7399],[74.1893,14.7401],[74.189,14.7401],[74.189,14.7404],[74.1888,14.7404],[74.1888,14.741],[74.1885,14.741],[74.1885,14.7413],[74.1882,14.7413],[74.1882,14.7415],[74.1879,14.7415],[74.1879,14.7421],[74.1876,14.7421],[74.1876,14.7424],[74.1871,14.7424],[74.1871,14.7426],[74.1865,14.7426],[74.1865,14.7429],[74.1861,14.7429],[74.186,14.7429],[74.186,14.7432],[74.1858,14.7432],[74.1854,14.7432],[74.1854,14.7435],[74.1854,14.7437],[74.1851,14.7437],[74.1851,14.7446],[74.1849,14.7446],[74.1849,14.7449],[74.1846,14.7449],[74.1846,14.7451],[74.1843,14.7451],[74.1843,14.7454],[74.184,14.7454],[74.184,14.7457],[74.1837,14.7457],[74.1837,14.746],[74.1835,14.746],[74.1835,14.7463],[74.1832,14.7462],[74.1832,14.7465],[74.1829,14.7465],[74.1829,14.7468],[74.1826,14.7468],[74.1826,14.7471],[74.1824,14.7471],[74.1824,14.7474],[74.1821,14.7474],[74.1821,14.7476],[74.1818,14.7476],[74.1818,14.7479],[74.1815,14.7479],[74.1815,14.7482],[74.1813,14.7482],[74.1813,14.7485],[74.1807,14.7485],[74.1807,14.7488],[74.1804,14.7488],[74.1804,14.749],[74.1801,14.749],[74.1801,14.7493],[74.1796,14.7493],[74.1796,14.7496],[74.1793,14.7496],[74.1793,14.7499],[74.1762,14.7499],[74.1762,14.7496],[74.1757,14.7496],[74.1757,14.7501],[74.1754,14.7501],[74.1754,14.7504],[74.1751,14.7504],[74.1751,14.7507],[74.1749,14.7507],[74.1749,14.751],[74.1746,14.751],[74.1746,14.7513],[74.1732,14.7513],[74.1726,14.7513],[74.1726,14.751],[74.1718,14.751],[74.1718,14.7513],[74.1715,14.7513],[74.1715,14.7515],[74.171,14.7515],[74.171,14.7518],[74.1707,14.7518],[74.1707,14.7521],[74.1704,14.7521],[74.1704,14.7524],[74.1682,14.7524],[74.1682,14.7526],[74.1674,14.7526],[74.1674,14.7529],[74.1667,14.7529],[74.1637,14.7529],[74.1637,14.7532],[74.1635,14.7532],[74.1635,14.7537],[74.1637,14.7537],[74.1637,14.754],[74.164,14.754],[74.164,14.7543],[74.1643,14.7543],[74.1643,14.7546],[74.1646,14.7546],[74.1646,14.7549],[74.1649,14.7549],[74.1649,14.7557],[74.1651,14.7557],[74.1651,14.756],[74.1654,14.756],[74.1654,14.7568],[74.1651,14.7568],[74.1651,14.7571],[74.1654,14.7571],[74.1654,14.7593],[74.1651,14.7593],[74.1651,14.7601],[74.1649,14.7601],[74.1649,14.761],[74.1651,14.761],[74.1651,14.7615],[74.1654,14.7615],[74.1654,14.7621],[74.1657,14.7621],[74.1657,14.7626],[74.166,14.7626],[74.166,14.7629],[74.1663,14.7629],[74.1663,14.7632],[74.1671,14.7632],[74.1671,14.7635],[74.1674,14.7635],[74.1674,14.7629],[74.1679,14.7629],[74.1679,14.7632],[74.1682,14.7632],[74.1682,14.7635],[74.1685,14.7635],[74.1685,14.764],[74.1687,14.764],[74.1687,14.7643],[74.1685,14.7643],[74.1685,14.7646],[74.1682,14.7646],[74.1682,14.7649],[74.1679,14.7649],[74.1679,14.7651],[74.1676,14.7651],[74.1676,14.7654],[74.1674,14.7654],[74.1674,14.7657],[74.1671,14.7657],[74.1671,14.7662],[74.1668,14.7662],[74.1668,14.7665],[74.1663,14.7665],[74.1663,14.7662],[74.1657,14.7662],[74.1657,14.766],[74.1654,14.766],[74.1654,14.7657],[74.1651,14.7657],[74.1651,14.7646],[74.1649,14.7646],[74.1649,14.7632],[74.1646,14.7632],[74.1646,14.7629],[74.1643,14.7629],[74.1643,14.7624],[74.164,14.7624],[74.164,14.7618],[74.1637,14.7618],[74.1637,14.7601],[74.164,14.7601],[74.164,14.7596],[74.1637,14.7596],[74.1637,14.7574],[74.164,14.7574],[74.164,14.756],[74.1637,14.756],[74.1637,14.7554],[74.1635,14.7554],[74.1635,14.7549],[74.1632,14.7549],[74.1632,14.7546],[74.1626,14.7546],[74.1626,14.7549],[74.1599,14.7549],[74.1599,14.7546],[74.1596,14.7546],[74.1596,14.7543],[74.159,14.7543],[74.159,14.754],[74.1588,14.754],[74.1588,14.7529],[74.1585,14.7529],[74.1585,14.7521],[74.1601,14.7521],[74.1604,14.7521],[74.1604,14.7518],[74.1601,14.7518],[74.1601,14.7515],[74.1599,14.7515],[74.1599,14.7513],[74.1596,14.7513],[74.1596,14.751],[74.1593,14.751],[74.1593,14.7507],[74.159,14.7507],[74.159,14.7504],[74.1588,14.7504],[74.1588,14.749],[74.159,14.749],[74.159,14.7462],[74.1588,14.7463],[74.1588,14.7457],[74.1579,14.7457],[74.1579,14.7454],[74.1574,14.7454],[74.1574,14.7451],[74.1568,14.7451],[74.1568,14.7454],[74.156,14.7454],[74.156,14.7457],[74.1554,14.7457],[74.1554,14.746],[74.1532,14.746],[74.1532,14.7465],[74.1529,14.7465],[74.1529,14.7471],[74.1521,14.7471],[74.1521,14.7474],[74.1518,14.7474],[74.1518,14.7476],[74.1515,14.7476],[74.1515,14.7479],[74.151,14.7479],[74.151,14.7482],[74.1507,14.7482],[74.1507,14.7488],[74.151,14.7488],[74.151,14.7499],[74.1507,14.7499],[74.1507,14.7515],[74.151,14.7515],[74.151,14.7518],[74.1513,14.7518],[74.1513,14.7521],[74.151,14.7521],[74.151,14.7524],[74.1513,14.7524],[74.1513,14.7529],[74.1515,14.7529],[74.1515,14.7535],[74.1518,14.7535],[74.1518,14.7537],[74.1521,14.7537],[74.1521,14.7543],[74.1524,14.7543],[74.1524,14.7549],[74.1529,14.7549],[74.1529,14.7557],[74.1532,14.7557],[74.1532,14.756],[74.1535,14.756],[74.1535,14.7565],[74.154,14.7565],[74.154,14.7568],[74.1543,14.7568],[74.1543,14.7574],[74.1546,14.7574],[74.1546,14.7579],[74.1549,14.7579],[74.1549,14.7585],[74.156,14.7585],[74.156,14.7582],[74.1565,14.7582],[74.1565,14.7585],[74.1571,14.7585],[74.1571,14.7588],[74.1574,14.7587],[74.1574,14.7607],[74.1571,14.7607],[74.1571,14.7612],[74.1568,14.7612],[74.1568,14.7618],[74.1565,14.7618],[74.1565,14.7624],[74.1563,14.7624],[74.1563,14.7629],[74.156,14.7629],[74.156,14.7632],[74.1557,14.7632],[74.1557,14.7635],[74.1554,14.7635],[74.1554,14.7638],[74.1552,14.7638],[74.1552,14.764],[74.1549,14.764],[74.1549,14.7643],[74.1546,14.7643],[74.1546,14.7646],[74.1543,14.7646],[74.1543,14.7649],[74.154,14.7649],[74.154,14.7651],[74.1537,14.7651],[74.1537,14.7654],[74.1535,14.7654],[74.1535,14.7657],[74.1532,14.7657],[74.1532,14.766],[74.1529,14.766],[74.1529,14.7662],[74.1526,14.7662],[74.1526,14.7665],[74.1524,14.7665],[74.1524,14.7668],[74.1521,14.7668],[74.1521,14.7671],[74.1518,14.7671],[74.1518,14.7674],[74.1515,14.7674],[74.1515,14.7676],[74.1513,14.7676],[74.1513,14.7679],[74.151,14.7679],[74.151,14.7682],[74.1507,14.7682],[74.1507,14.7685],[74.1504,14.7685],[74.1504,14.769],[74.1501,14.769],[74.1501,14.7693],[74.1499,14.7693],[74.1499,14.7696],[74.1496,14.7696],[74.1496,14.7699],[74.1493,14.7699],[74.1493,14.7701],[74.149,14.7701],[74.149,14.7704],[74.1488,14.7704],[74.1488,14.7707],[74.1485,14.7707],[74.1485,14.771],[74.1482,14.771],[74.1482,14.7712],[74.1479,14.7712],[74.1479,14.7715],[74.1476,14.7715],[74.1476,14.7718],[74.1474,14.7718],[74.1474,14.7721],[74.1471,14.7721],[74.1471,14.7724],[74.1468,14.7724],[74.1468,14.7729],[74.1465,14.7729],[74.1465,14.7732],[74.1462,14.7732],[74.1462,14.7735],[74.1457,14.7735],[74.1457,14.7738],[74.1457,14.7743],[74.1454,14.7743],[74.1454,14.7749],[74.1451,14.7749],[74.1451,14.7751],[74.1449,14.7751],[74.1449,14.7754],[74.1446,14.7754],[74.1446,14.776],[74.144,14.776],[74.144,14.7768],[74.1438,14.7768],[74.1438,14.7771],[74.1432,14.7771],[74.1432,14.7774],[74.1429,14.7774],[74.1429,14.7779],[74.1424,14.7779],[74.1424,14.7782],[74.1418,14.7782],[74.1418,14.7785],[74.1415,14.7785],[74.1415,14.779],[74.141,14.779],[74.141,14.7793],[74.1404,14.7793],[74.1404,14.7796],[74.1402,14.7796],[74.1402,14.7801],[74.1396,14.7801],[74.1396,14.7804],[74.1387,14.7804],[74.1387,14.7807],[74.1385,14.7807],[74.1385,14.7804],[74.1379,14.7804],[74.1379,14.7801],[74.1376,14.7801],[74.1376,14.7799],[74.1374,14.7799],[74.1374,14.7796],[74.1371,14.7796],[74.1371,14.7793],[74.1368,14.7793],[74.1368,14.7788],[74.1365,14.7788],[74.1365,14.7785],[74.136,14.7785],[74.136,14.7782],[74.1357,14.7782],[74.1357,14.7779],[74.1354,14.7779],[74.1354,14.7776],[74.1346,14.7776],[74.1346,14.7779],[74.134,14.7779],[74.134,14.7785],[74.1338,14.7785],[74.1338,14.779],[74.1335,14.779],[74.1335,14.7796],[74.1332,14.7796],[74.1332,14.7799],[74.1326,14.7799],[74.1326,14.7801],[74.1324,14.7801],[74.1324,14.7804],[74.1282,14.7804],[74.1282,14.7801],[74.1276,14.7801],[74.1276,14.7796],[74.1274,14.7796],[74.1274,14.7793],[74.1271,14.7793],[74.1271,14.779],[74.1269,14.779],[74.1265,14.779],[74.1265,14.7785],[74.1263,14.7785],[74.1263,14.7779],[74.126,14.7779],[74.126,14.7776],[74.1257,14.7776],[74.1257,14.7768],[74.1254,14.7768],[74.1254,14.7765],[74.1257,14.7765],[74.1257,14.7763],[74.1254,14.7763],[74.1254,14.776],[74.1257,14.776],[74.1257,14.7749],[74.1254,14.7749],[74.1254,14.7746],[74.1218,14.7746],[74.1218,14.7743],[74.1215,14.7743],[74.1215,14.7746],[74.1201,14.7746],[74.1201,14.7749],[74.119,14.7749],[74.119,14.7754],[74.1188,14.7754],[74.1188,14.7757],[74.119,14.7757],[74.119,14.776],[74.1188,14.776],[74.1188,14.7763],[74.119,14.7763],[74.119,14.7765],[74.1188,14.7765],[74.1188,14.7779],[74.119,14.7779],[74.119,14.7782],[74.1196,14.7782],[74.1196,14.7785],[74.1201,14.7785],[74.1201,14.779],[74.1204,14.779],[74.1204,14.7796],[74.121,14.7796],[74.121,14.7801],[74.1212,14.7801],[74.1212,14.7807],[74.1215,14.7807],[74.1215,14.7815],[74.1212,14.7816],[74.1212,14.7818],[74.121,14.7818],[74.121,14.7824],[74.1207,14.7823],[74.1207,14.7829],[74.1204,14.7829],[74.1204,14.7835],[74.1201,14.7835],[74.1201,14.7838],[74.1199,14.7838],[74.1199,14.7843],[74.1196,14.7843],[74.1196,14.7849],[74.1193,14.7849],[74.1193,14.7854],[74.119,14.7854],[74.119,14.786],[74.1188,14.786],[74.1188,14.7863],[74.1185,14.7863],[74.1185,14.7865],[74.1182,14.7865],[74.1182,14.7868],[74.1176,14.7868],[74.1176,14.7871],[74.1174,14.7871],[74.1174,14.7874],[74.1171,14.7874],[74.1171,14.7876],[74.1168,14.7876],[74.1168,14.7879],[74.1165,14.7879],[74.1165,14.7882],[74.116,14.7882],[74.116,14.7879],[74.115,14.7879],[74.1146,14.7879],[74.1146,14.7876],[74.114,14.7876],[74.114,14.7871],[74.1137,14.7871],[74.1137,14.7865],[74.1132,14.7865],[74.1132,14.7863],[74.1129,14.7863],[74.1129,14.786],[74.1124,14.786],[74.1124,14.7857],[74.1121,14.7857],[74.1121,14.7849],[74.111,14.7849],[74.111,14.7846],[74.1101,14.7846],[74.1101,14.7849],[74.1098,14.7849],[74.1098,14.7851],[74.1096,14.7851],[74.1096,14.7871],[74.1099,14.7871],[74.1099,14.7882],[74.1101,14.7882],[74.1101,14.789],[74.1104,14.789],[74.1104,14.7899],[74.1101,14.7899],[74.1101,14.7904],[74.1099,14.7904],[74.1099,14.7907],[74.1096,14.7907],[74.1096,14.791],[74.1093,14.791],[74.1093,14.7914],[74.1093,14.7918],[74.109,14.7918],[74.109,14.7932],[74.1085,14.7932],[74.1085,14.7935],[74.1074,14.7935],[74.1074,14.7932],[74.1065,14.7932],[74.1065,14.7929],[74.106,14.7929],[74.106,14.7926],[74.1055,14.7926],[74.1049,14.7926],[74.1049,14.7924],[74.1035,14.7924],[74.1035,14.7926],[74.1032,14.7926],[74.1032,14.7924],[74.1029,14.7924],[74.1029,14.7926],[74.1021,14.7926],[74.1021,14.7929],[74.1018,14.7929],[74.1018,14.7935],[74.1021,14.7935],[74.1021,14.7938],[74.1029,14.7938],[74.1029,14.794],[74.1026,14.794],[74.1026,14.7942],[74.1026,14.7946],[74.1024,14.7946],[74.1024,14.7951],[74.1021,14.7951],[74.1021,14.7954],[74.1018,14.7954],[74.1018,14.7957],[74.1015,14.7957],[74.1015,14.796],[74.1012,14.796],[74.1012,14.7963],[74.101,14.7963],[74.101,14.7965],[74.1007,14.7965],[74.1007,14.7974],[74.1004,14.7974],[74.1004,14.7976],[74.1001,14.7976],[74.1001,14.7982],[74.0999,14.7982],[74.0999,14.7985],[74.0996,14.7985],[74.0996,14.7982],[74.0993,14.7982],[74.0993,14.7985],[74.0987,14.7985],[74.0987,14.7988],[74.0971,14.7988],[74.0971,14.7985],[74.0965,14.7985],[74.0965,14.7988],[74.0954,14.7988],[74.0954,14.7993],[74.0951,14.7993],[74.0951,14.7999],[74.0949,14.7999],[74.0949,14.8001],[74.0946,14.8001],[74.0946,14.8004],[74.0943,14.8004],[74.0943,14.801],[74.094,14.801],[74.094,14.8013],[74.0938,14.8013],[74.0938,14.8015],[74.0935,14.8015],[74.0935,14.8024],[74.0932,14.8024],[74.0932,14.8026],[74.0929,14.8026],[74.0929,14.8032],[74.0926,14.8032],[74.0926,14.804],[74.0929,14.804],[74.0929,14.8051],[74.0932,14.8051],[74.0932,14.8054],[74.0935,14.8054],[74.0935,14.806],[74.094,14.806],[74.094,14.8063],[74.0946,14.8062],[74.0946,14.8065],[74.0963,14.8065],[74.0963,14.8068],[74.0968,14.8068],[74.0968,14.8065],[74.0976,14.8065],[74.0976,14.8068],[74.0999,14.8068],[74.0999,14.8071],[74.1001,14.8071],[74.1001,14.8068],[74.1004,14.8068],[74.1004,14.8071],[74.1015,14.8071],[74.1015,14.8074],[74.1021,14.8074],[74.1021,14.8071],[74.1024,14.8071],[74.1024,14.8068],[74.1026,14.8068],[74.1026,14.8065],[74.1029,14.8065],[74.1029,14.806],[74.1035,14.806],[74.1035,14.8057],[74.1043,14.8057],[74.1043,14.8054],[74.1046,14.8054],[74.1046,14.8057],[74.1051,14.8057],[74.1051,14.806],[74.1054,14.806],[74.1054,14.8063],[74.1062,14.8063],[74.1062,14.8068],[74.1079,14.8068],[74.1079,14.8071],[74.1085,14.8071],[74.1085,14.8065],[74.1093,14.8065],[74.1093,14.8062],[74.1098,14.8063],[74.1098,14.806],[74.1104,14.806],[74.1104,14.8057],[74.1107,14.8057],[74.1107,14.8054],[74.1121,14.8054],[74.1121,14.806],[74.1124,14.806],[74.1124,14.8074],[74.1126,14.8074],[74.1126,14.8076],[74.1132,14.8076],[74.1132,14.8065],[74.1135,14.8065],[74.1135,14.8051],[74.114,14.8051],[74.114,14.8046],[74.1143,14.8046],[74.1143,14.8043],[74.1146,14.8043],[74.1146,14.8021],[74.114,14.8021],[74.114,14.8013],[74.1137,14.8013],[74.1137,14.801],[74.1135,14.801],[74.1135,14.8007],[74.1132,14.8007],[74.1132,14.8004],[74.1129,14.8004],[74.1129,14.8001],[74.1126,14.8001],[74.1126,14.7999],[74.1126,14.7996],[74.1124,14.7996],[74.1124,14.7993],[74.1121,14.7993],[74.1121,14.799],[74.1115,14.799],[74.1115,14.7988],[74.1113,14.7988],[74.1113,14.7985],[74.111,14.7985],[74.111,14.7982],[74.1113,14.7982],[74.1113,14.7976],[74.1115,14.7976],[74.1115,14.7971],[74.1118,14.7971],[74.1118,14.7968],[74.1135,14.7968],[74.1135,14.7979],[74.1129,14.7979],[74.1129,14.7985],[74.1132,14.7985],[74.1132,14.799],[74.1135,14.799],[74.1135,14.7993],[74.1137,14.7993],[74.1137,14.7996],[74.114,14.7996],[74.114,14.7999],[74.1143,14.7999],[74.1143,14.8001],[74.1146,14.8001],[74.1146,14.8004],[74.1149,14.8004],[74.1149,14.8007],[74.1151,14.8007],[74.1151,14.801],[74.1154,14.801],[74.1154,14.8013],[74.1157,14.8013],[74.1157,14.8015],[74.116,14.8015],[74.116,14.8021],[74.1162,14.8021],[74.1162,14.8024],[74.1174,14.8024],[74.1174,14.8021],[74.1176,14.8021],[74.1176,14.8018],[74.1185,14.8018],[74.1185,14.8015],[74.1201,14.8015],[74.1201,14.8018],[74.1204,14.8018],[74.1204,14.8021],[74.121,14.8021],[74.121,14.8024],[74.1212,14.8024],[74.1212,14.8026],[74.1215,14.8026],[74.1215,14.8032],[74.1218,14.8032],[74.1218,14.8038],[74.1221,14.8038],[74.1221,14.8043],[74.1224,14.8043],[74.1224,14.8046],[74.1226,14.8046],[74.1226,14.8049],[74.1235,14.8049],[74.1235,14.8054],[74.1237,14.8054],[74.1237,14.8057],[74.124,14.8057],[74.124,14.8063],[74.1243,14.8062],[74.1243,14.8065],[74.1246,14.8065],[74.1246,14.8076],[74.1243,14.8076],[74.1243,14.8079],[74.1246,14.8079],[74.1246,14.8082],[74.1243,14.8082],[74.1243,14.8093],[74.1246,14.8093],[74.1246,14.8099],[74.1249,14.8099],[74.1249,14.811],[74.1254,14.811],[74.1254,14.8118],[74.1257,14.8118],[74.1257,14.8137],[74.126,14.8137],[74.126,14.816],[74.1263,14.816],[74.1263,14.8199],[74.126,14.8199],[74.126,14.8246],[74.1257,14.8246],[74.1257,14.8251],[74.1254,14.8251],[74.1254,14.8257],[74.1251,14.8257],[74.1251,14.8263],[74.1254,14.8263],[74.1254,14.8268],[74.1257,14.8268],[74.1257,14.8274],[74.1254,14.8274],[74.1254,14.8282],[74.1251,14.8282],[74.1251,14.8293],[74.1248,14.8293],[74.1248,14.8318],[74.1246,14.8318],[74.1246,14.8374],[74.1254,14.8374],[74.1254,14.8375],[74.1254,14.8376],[74.1257,14.8376],[74.1257,14.8379],[74.126,14.8379],[74.126,14.8382],[74.1263,14.8382],[74.1263,14.8385],[74.1265,14.8385],[74.1265,14.839],[74.1268,14.839],[74.1268,14.8393],[74.1271,14.8393],[74.1271,14.8396],[74.1274,14.8396],[74.1274,14.8399],[74.1279,14.8399],[74.1279,14.8401],[74.1296,14.8401],[74.1296,14.8399],[74.1304,14.8399],[74.1304,14.8402],[74.1304,14.8424],[74.1307,14.8424],[74.1307,14.8444],[74.1307,14.8446],[74.1309,14.8446],[74.131,14.8462],[74.1282,14.8462],[74.1282,14.8465],[74.1279,14.8465],[74.1279,14.8468],[74.1276,14.8468],[74.1276,14.8471],[74.1257,14.8471],[74.1257,14.8474],[74.1246,14.8474],[74.1246,14.8476],[74.1243,14.8476],[74.1243,14.8479],[74.1237,14.8479],[74.1237,14.8482],[74.1235,14.8482],[74.1235,14.8485],[74.1229,14.8485],[74.1229,14.8488],[74.1226,14.8488],[74.1226,14.849],[74.1224,14.849],[74.1224,14.8493],[74.1218,14.8493],[74.1218,14.8496],[74.1212,14.8496],[74.1212,14.8499],[74.121,14.8499],[74.121,14.8501],[74.1199,14.8501],[74.1199,14.8504],[74.1193,14.8504],[74.1193,14.8507],[74.1188,14.8507],[74.1188,14.851],[74.1182,14.851],[74.1182,14.8512],[74.1176,14.8512],[74.1176,14.8515],[74.1172,14.8515],[74.1171,14.8515],[74.1171,14.8518],[74.1165,14.8518],[74.1165,14.8521],[74.116,14.8521],[74.116,14.8524],[74.1154,14.8524],[74.1154,14.8526],[74.1149,14.8526],[74.1149,14.8529],[74.1146,14.8529],[74.1146,14.8532],[74.114,14.8532],[74.114,14.8529],[74.1143,14.8529],[74.1143,14.8526],[74.114,14.8526],[74.114,14.8524],[74.1143,14.8524],[74.1143,14.8521],[74.1146,14.8521],[74.1146,14.8518],[74.1149,14.8518],[74.1149,14.8515],[74.1154,14.8515],[74.1154,14.8512],[74.1157,14.8512],[74.1157,14.851],[74.116,14.851],[74.116,14.8507],[74.1162,14.8507],[74.1162,14.8504],[74.1168,14.8504],[74.1168,14.8501],[74.1171,14.8501],[74.1171,14.8499],[74.1176,14.8499],[74.1176,14.8498],[74.1176,14.8496],[74.1179,14.8496],[74.1179,14.8493],[74.1185,14.8493],[74.1185,14.849],[74.1188,14.849],[74.1188,14.8488],[74.119,14.8488],[74.119,14.8485],[74.1196,14.8485],[74.1196,14.8482],[74.1201,14.8482],[74.1201,14.8479],[74.1207,14.8479],[74.1207,14.8476],[74.1218,14.8476],[74.1218,14.8474],[74.1224,14.8474],[74.1224,14.8471],[74.1232,14.8471],[74.1232,14.8468],[74.1237,14.8468],[74.1237,14.8465],[74.1243,14.8465],[74.1243,14.8462],[74.1248,14.8462],[74.1248,14.846],[74.1246,14.846],[74.1246,14.8451],[74.124,14.8451],[74.124,14.8449],[74.1229,14.8449],[74.1229,14.8446],[74.1226,14.8446],[74.1226,14.8443],[74.1221,14.8443],[74.1221,14.844],[74.1204,14.844],[74.1204,14.8438],[74.1192,14.8438],[74.1168,14.8438],[74.1168,14.844],[74.1162,14.844],[74.1162,14.8443],[74.1154,14.8443],[74.1154,14.8446],[74.1149,14.8446],[74.1149,14.8449],[74.114,14.8449],[74.114,14.8451],[74.1135,14.8451],[74.1135,14.8454],[74.1132,14.8454],[74.1132,14.8457],[74.1129,14.8457],[74.1129,14.846],[74.1126,14.846],[74.1126,14.8465],[74.1124,14.8465],[74.1124,14.8468],[74.1121,14.8468],[74.1121,14.8476],[74.1118,14.8476],[74.1118,14.8488],[74.1115,14.8488],[74.1115,14.8518],[74.1118,14.8518],[74.1118,14.856],[74.1115,14.856],[74.1115,14.8588],[74.1113,14.8588],[74.1113,14.8596],[74.111,14.8596],[74.111,14.8604],[74.1107,14.8604],[74.1107,14.8613],[74.1104,14.8613],[74.1104,14.8618],[74.1101,14.8618],[74.1101,14.8626],[74.1099,14.8626],[74.1099,14.8635],[74.1096,14.8635],[74.1096,14.864],[74.1093,14.864],[74.1093,14.8646],[74.109,14.8646],[74.109,14.8651],[74.1087,14.8651],[74.1087,14.8657],[74.1085,14.8657],[74.1085,14.8665],[74.1082,14.8665],[74.1082,14.8674],[74.1079,14.8674],[74.1079,14.8682],[74.1076,14.8682],[74.1076,14.869],[74.1074,14.869],[74.1074,14.8699],[74.1071,14.8699],[74.1071,14.8707],[74.1068,14.8707],[74.1068,14.8713],[74.1065,14.8713],[74.1065,14.8715],[74.1062,14.8715],[74.1062,14.8718],[74.106,14.8718],[74.106,14.8724],[74.1057,14.8724],[74.1057,14.8726],[74.1054,14.8726],[74.1054,14.8729],[74.1051,14.8729],[74.1051,14.8732],[74.1049,14.8732],[74.1049,14.8735],[74.1046,14.8735],[74.1046,14.874],[74.1043,14.874],[74.1043,14.8743],[74.104,14.8743],[74.104,14.8754],[74.1038,14.8754],[74.1038,14.8768],[74.1035,14.8768],[74.1035,14.8771],[74.1032,14.8771],[74.1032,14.8774],[74.1029,14.8774],[74.1029,14.8776],[74.1026,14.8776],[74.1026,14.8779],[74.1024,14.8779],[74.1024,14.8782],[74.1021,14.8782],[74.1021,14.8785],[74.1018,14.8785],[74.1018,14.8787],[74.1015,14.8787],[74.1015,14.879],[74.1012,14.879],[74.1012,14.8793],[74.1007,14.8793],[74.1007,14.8796],[74.1004,14.8796],[74.1004,14.8799],[74.1001,14.8799],[74.1001,14.8801],[74.0996,14.8801],[74.0996,14.8804],[74.0993,14.8804],[74.0993,14.8813],[74.0996,14.8813],[74.0996,14.8824],[74.0999,14.8824],[74.0999,14.8832],[74.1001,14.8832],[74.1001,14.8871],[74.1004,14.8871],[74.1004,14.891],[74.1001,14.891],[74.1001,14.8915],[74.0999,14.8915],[74.0999,14.8919],[74.0999,14.8921],[74.0996,14.8921],[74.0996,14.8926],[74.0993,14.8926],[74.0993,14.8932],[74.099,14.8932],[74.099,14.8937],[74.0987,14.8937],[74.0987,14.8943],[74.0985,14.8943],[74.0985,14.8949],[74.0979,14.8949],[74.0979,14.8951],[74.0976,14.8951],[74.0976,14.8954],[74.0974,14.8954],[74.0974,14.8957],[74.1033,14.9015],[74.1042,14.9038],[74.1131,14.9112],[74.1173,14.9096],[74.1227,14.9126],[74.1265,14.9132],[74.132,14.9127],[74.1334,14.9159],[74.1362,14.9197],[74.1394,14.9205],[74.1457,14.9174],[74.1492,14.9185],[74.1539,14.9173],[74.1634,14.9133],[74.1698,14.9093],[74.1754,14.9089],[74.1774,14.9132],[74.1752,14.9162],[74.1738,14.9179],[74.166,14.9368],[74.1661,14.9394],[74.1697,14.9422],[74.1699,14.9473],[74.1722,14.951],[74.1804,14.953],[74.1866,14.9534],[74.1903,14.9517],[74.1925,14.945],[74.1974,14.9433],[74.2042,14.9379],[74.2041,14.9321],[74.2031,14.9274],[74.2118,14.9214],[74.2193,14.9314],[74.2247,14.9413],[74.2417,14.9465],[74.2439,14.9575],[74.2464,14.9587],[74.251,14.9608],[74.2566,14.9584],[74.2621,14.9576],[74.2643,14.9632],[74.2666,14.9668],[74.2701,14.9666],[74.271,14.9715],[74.2739,14.9752],[74.271,14.9804],[74.2617,14.9908],[74.2664,14.993],[74.2707,14.9949],[74.2716,14.9977],[74.2713,14.9977],[74.271,14.9988],[74.2729,15.0015],[74.2718,15.0025],[74.2764,15.0096],[74.2819,15.0156],[74.2898,15.0216],[74.2894,15.0266],[74.2891,15.0301],[74.2931,15.0337],[74.3023,15.0399],[74.3012,15.0441],[74.295,15.0543],[74.2953,15.0627],[74.289,15.0658],[74.2872,15.0694],[74.2838,15.094],[74.2783,15.0959],[74.2811,15.1018],[74.2857,15.1037],[74.2882,15.1056],[74.2906,15.1166],[74.2931,15.12],[74.2914,15.1233],[74.2897,15.13],[74.2912,15.1354],[74.2896,15.1431],[74.2926,15.1477],[74.2978,15.1463],[74.3014,15.1499],[74.3109,15.162],[74.3181,15.1753],[74.3219,15.1841],[74.317,15.1911],[74.3158,15.1963],[74.3156,15.2032],[74.3145,15.2056],[74.3116,15.2071],[74.3107,15.209],[74.3101,15.2134],[74.3067,15.219],[74.3067,15.2232],[74.3021,15.2281],[74.2943,15.232],[74.2787,15.2372],[74.2708,15.2385],[74.2635,15.2419],[74.2617,15.2437],[74.2593,15.25],[74.2575,15.2576],[74.2679,15.2584],[74.2702,15.2609],[74.2728,15.2678],[74.2766,15.2744],[74.283,15.2813],[74.2891,15.2791],[74.2955,15.2831],[74.3,15.2823],[74.3023,15.2859],[74.3098,15.2832],[74.3184,15.2819],[74.3341,15.2829],[74.3417,15.2929],[74.3404,15.2968],[74.328,15.3133],[74.3233,15.3296],[74.3284,15.3434],[74.326,15.3472],[74.3226,15.3573],[74.3236,15.362],[74.3286,15.3655],[74.3284,15.3673],[74.3128,15.3749],[74.3057,15.3805],[74.29,15.3812],[74.2862,15.3826],[74.2826,15.3886],[74.2845,15.4015],[74.2814,15.409],[74.2774,15.4149],[74.2756,15.4239],[74.2827,15.4333],[74.28,15.4359],[74.283,15.4375],[74.2825,15.4431],[74.2799,15.4508],[74.2726,15.4652],[74.2563,15.4895],[74.2572,15.4968],[74.2608,15.5008],[74.2681,15.5059],[74.2819,15.513],[74.2838,15.5195],[74.2916,15.5228],[74.3276,15.5152]]]]}}]}